EmployeeID_Code,Age,AgeGroup,Attrition,BusinessTravel,DailyRate,Department,DistanceFromHome (km),Education (Years),EducationField,EmployeeCount,EmployeeNumber,EnvironmentSatisfaction,Gender,HourlyRate,JobInvolvement,JobLevel,JobRole,JobSatisfaction,MaritalStatus,MonthlyIncome,SalarySlab,MonthlyRate,NumCompaniesWorked,Over18,OverTime,PercentSalaryHike,Salary Hike,PerformanceRating,RelationshipSatisfaction,StandardHours,Segment,PredictedAttritionRisk
RM172,19.0,18-25,Yes,Travel Frequently,602.0,Sales,1.0,1.0,Technical Degree,1.0,-1,3.0,Female,100.0,1.0,1.0,Sales Representative,1.0,Single,2325.0,Upto 5k,20989.0,0.0,Y,No,21.0,0.21,4.0,1.0,80,0,0.726665576177952
RM975,27.0,26-35,No,Travel Frequently,793.0,Sales,2.0,1.0,Life Science,1.0,1371,4.0,Male,43.0,1.0,2.0,Sales Executive,4.0,Single,5071.0,5k-10k,20392.0,3.0,Y,No,20.0,0.2,4.0,2.0,80,0,0.1757775190802521
RM1403,31.0,26-35,No,Travel Rarely,1276.0,Research & Development,2.0,1.0,Medical,1.0,1974,4.0,Female,59.0,1.0,1.0,Laboratory Technician,4.0,Divorced,1129.0,Upto 5k,17536.0,1.0,Y,Yes,11.0,0.11,3.0,3.0,80,3,0.47254453311972794
RM750,52.0,46-55,Yes,Travel Rarely,266.0,Sales,2.0,1.0,Marketing,1.0,1038,1.0,Female,57.0,1.0,5.0,Manager,4.0,Married,19845.0,15k+,25846.0,1.0,Y,No,15.0,0.15,3.0,4.0,80,2,0.1539449063562241
RM747,41.0,36-45,No,Non Travel,247.0,Research & Development,7.0,1.0,Life Science,1.0,1035,2.0,Female,55.0,1.0,5.0,Research Director,3.0,Divorced,19973.0,15k+,20284.0,1.0,Y,No,22.0,0.22,4.0,2.0,80,2,0.04114900282268042
RM735,22.0,18-25,No,Travel Rarely,217.0,Research & Development,8.0,1.0,Life Science,1.0,1019,2.0,Male,94.0,1.0,1.0,Laboratory Technician,1.0,Married,2451.0,Upto 5k,6881.0,1.0,Y,No,15.0,0.15,3.0,1.0,80,3,0.27603493924752326
RM1091,29.0,26-35,No,Travel Rarely,441.0,Research & Development,8.0,1.0,Other,1.0,1544,3.0,Female,39.0,1.0,2.0,Healthcare Representative,1.0,Married,9715.0,5k-10k,7288.0,3.0,Y,No,13.0,0.13,3.0,3.0,80,3,0.13855944374325316
RM437,33.0,26-35,Yes,Travel Rarely,587.0,Research & Development,10.0,1.0,Medical,1.0,584,1.0,Male,38.0,1.0,1.0,Laboratory Technician,4.0,Divorced,3408.0,Upto 5k,6705.0,7.0,Y,No,13.0,0.13,3.0,1.0,80,1,0.6498165975111598
RM860,29.0,26-35,No,Travel Rarely,942.0,Research & Development,15.0,1.0,Life Science,1.0,1202,2.0,Female,69.0,1.0,1.0,Research Scientist,4.0,Married,2168.0,Upto 5k,26933.0,0.0,Y,Yes,18.0,0.18,3.0,1.0,80,0,0.2948270739485968
RM027,32.0,26-35,Yes,Travel Frequently,1125.0,Research & Development,16.0,1.0,Life Science,1.0,33,2.0,Female,72.0,1.0,1.0,Research Scientist,1.0,Single,3919.0,Upto 5k,4681.0,1.0,Y,Yes,22.0,0.22,4.0,2.0,80,0,0.540918663784485
RM1223,24.0,18-25,Yes,Travel Rarely,240.0,Human Resources,22.0,1.0,Human Resources,1.0,1714,4.0,Male,58.0,1.0,1.0,Human Resources,3.0,Married,1555.0,Upto 5k,11585.0,1.0,Y,No,11.0,0.11,3.0,3.0,80,3,0.32474735422822804
RM912,25.0,18-25,Yes,Travel Frequently,599.0,Sales,24.0,1.0,Life Science,1.0,1273,3.0,Male,73.0,1.0,1.0,Sales Representative,4.0,Single,1118.0,Upto 5k,8040.0,1.0,Y,Yes,14.0,0.14,3.0,4.0,80,3,0.814098445071505
RM1074,28.0,26-35,No,Travel Rarely,1083.0,Research & Development,29.0,1.0,Life Science,1.0,1514,3.0,Male,96.0,1.0,2.0,Manufacturing Director,2.0,Married,6549.0,5k-10k,3173.0,1.0,Y,No,14.0,0.14,3.0,2.0,80,3,0.11937885568843301
RM1325,29.0,26-35,No,Travel Rarely,726.0,Research & Development,29.0,1.0,Life Science,1.0,1859,4.0,Male,93.0,1.0,2.0,Healthcare Representative,3.0,Divorced,6384.0,5k-10k,21143.0,8.0,Y,No,17.0,0.17,3.0,4.0,80,1,0.15819562540789245
RM572,26.0,26-35,No,Travel Frequently,575.0,Research & Development,1.0,2.0,Life Science,1.0,792,1.0,Female,71.0,1.0,1.0,Laboratory Technician,4.0,Divorced,4364.0,Upto 5k,5288.0,3.0,Y,No,14.0,0.14,3.0,1.0,80,3,0.33828022004688796
RM541,28.0,26-35,Yes,Travel Rarely,654.0,Research & Development,1.0,2.0,Life Science,1.0,741,1.0,Female,67.0,1.0,1.0,Research Scientist,2.0,Single,2216.0,Upto 5k,3872.0,7.0,Y,Yes,13.0,0.13,3.0,4.0,80,1,0.8176465625521167
RM1238,32.0,26-35,Yes,Travel Rarely,964.0,Sales,1.0,2.0,Life Science,1.0,1734,1.0,Male,34.0,1.0,2.0,Sales Executive,2.0,Single,6735.0,5k-10k,12147.0,6.0,Y,No,15.0,0.15,3.0,2.0,80,1,0.593020433363881
RM336,40.0,36-45,No,Travel Rarely,1124.0,Sales,1.0,2.0,Medical,1.0,453,2.0,Male,57.0,1.0,2.0,Sales Executive,4.0,Married,7457.0,5k-10k,13273.0,2.0,Y,Yes,22.0,0.22,4.0,3.0,80,0,0.16497690278533025
RM565,45.0,36-45,No,Travel Rarely,954.0,Sales,2.0,2.0,Technical Degree,1.0,783,2.0,Male,46.0,1.0,2.0,Sales Representative,3.0,Single,6632.0,5k-10k,12388.0,0.0,Y,No,13.0,0.13,3.0,1.0,80,3,0.18960976493466672
RM956,55.0,46-55,No,Travel Rarely,282.0,Research & Development,2.0,2.0,Medical,1.0,1336,4.0,Female,58.0,1.0,5.0,Manager,3.0,Married,19187.0,15k+,6992.0,4.0,Y,No,14.0,0.14,3.0,4.0,80,2,0.08146308540985196
RM1271,34.0,26-35,No,Travel Rarely,511.0,Sales,3.0,2.0,Life Science,1.0,1779,4.0,Female,32.0,1.0,2.0,Sales Executive,4.0,Single,6029.0,5k-10k,25353.0,5.0,Y,No,12.0,0.12,3.0,1.0,80,1,0.20125358971284432
RM416,34.0,26-35,Yes,Travel Frequently,296.0,Sales,6.0,2.0,Marketing,1.0,555,4.0,Female,33.0,1.0,1.0,Sales Representative,3.0,Divorced,2351.0,Upto 5k,12253.0,0.0,Y,No,16.0,0.16,3.0,4.0,80,3,0.20694192132982173
RM145,32.0,26-35,No,Travel Frequently,689.0,Sales,9.0,2.0,Medical,1.0,195,4.0,Male,35.0,1.0,2.0,Sales Executive,4.0,Divorced,4668.0,Upto 5k,22812.0,0.0,Y,No,17.0,0.17,3.0,4.0,80,0,0.16982621646568746
RM952,41.0,36-45,No,Non Travel,256.0,Sales,10.0,2.0,Medical,1.0,1329,3.0,Male,40.0,1.0,2.0,Sales Executive,2.0,Single,6151.0,5k-10k,22074.0,1.0,Y,No,13.0,0.13,3.0,1.0,80,3,0.289172091078075
RM745,37.0,36-45,Yes,Travel Rarely,1141.0,Research & Development,11.0,2.0,Medical,1.0,1033,1.0,Female,61.0,1.0,2.0,Healthcare Representative,2.0,Married,4777.0,Upto 5k,14382.0,5.0,Y,No,15.0,0.15,3.0,1.0,80,1,0.5830248298768104
RM1168,35.0,26-35,Yes,Travel Rarely,763.0,Sales,15.0,2.0,Medical,1.0,1645,1.0,Male,59.0,1.0,2.0,Sales Executive,4.0,Divorced,5440.0,5k-10k,22098.0,6.0,Y,Yes,14.0,0.14,3.0,4.0,80,1,0.37511979010237156
RM749,26.0,26-35,Yes,Non Travel,265.0,Sales,29.0,2.0,Medical,1.0,1037,2.0,Male,79.0,1.0,2.0,Sales Executive,1.0,Single,4969.0,Upto 5k,21813.0,8.0,Y,No,18.0,0.18,3.0,4.0,80,1,0.7345101763183451
RM945,28.0,26-35,No,Non Travel,1476.0,Research & Development,1.0,3.0,Life Science,1.0,1315,3.0,Female,55.0,1.0,2.0,Laboratory Technician,4.0,Married,6674.0,5k-10k,16392.0,0.0,Y,No,11.0,0.11,3.0,1.0,80,3,0.11478852121958953
RM582,30.0,26-35,No,Travel Rarely,921.0,Research & Development,1.0,3.0,Life Science,1.0,806,4.0,Male,38.0,1.0,1.0,Laboratory Technician,3.0,Married,3833.0,Upto 5k,24375.0,3.0,Y,No,21.0,0.21,4.0,3.0,80,0,0.1864341170242053
RM1390,31.0,26-35,No,Travel Frequently,1125.0,Research & Development,1.0,3.0,Life Science,1.0,1956,4.0,Male,48.0,1.0,2.0,Research Scientist,1.0,Married,5003.0,5k-10k,5771.0,1.0,Y,No,21.0,0.21,4.0,2.0,80,0,0.15735933783911749
RM883,36.0,36-45,No,Travel Rarely,363.0,Research & Development,1.0,3.0,Technical Degree,1.0,1237,3.0,Female,77.0,1.0,3.0,Manufacturing Director,1.0,Divorced,10252.0,10k-15k,4235.0,2.0,Y,Yes,21.0,0.21,4.0,3.0,80,0,0.10343360944046588
RM411,30.0,26-35,No,Travel Rarely,317.0,Research & Development,2.0,3.0,Life Science,1.0,548,3.0,Female,43.0,1.0,2.0,Manufacturing Director,4.0,Single,6091.0,5k-10k,24793.0,2.0,Y,No,20.0,0.2,4.0,3.0,80,0,0.14211909768529882
RM914,45.0,36-45,Yes,Travel Rarely,1449.0,Sales,2.0,3.0,Marketing,1.0,1277,1.0,Female,94.0,1.0,5.0,Manager,2.0,Single,18824.0,15k+,2493.0,2.0,Y,Yes,16.0,0.16,3.0,1.0,80,2,0.668989445568931
RM264,46.0,46-55,No,Travel Rarely,488.0,Sales,2.0,3.0,Technical Degree,1.0,363,3.0,Female,75.0,1.0,4.0,Manager,2.0,Married,16872.0,15k+,14977.0,3.0,Y,Yes,12.0,0.12,3.0,2.0,80,2,0.17844650799835363
RM300,51.0,46-55,No,Travel Rarely,1302.0,Research & Development,2.0,3.0,Medical,1.0,408,4.0,Male,84.0,1.0,2.0,Manufacturing Director,2.0,Divorced,5482.0,5k-10k,16321.0,5.0,Y,No,18.0,0.18,3.0,4.0,80,1,0.16372352555597794
RM1049,34.0,26-35,No,Travel Rarely,1326.0,Sales,3.0,3.0,Other,1.0,1478,4.0,Male,81.0,1.0,2.0,Sales Executive,1.0,Single,4759.0,Upto 5k,15891.0,3.0,Y,No,18.0,0.18,3.0,4.0,80,0,0.17647027457217662
RM899,43.0,36-45,No,Travel Rarely,920.0,Research & Development,3.0,3.0,Life Science,1.0,1255,3.0,Male,96.0,1.0,5.0,Research Director,4.0,Married,19740.0,15k+,18625.0,3.0,Y,No,14.0,0.14,3.0,2.0,80,2,0.0562785974398192
RM1229,41.0,36-45,No,Non Travel,552.0,Human Resources,4.0,3.0,Human Resources,1.0,1722,3.0,Male,60.0,1.0,2.0,Human Resources,2.0,Married,6430.0,5k-10k,20794.0,6.0,Y,No,19.0,0.19,3.0,2.0,80,1,0.10060633678369027
RM1244,45.0,36-45,No,Travel Rarely,176.0,Human Resources,4.0,3.0,Life Science,1.0,1744,3.0,Female,56.0,1.0,3.0,Human Resources,3.0,Married,9756.0,5k-10k,6595.0,4.0,Y,No,21.0,0.21,4.0,3.0,80,0,0.09934593699136363
RM084,38.0,36-45,No,Non Travel,573.0,Research & Development,6.0,3.0,Medical,1.0,107,2.0,Female,79.0,1.0,2.0,Research Scientist,4.0,Divorced,5329.0,5k-10k,15717.0,7.0,Y,Yes,12.0,0.12,3.0,4.0,80,1,0.20957275251197816
RM112,34.0,26-35,Yes,Travel Frequently,658.0,Research & Development,7.0,3.0,Life Science,1.0,147,1.0,Male,66.0,1.0,2.0,Laboratory Technician,3.0,Single,6074.0,5k-10k,22887.0,1.0,Y,Yes,24.0,0.24,4.0,4.0,80,0,0.3336862327608863
RM086,56.0,55+,No,Travel Rarely,1400.0,Research & Development,7.0,3.0,Life Science,1.0,112,4.0,Male,49.0,1.0,3.0,Manufacturing Director,4.0,Single,7260.0,5k-10k,21698.0,4.0,Y,No,11.0,0.11,3.0,1.0,80,2,0.12084728875791642
RM1250,29.0,26-35,Yes,Travel Rarely,428.0,Sales,9.0,3.0,Marketing,1.0,1752,2.0,Female,52.0,1.0,1.0,Sales Representative,2.0,Single,2760.0,Upto 5k,14630.0,1.0,Y,No,13.0,0.13,3.0,3.0,80,3,0.8076000662970567
RM850,43.0,36-45,Yes,Travel Rarely,1372.0,Sales,9.0,3.0,Marketing,1.0,1188,1.0,Female,85.0,1.0,2.0,Sales Executive,3.0,Single,5346.0,5k-10k,9489.0,8.0,Y,No,13.0,0.13,3.0,2.0,80,1,0.6254918317060758
RM1224,47.0,46-55,Yes,Travel Frequently,1093.0,Sales,9.0,3.0,Life Science,1.0,1716,3.0,Male,82.0,1.0,4.0,Sales Executive,3.0,Married,12936.0,10k-15k,24164.0,7.0,Y,No,11.0,0.11,3.0,3.0,80,2,0.5818928098847073
RM1431,38.0,36-45,No,Travel Rarely,201.0,Research & Development,10.0,3.0,Medical,1.0,2015,2.0,Female,99.0,1.0,3.0,Research Director,3.0,Married,13206.0,10k-15k,3376.0,3.0,Y,No,12.0,0.12,3.0,1.0,80,2,0.14441276300075764
RM863,44.0,36-45,No,Non Travel,111.0,Research & Development,17.0,3.0,Life Science,1.0,1206,4.0,Male,74.0,1.0,1.0,Research Scientist,3.0,Single,2290.0,Upto 5k,4279.0,2.0,Y,No,13.0,0.13,3.0,4.0,80,3,0.13180026737580705
RM1262,38.0,36-45,No,Travel Rarely,833.0,Research & Development,18.0,3.0,Medical,1.0,1766,2.0,Male,60.0,1.0,2.0,Healthcare Representative,4.0,Married,5811.0,5k-10k,24539.0,3.0,Y,Yes,16.0,0.16,3.0,3.0,80,0,0.21117109529330572
RM1242,32.0,26-35,No,Travel Rarely,371.0,Sales,19.0,3.0,Life Science,1.0,1739,4.0,Male,80.0,1.0,3.0,Sales Executive,3.0,Married,9610.0,5k-10k,3840.0,3.0,Y,No,13.0,0.13,3.0,3.0,80,3,0.24837919483537765
RM133,31.0,26-35,Yes,Travel Rarely,542.0,Sales,20.0,3.0,Life Science,1.0,175,2.0,Female,71.0,1.0,2.0,Sales Executive,3.0,Married,4559.0,Upto 5k,24788.0,3.0,Y,Yes,11.0,0.11,3.0,3.0,80,3,0.7024638922577914
RM1035,45.0,36-45,No,Travel Rarely,1038.0,Research & Development,20.0,3.0,Medical,1.0,1460,2.0,Male,95.0,1.0,3.0,Healthcare Representative,1.0,Divorced,10851.0,10k-15k,19863.0,2.0,Y,Yes,18.0,0.18,3.0,2.0,80,2,0.17060928480105592
RM431,35.0,26-35,No,Travel Rarely,144.0,Research & Development,22.0,3.0,Life Science,1.0,577,4.0,Male,46.0,1.0,1.0,Laboratory Technician,3.0,Single,4230.0,Upto 5k,19225.0,0.0,Y,No,15.0,0.15,3.0,3.0,80,3,0.18657897036704918
RM121,30.0,26-35,No,Travel Frequently,1312.0,Research & Development,23.0,3.0,Life Science,1.0,159,1.0,Male,96.0,1.0,1.0,Research Scientist,3.0,Divorced,2613.0,Upto 5k,22310.0,1.0,Y,No,25.0,0.25,4.0,3.0,80,0,0.3470273718581439
RM464,26.0,26-35,Yes,Travel Rarely,471.0,Research & Development,24.0,3.0,Technical Degree,1.0,622,3.0,Male,66.0,1.0,1.0,Laboratory Technician,4.0,Single,2340.0,Upto 5k,23213.0,1.0,Y,Yes,18.0,0.18,3.0,2.0,80,0,0.8533135846676067
RM544,44.0,36-45,No,Non Travel,381.0,Research & Development,24.0,3.0,Medical,1.0,744,1.0,Male,49.0,1.0,1.0,Laboratory Technician,3.0,Single,3708.0,Upto 5k,2104.0,2.0,Y,No,14.0,0.14,3.0,3.0,80,3,0.2069533456976198
RM043,26.0,26-35,Yes,Travel Rarely,1357.0,Research & Development,25.0,3.0,Life Science,1.0,55,1.0,Male,48.0,1.0,1.0,Laboratory Technician,3.0,Single,2293.0,Upto 5k,10558.0,1.0,Y,No,12.0,0.12,3.0,3.0,80,3,0.5982641555412368
RM1152,28.0,26-35,No,Travel Rarely,580.0,Research & Development,27.0,3.0,Medical,1.0,1622,2.0,Female,39.0,1.0,2.0,Manufacturing Director,1.0,Divorced,4877.0,Upto 5k,20460.0,0.0,Y,No,21.0,0.21,4.0,2.0,80,0,0.25085362797482297
RM459,40.0,36-45,No,Non Travel,1094.0,Sales,28.0,3.0,Other,1.0,615,3.0,Male,58.0,1.0,3.0,Sales Executive,1.0,Divorced,10932.0,10k-15k,11373.0,3.0,Y,No,15.0,0.15,3.0,3.0,80,2,0.18962210002397126
RM825,42.0,36-45,No,Travel Rarely,188.0,Research & Development,29.0,3.0,Medical,1.0,1148,2.0,Male,56.0,1.0,2.0,Laboratory Technician,4.0,Single,4272.0,Upto 5k,9558.0,4.0,Y,No,19.0,0.19,3.0,1.0,80,0,0.18012076425310844
RM520,29.0,26-35,No,Travel Frequently,806.0,Research & Development,1.0,4.0,Life Science,1.0,710,2.0,Male,76.0,1.0,1.0,Research Scientist,4.0,Divorced,2720.0,Upto 5k,18959.0,1.0,Y,No,18.0,0.18,3.0,4.0,80,0,0.2140606582209005
RM1013,31.0,26-35,Yes,Travel Frequently,667.0,Sales,1.0,4.0,Life Science,1.0,1427,2.0,Female,50.0,1.0,1.0,Sales Representative,3.0,Single,1359.0,Upto 5k,16154.0,1.0,Y,No,12.0,0.12,3.0,2.0,80,3,0.766234312456786
RM225,31.0,26-35,No,Non Travel,979.0,Research & Development,1.0,4.0,Medical,1.0,308,3.0,Male,90.0,1.0,2.0,Manufacturing Director,3.0,Married,4345.0,Upto 5k,4381.0,0.0,Y,No,12.0,0.12,3.0,4.0,80,3,0.13096849197998567
RM1459,35.0,26-35,No,Travel Rarely,287.0,Research & Development,1.0,4.0,Life Science,1.0,2052,3.0,Female,62.0,1.0,1.0,Research Scientist,4.0,Married,2977.0,Upto 5k,8952.0,1.0,Y,No,12.0,0.12,3.0,4.0,80,3,0.12336376346916732
RM1212,37.0,36-45,No,Travel Frequently,1278.0,Sales,1.0,4.0,Medical,1.0,1700,3.0,Male,31.0,1.0,2.0,Sales Executive,4.0,Divorced,9525.0,5k-10k,7677.0,1.0,Y,No,14.0,0.14,3.0,3.0,80,3,0.08157687204616616
RM309,58.0,55+,No,Non Travel,390.0,Research & Development,1.0,4.0,Life Science,1.0,422,4.0,Male,32.0,1.0,2.0,Healthcare Representative,3.0,Divorced,5660.0,5k-10k,17056.0,2.0,Y,Yes,13.0,0.13,3.0,4.0,80,2,0.08925546524889237
RM1210,60.0,55+,No,Travel Rarely,370.0,Research & Development,1.0,4.0,Medical,1.0,1697,3.0,Male,92.0,1.0,3.0,Healthcare Representative,4.0,Divorced,10883.0,10k-15k,20467.0,3.0,Y,No,20.0,0.2,4.0,3.0,80,2,0.09893461350350523
RM324,28.0,26-35,Yes,Travel Rarely,1157.0,Research & Development,2.0,4.0,Medical,1.0,440,1.0,Male,84.0,1.0,1.0,Research Scientist,4.0,Married,3464.0,Upto 5k,24737.0,5.0,Y,Yes,13.0,0.13,3.0,4.0,80,3,0.4423811192015904
RM1309,38.0,36-45,No,Travel Rarely,723.0,Sales,2.0,4.0,Marketing,1.0,1835,2.0,Female,77.0,1.0,2.0,Sales Representative,4.0,Married,5405.0,5k-10k,4244.0,2.0,Y,Yes,20.0,0.2,4.0,1.0,80,0,0.2592295335228435
RM668,41.0,36-45,Yes,Travel Rarely,1085.0,Research & Development,2.0,4.0,Life Science,1.0,927,2.0,Female,57.0,1.0,1.0,Laboratory Technician,4.0,Divorced,2778.0,Upto 5k,17725.0,4.0,Y,Yes,13.0,0.13,3.0,3.0,80,3,0.688967686466938
RM211,32.0,26-35,Yes,Travel Rarely,1045.0,Sales,4.0,4.0,Medical,1.0,291,4.0,Male,32.0,1.0,3.0,Sales Executive,4.0,Married,10400.0,10k-15k,25812.0,1.0,Y,No,11.0,0.11,3.0,3.0,80,3,0.17409263427427715
RM125,31.0,26-35,Yes,Travel Rarely,249.0,Sales,6.0,4.0,Life Science,1.0,163,2.0,Male,76.0,1.0,2.0,Sales Executive,3.0,Married,6172.0,5k-10k,20739.0,4.0,Y,Yes,18.0,0.18,3.0,2.0,80,0,0.39851395337809015
RM509,35.0,26-35,No,Travel Rarely,1017.0,Research & Development,6.0,4.0,Life Science,1.0,691,2.0,Male,82.0,1.0,2.0,Research Scientist,4.0,Single,6646.0,5k-10k,19368.0,1.0,Y,No,13.0,0.13,3.0,2.0,80,3,0.11578907276743516
RM874,36.0,36-45,No,Travel Rarely,917.0,Research & Development,6.0,4.0,Life Science,1.0,1221,3.0,Male,60.0,1.0,1.0,Laboratory Technician,3.0,Divorced,2741.0,Upto 5k,6865.0,1.0,Y,No,14.0,0.14,3.0,3.0,80,3,0.2229813703425808
RM337,29.0,26-35,Yes,Travel Rarely,318.0,Research & Development,8.0,4.0,Other,1.0,454,2.0,Male,77.0,1.0,1.0,Laboratory Technician,1.0,Married,2119.0,Upto 5k,4759.0,1.0,Y,Yes,11.0,0.11,3.0,4.0,80,3,0.7714847108069325
RM137,51.0,46-55,Yes,Travel Frequently,1150.0,Research & Development,8.0,4.0,Life Science,1.0,179,1.0,Male,53.0,1.0,3.0,Manufacturing Director,4.0,Single,10650.0,10k-15k,25150.0,2.0,Y,No,15.0,0.15,3.0,4.0,80,2,0.5288829914829555
RM1448,36.0,36-45,No,Non Travel,301.0,Sales,15.0,4.0,Marketing,1.0,2036,4.0,Male,88.0,1.0,2.0,Sales Executive,4.0,Divorced,5406.0,5k-10k,10436.0,1.0,Y,No,24.0,0.24,4.0,1.0,80,0,0.1471184916573195
RM1354,34.0,26-35,Yes,Non Travel,967.0,Research & Development,16.0,4.0,Technical Degree,1.0,1905,4.0,Male,85.0,1.0,1.0,Research Scientist,1.0,Married,2307.0,Upto 5k,14460.0,1.0,Y,Yes,23.0,0.23,4.0,2.0,80,0,0.8033589235769449
RM1225,26.0,26-35,No,Travel Rarely,390.0,Research & Development,17.0,4.0,Medical,1.0,1718,4.0,Male,62.0,1.0,1.0,Laboratory Technician,3.0,Married,2305.0,Upto 5k,6217.0,1.0,Y,No,15.0,0.15,3.0,3.0,80,3,0.2739669599823438
RM1367,39.0,36-45,No,Non Travel,1251.0,Sales,21.0,4.0,Life Science,1.0,1929,1.0,Female,32.0,1.0,2.0,Sales Executive,3.0,Married,5736.0,5k-10k,3987.0,6.0,Y,No,19.0,0.19,3.0,3.0,80,0,0.15455364138964098
RM1303,35.0,26-35,No,Travel Rarely,185.0,Research & Development,23.0,4.0,Medical,1.0,1826,2.0,Male,91.0,1.0,1.0,Laboratory Technician,3.0,Married,2705.0,Upto 5k,9696.0,0.0,Y,No,16.0,0.16,3.0,2.0,80,3,0.22106849864495265
RM1143,45.0,36-45,No,Travel Rarely,1015.0,Research & Development,5.0,5.0,Medical,1.0,1611,3.0,Female,50.0,1.0,2.0,Laboratory Technician,1.0,Single,5769.0,5k-10k,23447.0,1.0,Y,Yes,14.0,0.14,3.0,1.0,80,3,0.1877742712066797
RM787,27.0,26-35,No,Non Travel,1277.0,Research & Development,8.0,5.0,Life Science,1.0,1094,1.0,Male,87.0,1.0,1.0,Laboratory Technician,3.0,Married,4621.0,Upto 5k,5869.0,1.0,Y,No,19.0,0.19,3.0,4.0,80,0,0.2320141903863818
RM1087,50.0,46-55,No,Travel Frequently,333.0,Research & Development,22.0,5.0,Medical,1.0,1539,3.0,Male,88.0,1.0,4.0,Research Director,4.0,Single,14411.0,10k-15k,24450.0,1.0,Y,Yes,13.0,0.13,3.0,4.0,80,2,0.14129461813212796
RM358,21.0,18-25,Yes,Travel Frequently,756.0,Sales,1.0,1.0,Technical Degree,1.0,478,1.0,Female,99.0,2.0,1.0,Sales Representative,2.0,Single,2174.0,Upto 5k,9150.0,1.0,Y,Yes,11.0,0.11,3.0,3.0,80,3,0.5598224256781961
RM816,21.0,18-25,No,Travel Rarely,984.0,Research & Development,1.0,1.0,Technical Degree,1.0,1131,4.0,Female,70.0,2.0,1.0,Research Scientist,2.0,Single,2070.0,Upto 5k,25326.0,1.0,Y,Yes,11.0,0.11,3.0,3.0,80,3,0.36849682977379566
RM770,26.0,26-35,No,Travel Frequently,921.0,Research & Development,1.0,1.0,Medical,1.0,1068,1.0,Female,66.0,2.0,1.0,Research Scientist,3.0,Divorced,2007.0,Upto 5k,25265.0,1.0,Y,No,13.0,0.13,3.0,3.0,80,3,0.2731923269700472
RM201,27.0,26-35,No,Travel Frequently,472.0,Research & Development,1.0,1.0,Technical Degree,1.0,274,3.0,Male,60.0,2.0,2.0,Manufacturing Director,1.0,Married,4298.0,Upto 5k,9679.0,5.0,Y,No,19.0,0.19,3.0,3.0,80,1,0.17031873680872883
RM081,30.0,26-35,No,Travel Rarely,852.0,Research & Development,1.0,1.0,Life Science,1.0,104,4.0,Male,55.0,2.0,2.0,Laboratory Technician,4.0,Married,5126.0,5k-10k,15998.0,1.0,Y,Yes,12.0,0.12,3.0,3.0,80,3,0.1461320379081272
RM212,30.0,26-35,No,Non Travel,829.0,Research & Development,1.0,1.0,Life Science,1.0,292,3.0,Male,88.0,2.0,3.0,Manufacturing Director,3.0,Single,8474.0,5k-10k,20925.0,1.0,Y,No,22.0,0.22,4.0,3.0,80,0,0.10462972209430801
RM739,39.0,36-45,No,Travel Rarely,466.0,Research & Development,1.0,1.0,Life Science,1.0,1026,4.0,Female,65.0,2.0,4.0,Manufacturing Director,4.0,Married,12742.0,10k-15k,7060.0,1.0,Y,No,16.0,0.16,3.0,3.0,80,2,0.05553485166928091
RM1222,45.0,36-45,No,Non Travel,1238.0,Research & Development,1.0,1.0,Life Science,1.0,1712,3.0,Male,74.0,2.0,3.0,Healthcare Representative,3.0,Married,10748.0,10k-15k,3395.0,3.0,Y,No,23.0,0.23,4.0,4.0,80,0,0.034329877184164206
RM071,59.0,55+,No,Travel Frequently,1225.0,Sales,1.0,1.0,Life Science,1.0,91,1.0,Female,57.0,2.0,2.0,Sales Executive,3.0,Single,5473.0,5k-10k,24668.0,7.0,Y,No,11.0,0.11,3.0,4.0,80,1,0.24960209770150418
RM999,26.0,26-35,No,Travel Rarely,683.0,Research & Development,2.0,1.0,Medical,1.0,1407,1.0,Male,36.0,2.0,1.0,Research Scientist,4.0,Single,3904.0,Upto 5k,4050.0,0.0,Y,No,12.0,0.12,3.0,4.0,80,3,0.14803135318817162
RM820,28.0,26-35,No,Travel Rarely,1451.0,Research & Development,2.0,1.0,Life Science,1.0,1136,1.0,Male,67.0,2.0,1.0,Research Scientist,2.0,Married,3201.0,Upto 5k,19911.0,0.0,Y,No,17.0,0.17,3.0,1.0,80,3,0.33622418409266464
RM147,30.0,26-35,No,Travel Rarely,1427.0,Research & Development,2.0,1.0,Medical,1.0,198,2.0,Male,35.0,2.0,1.0,Laboratory Technician,4.0,Single,2720.0,Upto 5k,11162.0,0.0,Y,No,13.0,0.13,3.0,4.0,80,3,0.20115448718216677
RM263,32.0,26-35,No,Travel Rarely,128.0,Research & Development,2.0,1.0,Technical Degree,1.0,362,4.0,Male,84.0,2.0,2.0,Laboratory Technician,1.0,Single,2176.0,Upto 5k,19737.0,4.0,Y,No,13.0,0.13,3.0,4.0,80,1,0.189036891387803
RM189,34.0,26-35,No,Travel Frequently,1069.0,Research & Development,2.0,1.0,Life Science,1.0,256,4.0,Male,45.0,2.0,2.0,Manufacturing Director,3.0,Married,9547.0,5k-10k,14074.0,1.0,Y,No,17.0,0.17,3.0,3.0,80,0,0.06965563542252495
RM1348,36.0,36-45,No,Travel Frequently,1213.0,Human Resources,2.0,1.0,Human Resources,1.0,1890,2.0,Male,94.0,2.0,2.0,Human Resources,4.0,Single,3886.0,Upto 5k,4223.0,1.0,Y,No,21.0,0.21,4.0,4.0,80,0,0.10697893454594788
RM554,40.0,36-45,No,Travel Rarely,804.0,Research & Development,2.0,1.0,Medical,1.0,763,4.0,Female,86.0,2.0,1.0,Research Scientist,4.0,Single,2342.0,Upto 5k,22929.0,0.0,Y,Yes,20.0,0.2,4.0,4.0,80,0,0.2789060484130332
RM775,55.0,46-55,No,Non Travel,444.0,Research & Development,2.0,1.0,Medical,1.0,1074,3.0,Male,40.0,2.0,4.0,Manager,1.0,Single,16756.0,15k+,17323.0,7.0,Y,No,15.0,0.15,3.0,2.0,80,2,0.0626985695535014
RM661,58.0,55+,Yes,Travel Frequently,781.0,Research & Development,2.0,1.0,Life Science,1.0,918,4.0,Male,57.0,2.0,1.0,Laboratory Technician,4.0,Divorced,2380.0,Upto 5k,13384.0,9.0,Y,Yes,14.0,0.14,3.0,4.0,80,1,0.7534038219225595
RM1360,34.0,26-35,No,Travel Rarely,735.0,Sales,3.0,1.0,Medical,1.0,1915,4.0,Female,75.0,2.0,2.0,Sales Executive,4.0,Married,8103.0,5k-10k,16495.0,3.0,Y,Yes,12.0,0.12,3.0,3.0,80,3,0.20111840707880005
RM694,36.0,36-45,Yes,Travel Rarely,530.0,Sales,3.0,1.0,Life Science,1.0,967,3.0,Male,51.0,2.0,3.0,Sales Executive,4.0,Married,10325.0,10k-15k,5518.0,1.0,Y,Yes,11.0,0.11,3.0,1.0,80,3,0.5818553067856332
RM444,22.0,18-25,Yes,Travel Frequently,1368.0,Research & Development,4.0,1.0,Technical Degree,1.0,593,3.0,Male,99.0,2.0,1.0,Laboratory Technician,3.0,Single,3894.0,Upto 5k,9129.0,5.0,Y,No,16.0,0.16,3.0,3.0,80,3,0.6548416664500318
RM641,24.0,18-25,No,Non Travel,1269.0,Research & Development,4.0,1.0,Life Science,1.0,888,1.0,Male,46.0,2.0,1.0,Laboratory Technician,4.0,Married,3162.0,Upto 5k,10778.0,0.0,Y,No,17.0,0.17,3.0,4.0,80,0,0.13449039875504984
RM639,25.0,18-25,No,Travel Rarely,583.0,Sales,4.0,1.0,Marketing,1.0,885,3.0,Male,87.0,2.0,2.0,Sales Executive,1.0,Married,4256.0,Upto 5k,18154.0,1.0,Y,No,12.0,0.12,3.0,1.0,80,3,0.22705819591796322
RM611,27.0,26-35,No,Travel Rarely,269.0,Research & Development,5.0,1.0,Technical Degree,1.0,844,3.0,Male,42.0,2.0,3.0,Research Director,4.0,Divorced,12808.0,10k-15k,8842.0,1.0,Y,Yes,16.0,0.16,3.0,2.0,80,3,0.09538551113474399
RM1330,29.0,26-35,No,Travel Rarely,352.0,Human Resources,6.0,1.0,Medical,1.0,1865,4.0,Male,87.0,2.0,1.0,Human Resources,2.0,Married,2804.0,Upto 5k,15434.0,1.0,Y,No,11.0,0.11,3.0,4.0,80,3,0.24838833452527245
RM1467,39.0,36-45,No,Travel Rarely,613.0,Research & Development,6.0,1.0,Medical,1.0,2062,4.0,Male,42.0,2.0,3.0,Healthcare Representative,1.0,Married,9991.0,5k-10k,21457.0,4.0,Y,No,15.0,0.15,3.0,1.0,80,1,0.15421811246005968
RM1182,49.0,46-55,No,Travel Rarely,465.0,Research & Development,6.0,1.0,Life Science,1.0,1661,3.0,Female,41.0,2.0,4.0,Healthcare Representative,3.0,Married,13966.0,10k-15k,11652.0,2.0,Y,Yes,19.0,0.19,3.0,2.0,80,2,0.06149759147569301
RM109,25.0,18-25,No,Travel Rarely,1280.0,Research & Development,7.0,1.0,Medical,1.0,143,4.0,Male,64.0,2.0,1.0,Research Scientist,4.0,Married,2889.0,Upto 5k,26897.0,1.0,Y,No,11.0,0.11,3.0,3.0,80,3,0.13797431874709776
RM658,29.0,26-35,No,Travel Rarely,1086.0,Research & Development,7.0,1.0,Medical,1.0,912,1.0,Female,62.0,2.0,1.0,Laboratory Technician,4.0,Divorced,2532.0,Upto 5k,6054.0,6.0,Y,No,14.0,0.14,3.0,3.0,80,1,0.28625378371414284
RM1202,23.0,18-25,Yes,Travel Rarely,1320.0,Research & Development,8.0,1.0,Medical,1.0,1684,4.0,Male,93.0,2.0,1.0,Laboratory Technician,3.0,Single,3989.0,Upto 5k,20586.0,1.0,Y,Yes,11.0,0.11,3.0,1.0,80,3,0.7160936726443797
RM826,29.0,26-35,No,Travel Rarely,718.0,Research & Development,8.0,1.0,Medical,1.0,1150,2.0,Male,79.0,2.0,2.0,Manufacturing Director,4.0,Married,5056.0,5k-10k,17689.0,1.0,Y,Yes,15.0,0.15,3.0,3.0,80,3,0.18527920752655458
RM755,33.0,26-35,No,Non Travel,1038.0,Sales,8.0,1.0,Life Science,1.0,1044,2.0,Female,88.0,2.0,1.0,Sales Representative,4.0,Single,2342.0,Upto 5k,21437.0,0.0,Y,No,19.0,0.19,3.0,4.0,80,0,0.17702693901498076
RM1041,40.0,36-45,No,Non Travel,218.0,Research & Development,8.0,1.0,Medical,1.0,1468,4.0,Male,55.0,2.0,3.0,Research Director,2.0,Divorced,13757.0,10k-15k,25178.0,2.0,Y,No,11.0,0.11,3.0,3.0,80,2,0.04564235955262202
RM002,49.0,46-55,No,Travel Frequently,279.0,Research & Development,8.0,1.0,Life Science,1.0,2,3.0,Male,61.0,2.0,2.0,Research Scientist,2.0,Married,5130.0,5k-10k,24907.0,1.0,Y,No,23.0,0.23,4.0,4.0,80,0,0.13341886114538787
RM915,55.0,46-55,No,Non Travel,177.0,Research & Development,8.0,1.0,Medical,1.0,1278,4.0,Male,37.0,2.0,4.0,Healthcare Representative,2.0,Divorced,13577.0,10k-15k,25592.0,1.0,Y,Yes,15.0,0.15,3.0,4.0,80,2,0.03723833192359768
RM344,29.0,26-35,No,Travel Rarely,144.0,Sales,10.0,1.0,Marketing,1.0,463,4.0,Female,39.0,2.0,2.0,Sales Executive,2.0,Divorced,8268.0,5k-10k,11866.0,1.0,Y,Yes,14.0,0.14,3.0,1.0,80,3,0.22006907380542848
RM725,24.0,18-25,No,Travel Rarely,1206.0,Research & Development,17.0,1.0,Medical,1.0,1009,4.0,Female,41.0,2.0,2.0,Manufacturing Director,3.0,Divorced,4377.0,Upto 5k,24117.0,1.0,Y,No,15.0,0.15,3.0,2.0,80,3,0.10582548760143622
RM785,38.0,36-45,No,Travel Rarely,330.0,Research & Development,17.0,1.0,Life Science,1.0,1088,3.0,Female,65.0,2.0,3.0,Healthcare Representative,3.0,Married,8823.0,5k-10k,24608.0,0.0,Y,No,18.0,0.18,3.0,1.0,80,0,0.23457139955808232
RM230,29.0,26-35,Yes,Travel Rarely,896.0,Research & Development,18.0,1.0,Medical,1.0,315,3.0,Male,86.0,2.0,1.0,Research Scientist,4.0,Single,2389.0,Upto 5k,14961.0,1.0,Y,Yes,13.0,0.13,3.0,3.0,80,3,0.823724609562937
RM1329,27.0,26-35,No,Travel Rarely,728.0,Sales,23.0,1.0,Medical,1.0,1864,2.0,Female,36.0,2.0,2.0,Sales Representative,3.0,Married,3540.0,Upto 5k,7018.0,1.0,Y,No,21.0,0.21,4.0,4.0,80,0,0.180487868875596
RM837,29.0,26-35,Yes,Travel Rarely,408.0,Sales,23.0,1.0,Life Science,1.0,1165,4.0,Female,45.0,2.0,3.0,Sales Executive,1.0,Married,7336.0,5k-10k,11162.0,1.0,Y,No,13.0,0.13,3.0,1.0,80,3,0.6293460502727514
RM1463,39.0,36-45,No,Travel Rarely,722.0,Sales,24.0,1.0,Marketing,1.0,2056,2.0,Female,60.0,2.0,4.0,Sales Executive,4.0,Married,12031.0,10k-15k,8828.0,0.0,Y,No,11.0,0.11,3.0,1.0,80,3,0.17375731776075856
RM978,34.0,26-35,No,Non Travel,999.0,Research & Development,26.0,1.0,Technical Degree,1.0,1374,1.0,Female,92.0,2.0,1.0,Research Scientist,3.0,Divorced,2029.0,Upto 5k,15891.0,1.0,Y,No,20.0,0.2,4.0,3.0,80,0,0.1786144744984921
RM621,35.0,26-35,No,Travel Rarely,1343.0,Research & Development,27.0,1.0,Medical,1.0,856,3.0,Female,53.0,2.0,1.0,Research Scientist,1.0,Single,2559.0,Upto 5k,17852.0,1.0,Y,No,11.0,0.11,3.0,4.0,80,3,0.28408208810028973
RM631,22.0,18-25,No,Travel Rarely,1230.0,Research & Development,1.0,2.0,Life Science,1.0,872,4.0,Male,33.0,2.0,2.0,Manufacturing Director,4.0,Married,4775.0,Upto 5k,19146.0,6.0,Y,No,22.0,0.22,4.0,1.0,80,0,0.11886742932807728
RM1408,24.0,18-25,No,Travel Rarely,771.0,Research & Development,1.0,2.0,Life Science,1.0,1981,2.0,Male,45.0,2.0,2.0,Healthcare Representative,3.0,Single,4617.0,Upto 5k,14120.0,1.0,Y,No,12.0,0.12,3.0,2.0,80,3,0.22659767463207728
RM1350,26.0,26-35,No,Travel Rarely,482.0,Research & Development,1.0,2.0,Life Science,1.0,1893,2.0,Female,90.0,2.0,1.0,Research Scientist,3.0,Married,2933.0,Upto 5k,14908.0,1.0,Y,Yes,13.0,0.13,3.0,3.0,80,3,0.49601990334404766
RM782,26.0,26-35,No,Travel Rarely,192.0,Research & Development,1.0,2.0,Medical,1.0,1083,1.0,Male,59.0,2.0,1.0,Laboratory Technician,1.0,Married,3955.0,Upto 5k,11141.0,1.0,Y,No,16.0,0.16,3.0,1.0,80,3,0.3549347309388076
RM1365,28.0,26-35,No,Travel Frequently,783.0,Sales,1.0,2.0,Life Science,1.0,1927,3.0,Male,42.0,2.0,2.0,Sales Executive,4.0,Married,6834.0,5k-10k,19255.0,1.0,Y,Yes,12.0,0.12,3.0,3.0,80,3,0.19243269079594402
RM590,29.0,26-35,Yes,Travel Rarely,805.0,Research & Development,1.0,2.0,Life Science,1.0,816,2.0,Female,36.0,2.0,1.0,Laboratory Technician,1.0,Married,2319.0,Upto 5k,6689.0,1.0,Y,Yes,11.0,0.11,3.0,4.0,80,3,0.5081062165912836
RM400,31.0,26-35,No,Travel Rarely,329.0,Research & Development,1.0,2.0,Life Science,1.0,530,4.0,Male,98.0,2.0,1.0,Laboratory Technician,1.0,Married,2218.0,Upto 5k,16193.0,1.0,Y,No,12.0,0.12,3.0,3.0,80,3,0.2525558151117416
RM1416,33.0,26-35,No,Non Travel,1313.0,Research & Development,1.0,2.0,Medical,1.0,1994,2.0,Male,59.0,2.0,1.0,Laboratory Technician,3.0,Divorced,2008.0,Upto 5k,20439.0,1.0,Y,No,12.0,0.12,3.0,3.0,80,3,0.20924041157816917
RM482,34.0,26-35,No,Travel Rarely,254.0,Research & Development,1.0,2.0,Life Science,1.0,649,2.0,Male,83.0,2.0,1.0,Research Scientist,4.0,Married,3622.0,Upto 5k,22794.0,1.0,Y,Yes,13.0,0.13,3.0,4.0,80,3,0.20290310391310376
RM249,37.0,36-45,No,Travel Rarely,1017.0,Research & Development,1.0,2.0,Medical,1.0,340,3.0,Female,83.0,2.0,1.0,Research Scientist,1.0,Married,3920.0,Upto 5k,18697.0,2.0,Y,No,14.0,0.14,3.0,1.0,80,3,0.1880041990990623
RM598,42.0,36-45,No,Travel Rarely,932.0,Research & Development,1.0,2.0,Life Science,1.0,827,4.0,Female,43.0,2.0,2.0,Manufacturing Director,4.0,Married,6062.0,5k-10k,4051.0,9.0,Y,Yes,13.0,0.13,3.0,4.0,80,1,0.14463865263245032
RM790,44.0,36-45,Yes,Travel Rarely,1376.0,Human Resources,1.0,2.0,Medical,1.0,1098,2.0,Male,91.0,2.0,3.0,Human Resources,1.0,Married,10482.0,10k-15k,2326.0,9.0,Y,No,14.0,0.14,3.0,4.0,80,1,0.14398318802229945
RM051,48.0,46-55,Yes,Travel Rarely,626.0,Research & Development,1.0,2.0,Life Science,1.0,64,1.0,Male,98.0,2.0,3.0,Laboratory Technician,3.0,Single,5381.0,5k-10k,19294.0,9.0,Y,Yes,13.0,0.13,3.0,4.0,80,1,0.6005572191565206
RM317,49.0,46-55,No,Travel Rarely,1091.0,Research & Development,1.0,2.0,Technical Degree,1.0,431,3.0,Female,90.0,2.0,4.0,Healthcare Representative,3.0,Single,13964.0,10k-15k,17810.0,7.0,Y,Yes,12.0,0.12,3.0,4.0,80,2,0.13051922735262855
RM423,19.0,18-25,Yes,Travel Rarely,489.0,Human Resources,2.0,2.0,Technical Degree,1.0,566,1.0,Male,52.0,2.0,1.0,Human Resources,4.0,Single,2564.0,Upto 5k,18437.0,1.0,Y,No,12.0,0.12,3.0,3.0,80,3,0.7154825170701845
RM1069,28.0,26-35,Yes,Travel Frequently,289.0,Research & Development,2.0,2.0,Medical,1.0,1504,3.0,Male,38.0,2.0,1.0,Laboratory Technician,1.0,Single,2561.0,Upto 5k,5355.0,7.0,Y,No,11.0,0.11,3.0,3.0,80,1,0.5117913440488241
RM385,36.0,36-45,No,Travel Rarely,164.0,Sales,2.0,2.0,Medical,1.0,513,2.0,Male,61.0,2.0,3.0,Sales Executive,3.0,Married,7596.0,5k-10k,3809.0,1.0,Y,No,13.0,0.13,3.0,2.0,80,3,0.18990622098212376
RM003,37.0,36-45,Yes,Travel Rarely,1373.0,Research & Development,2.0,2.0,Other,1.0,4,4.0,Male,92.0,2.0,1.0,Laboratory Technician,3.0,Single,2090.0,Upto 5k,2396.0,6.0,Y,Yes,15.0,0.15,3.0,2.0,80,1,0.740531473939649
RM105,37.0,36-45,No,Non Travel,1040.0,Research & Development,2.0,2.0,Life Science,1.0,139,3.0,Male,100.0,2.0,2.0,Healthcare Representative,4.0,Divorced,5163.0,5k-10k,15850.0,5.0,Y,No,14.0,0.14,3.0,4.0,80,1,0.07694869315519602
RM1162,38.0,36-45,No,Travel Rarely,397.0,Research & Development,2.0,2.0,Medical,1.0,1638,4.0,Female,54.0,2.0,3.0,Manufacturing Director,3.0,Married,7756.0,5k-10k,14199.0,3.0,Y,Yes,19.0,0.19,3.0,4.0,80,0,0.16301491992859127
RM1257,38.0,36-45,No,Travel Frequently,594.0,Research & Development,2.0,2.0,Medical,1.0,1760,3.0,Female,75.0,2.0,1.0,Laboratory Technician,2.0,Married,2468.0,Upto 5k,15963.0,4.0,Y,No,14.0,0.14,3.0,2.0,80,1,0.2654577403697385
RM262,38.0,36-45,No,Non Travel,1327.0,Sales,2.0,2.0,Life Science,1.0,361,4.0,Male,39.0,2.0,2.0,Sales Executive,4.0,Married,5249.0,5k-10k,19682.0,3.0,Y,No,18.0,0.18,3.0,4.0,80,0,0.07062138132407832
RM1161,45.0,36-45,No,Travel Rarely,1329.0,Research & Development,2.0,2.0,Other,1.0,1635,4.0,Female,59.0,2.0,2.0,Manufacturing Director,4.0,Divorced,5770.0,5k-10k,5388.0,1.0,Y,No,19.0,0.19,3.0,1.0,80,0,0.05506281008971174
RM195,45.0,36-45,No,Non Travel,1195.0,Research & Development,2.0,2.0,Medical,1.0,264,1.0,Male,65.0,2.0,4.0,Manager,4.0,Married,16792.0,15k+,20462.0,9.0,Y,No,23.0,0.23,4.0,4.0,80,2,0.06473287450948353
RM275,21.0,18-25,No,Travel Rarely,996.0,Research & Development,3.0,2.0,Medical,1.0,379,4.0,Male,100.0,2.0,1.0,Research Scientist,3.0,Single,3230.0,Upto 5k,10531.0,1.0,Y,No,17.0,0.17,3.0,1.0,80,3,0.3113670279152997
RM1156,39.0,36-45,No,Travel Rarely,170.0,Research & Development,3.0,2.0,Medical,1.0,1627,3.0,Male,76.0,2.0,2.0,Laboratory Technician,3.0,Divorced,3069.0,Upto 5k,10302.0,0.0,Y,No,15.0,0.15,3.0,4.0,80,3,0.12393284139893875
RM1072,49.0,46-55,No,Travel Rarely,271.0,Research & Development,3.0,2.0,Medical,1.0,1509,3.0,Female,43.0,2.0,2.0,Laboratory Technician,1.0,Married,4789.0,Upto 5k,23070.0,4.0,Y,No,25.0,0.25,4.0,1.0,80,0,0.1857173399966429
RM037,50.0,46-55,Yes,Travel Rarely,869.0,Sales,3.0,2.0,Marketing,1.0,47,1.0,Male,86.0,2.0,1.0,Sales Representative,3.0,Married,2683.0,Upto 5k,3810.0,1.0,Y,Yes,14.0,0.14,3.0,3.0,80,3,0.7253342285010369
RM398,25.0,18-25,No,Travel Rarely,891.0,Sales,4.0,2.0,Life Science,1.0,527,2.0,Female,99.0,2.0,2.0,Sales Executive,4.0,Single,4487.0,Upto 5k,12090.0,1.0,Y,Yes,11.0,0.11,3.0,2.0,80,3,0.2860882039020914
RM093,30.0,26-35,No,Travel Rarely,1334.0,Sales,4.0,2.0,Medical,1.0,121,3.0,Female,63.0,2.0,2.0,Sales Executive,2.0,Divorced,5209.0,5k-10k,19760.0,1.0,Y,Yes,12.0,0.12,3.0,2.0,80,3,0.15004976624971628
RM917,46.0,46-55,No,Travel Rarely,168.0,Sales,4.0,2.0,Marketing,1.0,1280,4.0,Female,33.0,2.0,5.0,Manager,2.0,Married,18789.0,15k+,9946.0,2.0,Y,No,14.0,0.14,3.0,3.0,80,2,0.05072933276535112
RM900,49.0,46-55,No,Travel Rarely,1098.0,Research & Development,4.0,2.0,Medical,1.0,1256,1.0,Male,85.0,2.0,5.0,Manager,3.0,Married,18711.0,15k+,12124.0,2.0,Y,No,13.0,0.13,3.0,3.0,80,2,0.06910197335253003
RM615,26.0,26-35,Yes,Travel Frequently,887.0,Research & Development,5.0,2.0,Medical,1.0,848,3.0,Female,88.0,2.0,1.0,Research Scientist,3.0,Married,2366.0,Upto 5k,20898.0,1.0,Y,Yes,14.0,0.14,3.0,1.0,80,3,0.7872531328517626
RM1102,32.0,26-35,No,Travel Rarely,824.0,Research & Development,5.0,2.0,Life Science,1.0,1555,4.0,Female,67.0,2.0,2.0,Research Scientist,2.0,Married,5878.0,5k-10k,15624.0,3.0,Y,No,12.0,0.12,3.0,1.0,80,3,0.18009194265866307
RM1209,34.0,26-35,No,Travel Rarely,1157.0,Research & Development,5.0,2.0,Medical,1.0,1696,2.0,Male,57.0,2.0,2.0,Laboratory Technician,4.0,Married,3986.0,Upto 5k,11912.0,1.0,Y,No,14.0,0.14,3.0,3.0,80,3,0.08775499218195675
RM865,41.0,36-45,Yes,Non Travel,906.0,Research & Development,5.0,2.0,Life Science,1.0,1210,1.0,Male,95.0,2.0,1.0,Research Scientist,1.0,Divorced,2107.0,Upto 5k,20293.0,6.0,Y,No,17.0,0.17,3.0,1.0,80,1,0.6566434359681296
RM1273,38.0,36-45,No,Travel Rarely,1153.0,Research & Development,6.0,2.0,Other,1.0,1782,4.0,Female,40.0,2.0,1.0,Laboratory Technician,3.0,Married,3702.0,Upto 5k,16376.0,1.0,Y,No,11.0,0.11,3.0,2.0,80,3,0.1739119244798372
RM931,51.0,46-55,No,Travel Frequently,968.0,Research & Development,6.0,2.0,Medical,1.0,1297,2.0,Female,40.0,2.0,1.0,Laboratory Technician,3.0,Single,2838.0,Upto 5k,4257.0,0.0,Y,No,14.0,0.14,3.0,2.0,80,3,0.2026711955873436
RM326,31.0,26-35,No,Travel Frequently,798.0,Research & Development,7.0,2.0,Life Science,1.0,442,3.0,Female,48.0,2.0,3.0,Manufacturing Director,3.0,Married,8943.0,5k-10k,14034.0,1.0,Y,No,24.0,0.24,4.0,1.0,80,0,0.18519948090299929
RM1135,35.0,26-35,No,Travel Rarely,1349.0,Research & Development,7.0,2.0,Life Science,1.0,1601,3.0,Male,63.0,2.0,1.0,Laboratory Technician,4.0,Married,2690.0,Upto 5k,7713.0,1.0,Y,No,18.0,0.18,3.0,4.0,80,0,0.14936046737650052
RM327,39.0,36-45,No,Travel Frequently,672.0,Research & Development,7.0,2.0,Medical,1.0,444,3.0,Male,54.0,2.0,5.0,Manager,4.0,Married,19272.0,15k+,21141.0,1.0,Y,No,15.0,0.15,3.0,1.0,80,2,0.09193467367198367
RM063,50.0,46-55,No,Travel Rarely,989.0,Research & Development,7.0,2.0,Medical,1.0,80,2.0,Female,43.0,2.0,5.0,Research Director,3.0,Divorced,18740.0,15k+,16701.0,5.0,Y,Yes,12.0,0.12,3.0,4.0,80,2,0.09666982273461859
RM625,53.0,46-55,No,Travel Rarely,661.0,Sales,7.0,2.0,Marketing,1.0,862,1.0,Female,78.0,2.0,3.0,Sales Executive,4.0,Married,10934.0,10k-15k,20715.0,7.0,Y,Yes,18.0,0.18,3.0,4.0,80,2,0.23480827396183065
RM630,28.0,26-35,No,Travel Rarely,1169.0,Human Resources,8.0,2.0,Medical,1.0,869,2.0,Male,63.0,2.0,1.0,Human Resources,4.0,Divorced,4936.0,Upto 5k,23965.0,1.0,Y,No,13.0,0.13,3.0,4.0,80,3,0.12078340606828195
RM320,32.0,26-35,No,Travel Rarely,588.0,Sales,8.0,2.0,Technical Degree,1.0,436,3.0,Female,65.0,2.0,2.0,Sales Executive,2.0,Married,5228.0,5k-10k,24624.0,1.0,Y,Yes,11.0,0.11,3.0,4.0,80,3,0.3747345985712567
RM889,35.0,26-35,No,Non Travel,1212.0,Sales,8.0,2.0,Marketing,1.0,1243,3.0,Female,78.0,2.0,3.0,Sales Executive,4.0,Married,10377.0,10k-15k,13755.0,4.0,Y,Yes,11.0,0.11,3.0,2.0,80,3,0.14847000677993522
RM1022,25.0,18-25,Yes,Travel Rarely,383.0,Sales,9.0,2.0,Life Science,1.0,1439,1.0,Male,68.0,2.0,1.0,Sales Representative,1.0,Married,4400.0,Upto 5k,15182.0,3.0,Y,No,12.0,0.12,3.0,1.0,80,3,0.6696960416805008
RM033,30.0,26-35,No,Travel Rarely,125.0,Research & Development,9.0,2.0,Medical,1.0,41,4.0,Male,83.0,2.0,1.0,Laboratory Technician,3.0,Single,2206.0,Upto 5k,16117.0,1.0,Y,No,13.0,0.13,3.0,1.0,80,3,0.3920365245618347
RM710,31.0,26-35,Yes,Non Travel,335.0,Research & Development,9.0,2.0,Medical,1.0,991,3.0,Male,46.0,2.0,1.0,Research Scientist,1.0,Single,2321.0,Upto 5k,10322.0,0.0,Y,Yes,22.0,0.22,4.0,1.0,80,0,0.7785155396425241
RM512,36.0,36-45,No,Travel Rarely,913.0,Research & Development,9.0,2.0,Medical,1.0,699,2.0,Male,48.0,2.0,2.0,Manufacturing Director,2.0,Divorced,8847.0,5k-10k,13934.0,2.0,Y,Yes,11.0,0.11,3.0,3.0,80,3,0.21380376247154828
RM1277,37.0,36-45,No,Travel Rarely,589.0,Sales,9.0,2.0,Marketing,1.0,1787,2.0,Male,46.0,2.0,2.0,Sales Executive,2.0,Married,4189.0,Upto 5k,8800.0,1.0,Y,No,14.0,0.14,3.0,1.0,80,3,0.24649647139269684
RM1130,42.0,36-45,No,Travel Rarely,1059.0,Research & Development,9.0,2.0,Other,1.0,1595,4.0,Male,93.0,2.0,5.0,Manager,4.0,Single,19613.0,15k+,26362.0,8.0,Y,No,22.0,0.22,4.0,4.0,80,2,0.06323616562700156
RM090,46.0,46-55,Yes,Travel Rarely,669.0,Sales,9.0,2.0,Medical,1.0,118,3.0,Male,64.0,2.0,3.0,Sales Executive,4.0,Single,9619.0,5k-10k,13596.0,1.0,Y,No,16.0,0.16,3.0,4.0,80,2,0.20935289218171785
RM916,21.0,18-25,Yes,Travel Frequently,251.0,Research & Development,10.0,2.0,Life Science,1.0,1279,1.0,Female,45.0,2.0,1.0,Laboratory Technician,3.0,Single,2625.0,Upto 5k,25308.0,1.0,Y,No,20.0,0.2,4.0,3.0,80,0,0.7335945481161261
RM054,35.0,26-35,No,Non Travel,1097.0,Research & Development,11.0,2.0,Medical,1.0,70,3.0,Male,79.0,2.0,3.0,Healthcare Representative,1.0,Married,9884.0,5k-10k,8302.0,2.0,Y,Yes,13.0,0.13,3.0,3.0,80,3,0.1081097278840366
RM972,51.0,46-55,No,Travel Rarely,1405.0,Research & Development,11.0,2.0,Technical Degree,1.0,1367,4.0,Female,82.0,2.0,4.0,Manufacturing Director,2.0,Single,13142.0,10k-15k,24439.0,3.0,Y,No,16.0,0.16,3.0,2.0,80,2,0.11740783749182027
RM1460,29.0,26-35,No,Travel Rarely,1378.0,Research & Development,13.0,2.0,Other,1.0,2053,4.0,Male,46.0,2.0,2.0,Laboratory Technician,2.0,Married,4025.0,Upto 5k,23679.0,4.0,Y,Yes,13.0,0.13,3.0,1.0,80,3,0.22477620389545924
RM673,42.0,36-45,No,Travel Rarely,462.0,Sales,14.0,2.0,Medical,1.0,936,3.0,Female,68.0,2.0,2.0,Sales Executive,3.0,Single,6244.0,5k-10k,7824.0,7.0,Y,No,17.0,0.17,3.0,1.0,80,1,0.26511039481188237
RM012,29.0,26-35,No,Travel Rarely,153.0,Research & Development,15.0,2.0,Life Science,1.0,15,4.0,Female,49.0,2.0,2.0,Laboratory Technician,3.0,Single,4193.0,Upto 5k,12682.0,0.0,Y,Yes,12.0,0.12,3.0,4.0,80,3,0.18238915369128175
RM1252,30.0,26-35,No,Travel Rarely,979.0,Sales,15.0,2.0,Marketing,1.0,1754,3.0,Male,94.0,2.0,3.0,Sales Executive,1.0,Divorced,7140.0,5k-10k,3088.0,2.0,Y,No,11.0,0.11,3.0,1.0,80,3,0.16050397916548517
RM342,38.0,36-45,No,Travel Rarely,343.0,Research & Development,15.0,2.0,Life Science,1.0,461,3.0,Male,92.0,2.0,3.0,Research Director,4.0,Divorced,11510.0,10k-15k,15682.0,0.0,Y,Yes,14.0,0.14,3.0,2.0,80,3,0.10401936710200564
RM1186,43.0,36-45,No,Travel Rarely,1291.0,Research & Development,15.0,2.0,Life Science,1.0,1666,3.0,Male,65.0,2.0,4.0,Research Director,3.0,Married,17603.0,15k+,3525.0,1.0,Y,No,24.0,0.24,4.0,1.0,80,2,0.051757510537275266
RM1346,35.0,26-35,No,Travel Rarely,219.0,Research & Development,16.0,2.0,Other,1.0,1886,4.0,Female,44.0,2.0,2.0,Manufacturing Director,2.0,Married,4788.0,Upto 5k,25388.0,0.0,Y,Yes,11.0,0.11,3.0,4.0,80,3,0.17680214956347648
RM477,24.0,18-25,No,Travel Rarely,823.0,Research & Development,17.0,2.0,Other,1.0,643,4.0,Male,94.0,2.0,1.0,Laboratory Technician,2.0,Married,2127.0,Upto 5k,9100.0,1.0,Y,No,21.0,0.21,4.0,4.0,80,0,0.19476277146397766
RM1356,36.0,36-45,No,Travel Rarely,335.0,Sales,17.0,2.0,Marketing,1.0,1908,3.0,Male,33.0,2.0,2.0,Sales Executive,2.0,Married,5507.0,5k-10k,16822.0,2.0,Y,No,16.0,0.16,3.0,3.0,80,3,0.25458456126562834
RM684,25.0,18-25,Yes,Travel Rarely,867.0,Sales,19.0,2.0,Marketing,1.0,952,3.0,Male,36.0,2.0,1.0,Sales Representative,2.0,Married,2413.0,Upto 5k,18798.0,1.0,Y,Yes,18.0,0.18,3.0,3.0,80,0,0.795043929831775
RM1098,24.0,18-25,No,Travel Rarely,350.0,Research & Development,21.0,2.0,Technical Degree,1.0,1551,3.0,Male,57.0,2.0,1.0,Laboratory Technician,1.0,Divorced,2296.0,Upto 5k,10036.0,0.0,Y,No,14.0,0.14,3.0,2.0,80,3,0.28790056695706534
RM369,40.0,36-45,Yes,Travel Rarely,575.0,Sales,22.0,2.0,Marketing,1.0,492,3.0,Male,68.0,2.0,2.0,Sales Executive,3.0,Married,6380.0,5k-10k,6110.0,2.0,Y,Yes,12.0,0.12,3.0,1.0,80,3,0.704701885817747
RM193,35.0,26-35,Yes,Travel Rarely,556.0,Research & Development,23.0,2.0,Life Science,1.0,261,2.0,Male,50.0,2.0,2.0,Manufacturing Director,3.0,Married,5916.0,5k-10k,15497.0,3.0,Y,Yes,13.0,0.13,3.0,1.0,80,3,0.6220691005167182
RM1405,42.0,36-45,No,Non Travel,335.0,Research & Development,23.0,2.0,Life Science,1.0,1976,4.0,Male,37.0,2.0,2.0,Research Scientist,3.0,Single,4332.0,Upto 5k,14811.0,1.0,Y,No,12.0,0.12,3.0,4.0,80,3,0.1375270953364941
RM781,28.0,26-35,Yes,Non Travel,1366.0,Research & Development,24.0,2.0,Technical Degree,1.0,1082,2.0,Male,72.0,2.0,3.0,Healthcare Representative,1.0,Single,8722.0,5k-10k,12355.0,1.0,Y,No,12.0,0.12,3.0,1.0,80,3,0.6696268123051443
RM1333,29.0,26-35,Yes,Travel Frequently,459.0,Research & Development,24.0,2.0,Life Science,1.0,1868,4.0,Male,73.0,2.0,1.0,Research Scientist,4.0,Single,2439.0,Upto 5k,14753.0,1.0,Y,Yes,24.0,0.24,4.0,2.0,80,0,0.7242466481596476
RM484,35.0,26-35,No,Travel Rarely,538.0,Research & Development,25.0,2.0,Other,1.0,652,1.0,Male,54.0,2.0,2.0,Laboratory Technician,4.0,Single,3681.0,Upto 5k,14004.0,4.0,Y,No,14.0,0.14,3.0,4.0,80,3,0.3134934353174102
RM833,37.0,36-45,No,Travel Rarely,367.0,Research & Development,25.0,2.0,Medical,1.0,1161,3.0,Female,52.0,2.0,2.0,Healthcare Representative,4.0,Divorced,5731.0,5k-10k,17171.0,7.0,Y,No,13.0,0.13,3.0,3.0,80,1,0.17248578396499428
RM308,38.0,36-45,No,Travel Rarely,849.0,Research & Development,25.0,2.0,Life Science,1.0,421,1.0,Female,81.0,2.0,3.0,Research Director,2.0,Married,12061.0,10k-15k,26707.0,3.0,Y,No,17.0,0.17,3.0,3.0,80,2,0.12272916854613883
RM1347,45.0,36-45,No,Travel Rarely,556.0,Research & Development,25.0,2.0,Life Science,1.0,1888,2.0,Female,93.0,2.0,2.0,Manufacturing Director,4.0,Married,5906.0,5k-10k,23888.0,0.0,Y,No,13.0,0.13,3.0,4.0,80,3,0.16212615530804314
RM1138,22.0,18-25,No,Non Travel,457.0,Research & Development,26.0,2.0,Other,1.0,1605,2.0,Female,85.0,2.0,1.0,Research Scientist,3.0,Married,2814.0,Upto 5k,10293.0,1.0,Y,Yes,14.0,0.14,3.0,2.0,80,3,0.5406047065919161
RM846,40.0,36-45,No,Travel Frequently,902.0,Research & Development,26.0,2.0,Medical,1.0,1180,3.0,Female,92.0,2.0,2.0,Research Scientist,4.0,Married,4422.0,Upto 5k,21203.0,3.0,Y,Yes,13.0,0.13,3.0,4.0,80,3,0.253795331957365
RM1286,46.0,46-55,No,Non Travel,849.0,Sales,26.0,2.0,Life Science,1.0,1801,2.0,Male,98.0,2.0,2.0,Sales Executive,2.0,Single,7991.0,5k-10k,25166.0,8.0,Y,No,15.0,0.15,3.0,3.0,80,1,0.3814945686591041
RM1226,45.0,36-45,No,Travel Rarely,1005.0,Research & Development,28.0,2.0,Technical Degree,1.0,1719,4.0,Female,48.0,2.0,4.0,Research Director,2.0,Single,16704.0,15k+,17119.0,1.0,Y,No,11.0,0.11,3.0,3.0,80,2,0.08408429474335816
RM1007,49.0,46-55,Yes,Travel Frequently,1475.0,Research & Development,28.0,2.0,Life Science,1.0,1420,1.0,Male,97.0,2.0,2.0,Laboratory Technician,1.0,Single,4284.0,Upto 5k,22710.0,3.0,Y,No,20.0,0.2,4.0,1.0,80,0,0.7065934591029298
RM260,31.0,26-35,Yes,Travel Frequently,307.0,Research & Development,29.0,2.0,Medical,1.0,355,3.0,Male,71.0,2.0,1.0,Laboratory Technician,2.0,Single,3479.0,Upto 5k,11652.0,0.0,Y,No,11.0,0.11,3.0,2.0,80,3,0.6956573952160745
RM488,20.0,18-25,No,Travel Rarely,959.0,Research & Development,100.0,3.0,Life Science,1.0,657,4.0,Female,83.0,2.0,1.0,Research Scientist,2.0,Single,2836.0,Upto 5k,11757.0,1.0,Y,No,13.0,0.13,3.0,4.0,80,3,0.18876118194358835
RM686,26.0,26-35,No,Travel Frequently,1283.0,Sales,1.0,3.0,Medical,1.0,956,3.0,Male,52.0,2.0,2.0,Sales Executive,1.0,Single,4294.0,Upto 5k,11148.0,1.0,Y,No,12.0,0.12,3.0,2.0,80,3,0.30273734017801435
RM1070,28.0,26-35,No,Travel Rarely,1423.0,Research & Development,1.0,3.0,Life Science,1.0,1506,1.0,Male,72.0,2.0,1.0,Research Scientist,3.0,Divorced,1563.0,Upto 5k,12530.0,1.0,Y,No,14.0,0.14,3.0,4.0,80,3,0.2689315444591971
RM801,28.0,26-35,Yes,Travel Frequently,1009.0,Research & Development,1.0,3.0,Medical,1.0,1111,1.0,Male,45.0,2.0,1.0,Laboratory Technician,2.0,Divorced,2596.0,Upto 5k,7160.0,1.0,Y,No,15.0,0.15,3.0,1.0,80,3,0.6349090359544117
RM646,29.0,26-35,Yes,Travel Rarely,341.0,Sales,1.0,3.0,Medical,1.0,896,2.0,Female,48.0,2.0,1.0,Sales Representative,3.0,Divorced,2800.0,Upto 5k,23522.0,6.0,Y,Yes,19.0,0.19,3.0,3.0,80,1,0.8062731399366876
RM906,29.0,26-35,No,Travel Rarely,694.0,Research & Development,1.0,3.0,Life Science,1.0,1264,4.0,Female,87.0,2.0,4.0,Research Director,4.0,Divorced,16124.0,15k+,3423.0,3.0,Y,No,14.0,0.14,3.0,2.0,80,2,0.06465275678393753
RM1107,30.0,26-35,Yes,Travel Rarely,740.0,Sales,1.0,3.0,Life Science,1.0,1562,2.0,Male,64.0,2.0,2.0,Sales Executive,1.0,Married,9714.0,5k-10k,5323.0,1.0,Y,No,11.0,0.11,3.0,4.0,80,3,0.4497911314252418
RM240,32.0,26-35,Yes,Travel Rarely,515.0,Research & Development,1.0,3.0,Life Science,1.0,331,4.0,Male,62.0,2.0,1.0,Laboratory Technician,3.0,Single,3730.0,Upto 5k,9571.0,0.0,Y,Yes,14.0,0.14,3.0,4.0,80,3,0.367058717177914
RM683,32.0,26-35,No,Non Travel,1184.0,Research & Development,1.0,3.0,Life Science,1.0,951,3.0,Female,70.0,2.0,1.0,Laboratory Technician,2.0,Married,2332.0,Upto 5k,3974.0,6.0,Y,No,20.0,0.2,4.0,3.0,80,1,0.16509354939037557
RM695,33.0,26-35,No,Travel Rarely,1069.0,Research & Development,1.0,3.0,Life Science,1.0,969,2.0,Female,42.0,2.0,2.0,Healthcare Representative,4.0,Single,6949.0,5k-10k,12291.0,0.0,Y,No,14.0,0.14,3.0,1.0,80,3,0.09996228851937819
RM1028,34.0,26-35,No,Travel Rarely,401.0,Research & Development,1.0,3.0,Life Science,1.0,1447,4.0,Female,86.0,2.0,1.0,Laboratory Technician,2.0,Married,3294.0,Upto 5k,3708.0,5.0,Y,No,17.0,0.17,3.0,1.0,80,1,0.27071973641786934
RM1085,34.0,26-35,No,Travel Rarely,971.0,Sales,1.0,3.0,Technical Degree,1.0,1535,4.0,Male,64.0,2.0,3.0,Sales Executive,3.0,Married,7083.0,5k-10k,12288.0,1.0,Y,Yes,14.0,0.14,3.0,4.0,80,3,0.2882666946694718
RM848,34.0,26-35,No,Travel Frequently,669.0,Research & Development,1.0,3.0,Medical,1.0,1184,4.0,Male,97.0,2.0,2.0,Healthcare Representative,1.0,Single,5343.0,5k-10k,25755.0,0.0,Y,No,20.0,0.2,4.0,3.0,80,0,0.18945547399507434
RM082,35.0,26-35,No,Travel Rarely,1214.0,Research & Development,1.0,3.0,Medical,1.0,105,2.0,Male,30.0,2.0,1.0,Research Scientist,3.0,Single,2859.0,Upto 5k,26278.0,1.0,Y,No,18.0,0.18,3.0,1.0,80,0,0.18074105972266413
RM1109,35.0,26-35,No,Travel Rarely,992.0,Research & Development,1.0,3.0,Medical,1.0,1564,4.0,Male,68.0,2.0,1.0,Laboratory Technician,1.0,Single,2450.0,Upto 5k,21731.0,1.0,Y,No,19.0,0.19,3.0,2.0,80,0,0.2915434176896417
RM974,35.0,26-35,No,Travel Rarely,817.0,Research & Development,1.0,3.0,Medical,1.0,1369,4.0,Female,60.0,2.0,2.0,Laboratory Technician,4.0,Married,5363.0,5k-10k,10846.0,0.0,Y,No,12.0,0.12,3.0,2.0,80,3,0.09876463350227459
RM856,37.0,36-45,No,Travel Rarely,977.0,Research & Development,1.0,3.0,Life Science,1.0,1196,4.0,Female,56.0,2.0,2.0,Manufacturing Director,4.0,Married,6474.0,5k-10k,9961.0,1.0,Y,No,13.0,0.13,3.0,2.0,80,3,0.06570506995120005
RM1392,38.0,36-45,No,Travel Rarely,1404.0,Sales,1.0,3.0,Life Science,1.0,1961,1.0,Male,59.0,2.0,1.0,Sales Representative,1.0,Single,2858.0,Upto 5k,11473.0,4.0,Y,No,14.0,0.14,3.0,1.0,80,1,0.3284053536951507
RM539,41.0,36-45,No,Travel Rarely,314.0,Human Resources,1.0,3.0,Human Resources,1.0,734,4.0,Male,59.0,2.0,5.0,Manager,3.0,Married,19189.0,15k+,19562.0,1.0,Y,No,12.0,0.12,3.0,2.0,80,2,0.05437291212329331
RM094,46.0,46-55,No,Travel Frequently,638.0,Research & Development,1.0,3.0,Medical,1.0,124,3.0,Male,40.0,2.0,3.0,Healthcare Representative,1.0,Married,10673.0,10k-15k,3142.0,2.0,Y,Yes,13.0,0.13,3.0,3.0,80,2,0.09846387261658075
RM905,48.0,46-55,No,Travel Rarely,715.0,Research & Development,1.0,3.0,Life Science,1.0,1263,4.0,Male,76.0,2.0,5.0,Research Director,4.0,Single,18265.0,15k+,8733.0,6.0,Y,No,12.0,0.12,3.0,3.0,80,2,0.06430608596177226
RM184,50.0,46-55,No,Travel Rarely,328.0,Research & Development,1.0,3.0,Medical,1.0,249,3.0,Male,86.0,2.0,1.0,Laboratory Technician,3.0,Married,3690.0,Upto 5k,3425.0,2.0,Y,No,15.0,0.15,3.0,4.0,80,3,0.24717571584147222
RM178,19.0,18-25,Yes,Travel Rarely,303.0,Research & Development,2.0,3.0,Life Science,1.0,243,2.0,Male,47.0,2.0,1.0,Laboratory Technician,4.0,Single,1102.0,Upto 5k,9241.0,1.0,Y,No,22.0,0.22,4.0,3.0,80,0,0.6868581776936582
RM663,20.0,18-25,Yes,Travel Rarely,500.0,Sales,2.0,3.0,Medical,1.0,922,3.0,Female,49.0,2.0,1.0,Sales Representative,3.0,Single,2044.0,Upto 5k,22052.0,1.0,Y,No,13.0,0.13,3.0,4.0,80,3,0.7624224270977434
RM930,28.0,26-35,No,Travel Frequently,193.0,Research & Development,2.0,3.0,Life Science,1.0,1296,4.0,Male,52.0,2.0,1.0,Laboratory Technician,4.0,Married,3867.0,Upto 5k,14222.0,1.0,Y,Yes,12.0,0.12,3.0,2.0,80,3,0.26609906952771445
RM266,29.0,26-35,No,Travel Rarely,1210.0,Sales,2.0,3.0,Medical,1.0,366,1.0,Male,78.0,2.0,2.0,Sales Executive,2.0,Married,6644.0,5k-10k,3687.0,2.0,Y,No,19.0,0.19,3.0,2.0,80,0,0.16537520923403115
RM089,30.0,26-35,No,Travel Rarely,288.0,Research & Development,2.0,3.0,Life Science,1.0,117,3.0,Male,99.0,2.0,2.0,Healthcare Representative,4.0,Married,4152.0,Upto 5k,15830.0,1.0,Y,No,19.0,0.19,3.0,1.0,80,0,0.1273899816434244
RM603,30.0,26-35,No,Travel Rarely,946.0,Research & Development,2.0,3.0,Medical,1.0,833,3.0,Female,52.0,2.0,2.0,Manufacturing Director,4.0,Single,6877.0,5k-10k,20234.0,5.0,Y,Yes,24.0,0.24,4.0,2.0,80,0,0.15489594642945448
RM311,31.0,26-35,No,Travel Rarely,106.0,Human Resources,2.0,3.0,Human Resources,1.0,424,1.0,Male,62.0,2.0,2.0,Human Resources,1.0,Married,6410.0,5k-10k,17822.0,3.0,Y,No,12.0,0.12,3.0,4.0,80,3,0.18663285546195987
RM981,31.0,26-35,Yes,Travel Frequently,703.0,Sales,2.0,3.0,Life Science,1.0,1379,3.0,Female,90.0,2.0,1.0,Sales Representative,4.0,Single,2785.0,Upto 5k,11882.0,7.0,Y,No,14.0,0.14,3.0,3.0,80,1,0.715553368311421
RM847,35.0,26-35,No,Travel Rarely,819.0,Research & Development,2.0,3.0,Life Science,1.0,1182,3.0,Male,44.0,2.0,3.0,Manufacturing Director,2.0,Divorced,10274.0,10k-15k,19588.0,2.0,Y,No,18.0,0.18,3.0,2.0,80,0,0.07371445349226295
RM1194,38.0,36-45,No,Travel Frequently,148.0,Research & Development,2.0,3.0,Medical,1.0,1675,4.0,Female,42.0,2.0,1.0,Laboratory Technician,2.0,Single,2440.0,Upto 5k,23826.0,1.0,Y,No,22.0,0.22,4.0,2.0,80,0,0.24017747410140605
RM1033,39.0,36-45,Yes,Non Travel,592.0,Research & Development,2.0,3.0,Life Science,1.0,1458,1.0,Female,54.0,2.0,1.0,Laboratory Technician,1.0,Single,3646.0,Upto 5k,17181.0,2.0,Y,Yes,23.0,0.23,4.0,2.0,80,0,0.7091616408306067
RM655,39.0,36-45,No,Travel Rarely,1383.0,Human Resources,2.0,3.0,Life Science,1.0,909,4.0,Female,42.0,2.0,2.0,Human Resources,4.0,Married,5204.0,5k-10k,7790.0,8.0,Y,No,11.0,0.11,3.0,3.0,80,1,0.079772124981164
RM392,40.0,36-45,No,Travel Rarely,555.0,Research & Development,2.0,3.0,Medical,1.0,521,2.0,Female,78.0,2.0,2.0,Laboratory Technician,3.0,Married,3448.0,Upto 5k,13436.0,6.0,Y,No,22.0,0.22,4.0,2.0,80,0,0.19152004880001283
RM1089,42.0,36-45,No,Travel Rarely,1210.0,Research & Development,2.0,3.0,Medical,1.0,1542,3.0,Male,68.0,2.0,1.0,Laboratory Technician,2.0,Married,4841.0,Upto 5k,24052.0,4.0,Y,No,14.0,0.14,3.0,2.0,80,1,0.15078619705727966
RM257,42.0,36-45,No,Travel Rarely,269.0,Research & Development,2.0,3.0,Medical,1.0,351,4.0,Female,56.0,2.0,1.0,Laboratory Technician,1.0,Divorced,2593.0,Upto 5k,8007.0,0.0,Y,Yes,11.0,0.11,3.0,3.0,80,3,0.2401920560442395
RM604,45.0,36-45,No,Travel Rarely,252.0,Research & Development,2.0,3.0,Life Science,1.0,834,2.0,Female,95.0,2.0,1.0,Research Scientist,3.0,Single,2274.0,Upto 5k,6153.0,1.0,Y,No,14.0,0.14,3.0,4.0,80,3,0.22186194168177115
RM1469,49.0,46-55,No,Travel Frequently,1023.0,Sales,2.0,3.0,Medical,1.0,2065,4.0,Male,63.0,2.0,2.0,Sales Executive,2.0,Married,5390.0,5k-10k,13243.0,2.0,Y,No,14.0,0.14,3.0,4.0,80,3,0.1415098264630962
RM231,52.0,46-55,No,Travel Rarely,1323.0,Research & Development,2.0,3.0,Life Science,1.0,316,3.0,Female,89.0,2.0,1.0,Laboratory Technician,4.0,Single,3212.0,Upto 5k,3300.0,7.0,Y,No,15.0,0.15,3.0,2.0,80,1,0.21821560860964695
RM761,53.0,46-55,No,Travel Frequently,124.0,Sales,2.0,3.0,Marketing,1.0,1050,3.0,Female,38.0,2.0,3.0,Sales Executive,2.0,Married,7525.0,5k-10k,23537.0,2.0,Y,No,12.0,0.12,3.0,1.0,80,2,0.2249724460968578
RM1265,55.0,46-55,No,Travel Rarely,478.0,Research & Development,2.0,3.0,Medical,1.0,1770,3.0,Male,60.0,2.0,5.0,Research Director,1.0,Married,19038.0,15k+,19805.0,8.0,Y,No,12.0,0.12,3.0,2.0,80,2,0.13033491816155132
RM744,59.0,55+,No,Travel Rarely,715.0,Research & Development,2.0,3.0,Life Science,1.0,1032,3.0,Female,69.0,2.0,4.0,Manufacturing Director,4.0,Single,13726.0,10k-15k,21829.0,3.0,Y,Yes,13.0,0.13,3.0,1.0,80,2,0.10163189990340263
RM857,20.0,18-25,No,Travel Rarely,805.0,Research & Development,3.0,3.0,Life Science,1.0,1198,1.0,Male,87.0,2.0,1.0,Laboratory Technician,3.0,Single,3033.0,Upto 5k,12828.0,1.0,Y,No,12.0,0.12,3.0,1.0,80,3,0.6141706784281915
RM165,27.0,26-35,No,Non Travel,1450.0,Research & Development,3.0,3.0,Medical,1.0,224,3.0,Male,79.0,2.0,1.0,Research Scientist,3.0,Divorced,2566.0,Upto 5k,25326.0,1.0,Y,Yes,15.0,0.15,3.0,4.0,80,3,0.29455035138752317
RM516,35.0,26-35,No,Non Travel,727.0,Research & Development,3.0,3.0,Life Science,1.0,704,3.0,Male,41.0,2.0,1.0,Laboratory Technician,3.0,Married,1281.0,Upto 5k,16900.0,1.0,Y,No,18.0,0.18,3.0,3.0,80,0,0.257462433357221
RM1440,36.0,36-45,No,Travel Rarely,557.0,Sales,3.0,3.0,Medical,1.0,2024,1.0,Female,94.0,2.0,3.0,Sales Executive,4.0,Married,7644.0,5k-10k,12695.0,0.0,Y,No,19.0,0.19,3.0,3.0,80,0,0.13431029052736992
RM1449,41.0,36-45,No,Travel Rarely,930.0,Sales,3.0,3.0,Life Science,1.0,2037,3.0,Male,57.0,2.0,2.0,Sales Executive,2.0,Divorced,8938.0,5k-10k,12227.0,2.0,Y,No,11.0,0.11,3.0,3.0,80,3,0.1507258005692188
RM407,52.0,46-55,No,Travel Rarely,319.0,Research & Development,3.0,3.0,Medical,1.0,543,4.0,Male,39.0,2.0,3.0,Manufacturing Director,3.0,Married,7969.0,5k-10k,19609.0,2.0,Y,Yes,14.0,0.14,3.0,3.0,80,2,0.18679600636248986
RM226,59.0,55+,No,Travel Rarely,142.0,Research & Development,3.0,3.0,Life Science,1.0,309,3.0,Male,70.0,2.0,1.0,Research Scientist,4.0,Married,2177.0,Upto 5k,8456.0,3.0,Y,No,17.0,0.17,3.0,1.0,80,1,0.17526606031914185
RM898,59.0,55+,No,Travel Rarely,326.0,Sales,3.0,3.0,Life Science,1.0,1254,3.0,Female,48.0,2.0,2.0,Sales Executive,4.0,Single,5171.0,5k-10k,16490.0,5.0,Y,No,17.0,0.17,3.0,4.0,80,1,0.20798784879910992
RM1259,29.0,26-35,No,Travel Rarely,590.0,Research & Development,4.0,3.0,Technical Degree,1.0,1762,4.0,Female,91.0,2.0,1.0,Research Scientist,1.0,Divorced,2109.0,Upto 5k,10007.0,1.0,Y,No,13.0,0.13,3.0,3.0,80,3,0.2805201674471511
RM601,32.0,26-35,No,Travel Rarely,859.0,Research & Development,4.0,3.0,Life Science,1.0,830,3.0,Female,98.0,2.0,2.0,Manufacturing Director,3.0,Married,6162.0,5k-10k,19124.0,1.0,Y,No,12.0,0.12,3.0,3.0,80,3,0.10475231059991529
RM1304,47.0,46-55,No,Travel Rarely,1001.0,Research & Development,4.0,3.0,Life Science,1.0,1827,3.0,Female,92.0,2.0,3.0,Manufacturing Director,2.0,Divorced,10333.0,10k-15k,19271.0,8.0,Y,Yes,12.0,0.12,3.0,3.0,80,1,0.1255887820374932
RM108,25.0,18-25,Yes,Travel Rarely,240.0,Sales,5.0,3.0,Marketing,1.0,142,3.0,Male,46.0,2.0,2.0,Sales Executive,3.0,Single,5744.0,5k-10k,26959.0,1.0,Y,Yes,11.0,0.11,3.0,4.0,80,3,0.640125518800551
RM1465,26.0,26-35,No,Travel Rarely,1167.0,Sales,5.0,3.0,Other,1.0,2060,4.0,Female,30.0,2.0,1.0,Sales Representative,3.0,Single,2966.0,Upto 5k,21378.0,0.0,Y,No,18.0,0.18,3.0,4.0,80,0,0.333309259114673
RM1189,29.0,26-35,No,Travel Rarely,991.0,Sales,5.0,3.0,Medical,1.0,1669,1.0,Male,43.0,2.0,2.0,Sales Executive,2.0,Divorced,4187.0,Upto 5k,3356.0,1.0,Y,Yes,13.0,0.13,3.0,2.0,80,3,0.2616178776045293
RM339,30.0,26-35,No,Travel Rarely,570.0,Sales,5.0,3.0,Marketing,1.0,456,4.0,Female,30.0,2.0,2.0,Sales Executive,3.0,Divorced,6118.0,5k-10k,5431.0,1.0,Y,No,13.0,0.13,3.0,3.0,80,3,0.15379038872853296
RM791,33.0,26-35,No,Travel Rarely,654.0,Research & Development,5.0,3.0,Life Science,1.0,1099,4.0,Male,34.0,2.0,3.0,Healthcare Representative,4.0,Divorced,7119.0,5k-10k,21214.0,4.0,Y,No,15.0,0.15,3.0,3.0,80,3,0.06585019633856268
RM117,34.0,26-35,No,Travel Rarely,1354.0,Research & Development,5.0,3.0,Medical,1.0,153,3.0,Female,45.0,2.0,3.0,Manager,1.0,Single,11631.0,10k-15k,5615.0,2.0,Y,No,12.0,0.12,3.0,4.0,80,3,0.08567300094088667
RM1043,44.0,36-45,No,Non Travel,981.0,Research & Development,5.0,3.0,Life Science,1.0,1471,3.0,Male,90.0,2.0,1.0,Laboratory Technician,3.0,Single,3162.0,Upto 5k,7973.0,3.0,Y,No,14.0,0.14,3.0,4.0,80,3,0.17523271049734412
RM675,58.0,55+,No,Travel Rarely,1272.0,Research & Development,5.0,3.0,Technical Degree,1.0,940,3.0,Female,37.0,2.0,3.0,Healthcare Representative,2.0,Divorced,10552.0,10k-15k,9255.0,2.0,Y,Yes,13.0,0.13,3.0,4.0,80,2,0.09920527641808606
RM103,20.0,18-25,Yes,Travel Frequently,871.0,Research & Development,6.0,3.0,Life Science,1.0,137,4.0,Female,66.0,2.0,1.0,Laboratory Technician,4.0,Single,2926.0,Upto 5k,19783.0,1.0,Y,Yes,18.0,0.18,3.0,2.0,80,0,0.7776864472208165
RM126,26.0,26-35,No,Travel Rarely,841.0,Research & Development,6.0,3.0,Other,1.0,164,3.0,Female,46.0,2.0,1.0,Research Scientist,2.0,Married,2368.0,Upto 5k,23300.0,1.0,Y,No,19.0,0.19,3.0,3.0,80,0,0.32619159365516887
RM834,27.0,26-35,No,Travel Rarely,199.0,Research & Development,6.0,3.0,Life Science,1.0,1162,4.0,Male,55.0,2.0,1.0,Research Scientist,3.0,Married,2539.0,Upto 5k,7950.0,1.0,Y,No,13.0,0.13,3.0,3.0,80,3,0.19838000734949715
RM828,28.0,26-35,No,Travel Frequently,773.0,Research & Development,6.0,3.0,Life Science,1.0,1154,3.0,Male,39.0,2.0,1.0,Research Scientist,3.0,Divorced,2703.0,Upto 5k,22088.0,1.0,Y,Yes,14.0,0.14,3.0,4.0,80,3,0.47552815807994087
RM942,30.0,26-35,No,Travel Rarely,1138.0,Research & Development,6.0,3.0,Technical Degree,1.0,1311,1.0,Female,48.0,2.0,2.0,Laboratory Technician,4.0,Married,4627.0,Upto 5k,23631.0,0.0,Y,No,12.0,0.12,3.0,1.0,80,3,0.1594188715499122
RM347,41.0,36-45,No,Travel Rarely,483.0,Research & Development,6.0,3.0,Medical,1.0,466,4.0,Male,95.0,2.0,2.0,Manufacturing Director,2.0,Single,6032.0,5k-10k,10110.0,6.0,Y,Yes,15.0,0.15,3.0,4.0,80,1,0.22304902782453045
RM1331,43.0,36-45,No,Travel Rarely,823.0,Research & Development,6.0,3.0,Medical,1.0,1866,1.0,Female,81.0,2.0,5.0,Manager,3.0,Married,19392.0,15k+,22539.0,7.0,Y,No,13.0,0.13,3.0,4.0,80,2,0.09804020713548914
RM996,43.0,36-45,No,Travel Rarely,930.0,Research & Development,6.0,3.0,Medical,1.0,1402,1.0,Female,73.0,2.0,2.0,Research Scientist,3.0,Single,4081.0,Upto 5k,20003.0,1.0,Y,Yes,14.0,0.14,3.0,1.0,80,3,0.24926186997366648
RM219,45.0,36-45,No,Non Travel,1052.0,Sales,6.0,3.0,Medical,1.0,302,4.0,Female,57.0,2.0,3.0,Sales Executive,4.0,Single,8865.0,5k-10k,16840.0,6.0,Y,No,12.0,0.12,3.0,4.0,80,1,0.1733658907804022
RM736,48.0,46-55,No,Travel Rarely,277.0,Research & Development,6.0,3.0,Life Science,1.0,1022,1.0,Male,97.0,2.0,2.0,Healthcare Representative,3.0,Single,4240.0,Upto 5k,13119.0,2.0,Y,No,13.0,0.13,3.0,4.0,80,3,0.19783045130919039
RM555,27.0,26-35,No,Travel Rarely,975.0,Research & Development,7.0,3.0,Medical,1.0,764,4.0,Female,55.0,2.0,2.0,Healthcare Representative,1.0,Single,6811.0,5k-10k,23398.0,8.0,Y,No,19.0,0.19,3.0,1.0,80,1,0.22625535005247693
RM1142,30.0,26-35,No,Travel Rarely,241.0,Research & Development,7.0,3.0,Medical,1.0,1609,2.0,Male,48.0,2.0,1.0,Research Scientist,2.0,Married,2141.0,Upto 5k,5348.0,1.0,Y,No,12.0,0.12,3.0,2.0,80,3,0.3308247948027666
RM457,31.0,26-35,No,Travel Rarely,688.0,Sales,7.0,3.0,Life Science,1.0,613,3.0,Male,44.0,2.0,3.0,Manager,4.0,Divorced,11557.0,10k-15k,25291.0,9.0,Y,No,21.0,0.21,4.0,3.0,80,1,0.09025677100193831
RM307,32.0,26-35,No,Travel Rarely,906.0,Sales,7.0,3.0,Life Science,1.0,420,4.0,Male,91.0,2.0,2.0,Sales Executive,3.0,Married,5484.0,5k-10k,16985.0,1.0,Y,No,14.0,0.14,3.0,3.0,80,3,0.1727512238983273
RM376,49.0,46-55,No,Travel Rarely,1261.0,Research & Development,7.0,3.0,Other,1.0,499,2.0,Male,31.0,2.0,3.0,Healthcare Representative,3.0,Single,10965.0,10k-15k,12066.0,8.0,Y,No,24.0,0.24,4.0,3.0,80,1,0.06370223408779556
RM574,26.0,26-35,Yes,Travel Rarely,1146.0,Sales,8.0,3.0,Technical Degree,1.0,796,4.0,Male,38.0,2.0,2.0,Sales Executive,1.0,Single,5326.0,5k-10k,3064.0,6.0,Y,No,17.0,0.17,3.0,3.0,80,1,0.6798027845973105
RM1247,30.0,26-35,Yes,Travel Frequently,600.0,Human Resources,8.0,3.0,Human Resources,1.0,1747,3.0,Female,66.0,2.0,1.0,Human Resources,4.0,Divorced,2180.0,Upto 5k,9732.0,6.0,Y,No,11.0,0.11,3.0,3.0,80,1,0.6653519550219072
RM1017,31.0,26-35,Yes,Travel Rarely,202.0,Research & Development,8.0,3.0,Life Science,1.0,1433,1.0,Female,34.0,2.0,1.0,Research Scientist,2.0,Single,1261.0,Upto 5k,22262.0,1.0,Y,No,12.0,0.12,3.0,3.0,80,3,0.7061764974455121
RM634,36.0,36-45,No,Travel Rarely,1278.0,Human Resources,8.0,3.0,Life Science,1.0,878,1.0,Male,77.0,2.0,1.0,Human Resources,1.0,Married,2342.0,Upto 5k,8635.0,0.0,Y,No,21.0,0.21,4.0,3.0,80,0,0.2386716100061869
RM1374,38.0,36-45,No,Travel Frequently,1394.0,Research & Development,8.0,3.0,Medical,1.0,1937,4.0,Female,58.0,2.0,2.0,Research Scientist,2.0,Divorced,2133.0,Upto 5k,18115.0,1.0,Y,Yes,16.0,0.16,3.0,3.0,80,3,0.20260641093424658
RM587,24.0,18-25,No,Non Travel,1092.0,Research & Development,9.0,3.0,Life Science,1.0,812,3.0,Male,60.0,2.0,1.0,Laboratory Technician,2.0,Divorced,2694.0,Upto 5k,26551.0,1.0,Y,No,11.0,0.11,3.0,3.0,80,3,0.21117808318140532
RM525,34.0,26-35,No,Travel Rarely,1442.0,Research & Development,9.0,3.0,Medical,1.0,717,4.0,Female,46.0,2.0,3.0,Healthcare Representative,2.0,Single,8621.0,5k-10k,17654.0,1.0,Y,No,14.0,0.14,3.0,2.0,80,3,0.09742422779760625
RM636,35.0,26-35,No,Travel Rarely,607.0,Research & Development,9.0,3.0,Life Science,1.0,880,4.0,Female,66.0,2.0,3.0,Manufacturing Director,3.0,Married,10685.0,10k-15k,23457.0,1.0,Y,Yes,20.0,0.2,4.0,2.0,80,0,0.1941369037068159
RM070,36.0,36-45,Yes,Travel Rarely,318.0,Research & Development,9.0,3.0,Medical,1.0,90,4.0,Male,79.0,2.0,1.0,Research Scientist,3.0,Married,3388.0,Upto 5k,21777.0,0.0,Y,Yes,17.0,0.17,3.0,1.0,80,0,0.6273519693247774
RM643,38.0,36-45,No,Travel Rarely,395.0,Sales,9.0,3.0,Marketing,1.0,893,2.0,Male,98.0,2.0,1.0,Sales Representative,2.0,Married,2899.0,Upto 5k,12102.0,0.0,Y,No,19.0,0.19,3.0,4.0,80,0,0.274155047016904
RM158,58.0,55+,No,Travel Rarely,1145.0,Research & Development,9.0,3.0,Medical,1.0,214,2.0,Female,75.0,2.0,1.0,Research Scientist,2.0,Married,3346.0,Upto 5k,11873.0,4.0,Y,Yes,20.0,0.2,4.0,2.0,80,1,0.41758613901142766
RM302,18.0,18-25,No,Travel Rarely,812.0,Sales,10.0,3.0,Medical,1.0,411,4.0,Female,69.0,2.0,1.0,Sales Representative,3.0,Single,1200.0,Upto 5k,9724.0,1.0,Y,No,12.0,0.12,3.0,1.0,80,3,0.34344117892427745
RM893,19.0,18-25,Yes,Non Travel,504.0,Research & Development,10.0,3.0,Medical,1.0,1248,1.0,Female,96.0,2.0,1.0,Research Scientist,2.0,Single,1859.0,Upto 5k,6148.0,1.0,Y,Yes,25.0,0.25,4.0,2.0,80,0,0.6241006228863104
RM778,21.0,18-25,Yes,Travel Rarely,1334.0,Research & Development,10.0,3.0,Life Science,1.0,1079,3.0,Female,36.0,2.0,1.0,Laboratory Technician,1.0,Single,1416.0,Upto 5k,17258.0,1.0,Y,No,13.0,0.13,3.0,1.0,80,3,0.7386093590226827
RM997,27.0,26-35,No,Travel Rarely,205.0,Sales,10.0,3.0,Marketing,1.0,1403,4.0,Female,98.0,2.0,2.0,Sales Executive,4.0,Married,5769.0,5k-10k,7100.0,1.0,Y,Yes,11.0,0.11,3.0,4.0,80,3,0.25185891381321396
RM1173,29.0,26-35,No,Travel Rarely,469.0,Sales,10.0,3.0,Medical,1.0,1650,3.0,Male,42.0,2.0,2.0,Sales Executive,3.0,Single,5869.0,5k-10k,23413.0,9.0,Y,No,11.0,0.11,3.0,3.0,80,1,0.4726947488333998
RM712,29.0,26-35,Yes,Travel Rarely,906.0,Research & Development,10.0,3.0,Life Science,1.0,994,4.0,Female,92.0,2.0,1.0,Research Scientist,1.0,Single,2404.0,Upto 5k,11479.0,6.0,Y,Yes,20.0,0.2,4.0,3.0,80,1,0.8352528499602243
RM845,30.0,26-35,No,Travel Rarely,852.0,Sales,10.0,3.0,Marketing,1.0,1179,3.0,Male,72.0,2.0,2.0,Sales Executive,3.0,Married,6578.0,5k-10k,2706.0,1.0,Y,No,18.0,0.18,3.0,1.0,80,0,0.22176760851195515
RM329,33.0,26-35,No,Travel Frequently,508.0,Sales,10.0,3.0,Marketing,1.0,446,2.0,Male,46.0,2.0,2.0,Sales Executive,4.0,Single,4682.0,Upto 5k,4317.0,3.0,Y,No,14.0,0.14,3.0,3.0,80,3,0.2416344894261231
RM1163,35.0,26-35,Yes,Travel Rarely,737.0,Sales,10.0,3.0,Medical,1.0,1639,4.0,Male,55.0,2.0,3.0,Sales Executive,1.0,Married,10306.0,10k-15k,21530.0,9.0,Y,No,17.0,0.17,3.0,3.0,80,1,0.582030205681602
RM885,40.0,36-45,No,Travel Rarely,107.0,Sales,10.0,3.0,Technical Degree,1.0,1239,2.0,Female,84.0,2.0,2.0,Sales Executive,2.0,Divorced,6852.0,5k-10k,11591.0,7.0,Y,No,12.0,0.12,3.0,2.0,80,1,0.22032376913448484
RM148,41.0,36-45,No,Travel Frequently,857.0,Research & Development,10.0,3.0,Life Science,1.0,199,4.0,Male,91.0,2.0,4.0,Manager,1.0,Divorced,17181.0,15k+,12888.0,4.0,Y,No,13.0,0.13,3.0,2.0,80,2,0.06902990766768799
RM434,46.0,46-55,No,Travel Rarely,1125.0,Sales,10.0,3.0,Marketing,1.0,580,3.0,Female,94.0,2.0,3.0,Sales Executive,4.0,Married,9071.0,5k-10k,11563.0,2.0,Y,Yes,19.0,0.19,3.0,3.0,80,0,0.18566473557481522
RM1332,48.0,46-55,No,Travel Rarely,1224.0,Research & Development,10.0,3.0,Life Science,1.0,1867,4.0,Male,91.0,2.0,5.0,Research Director,2.0,Married,19665.0,15k+,13583.0,4.0,Y,No,12.0,0.12,3.0,4.0,80,2,0.09937338546153571
RM368,50.0,46-55,No,Travel Rarely,1046.0,Research & Development,10.0,3.0,Technical Degree,1.0,491,4.0,Male,100.0,2.0,3.0,Healthcare Representative,4.0,Single,10496.0,10k-15k,2755.0,6.0,Y,No,15.0,0.15,3.0,4.0,80,2,0.14089424437453088
RM732,20.0,18-25,Yes,Travel Rarely,1097.0,Research & Development,11.0,3.0,Medical,1.0,1016,4.0,Female,98.0,2.0,1.0,Research Scientist,1.0,Single,2600.0,Upto 5k,18275.0,1.0,Y,Yes,15.0,0.15,3.0,1.0,80,3,0.8146825139808789
RM924,34.0,26-35,No,Travel Frequently,648.0,Human Resources,11.0,3.0,Life Science,1.0,1289,3.0,Male,56.0,2.0,2.0,Human Resources,2.0,Married,4490.0,Upto 5k,21833.0,4.0,Y,No,11.0,0.11,3.0,4.0,80,3,0.1872126112046282
RM067,36.0,36-45,No,Travel Frequently,1195.0,Research & Development,11.0,3.0,Life Science,1.0,85,2.0,Male,95.0,2.0,2.0,Manufacturing Director,2.0,Single,6499.0,5k-10k,22656.0,1.0,Y,No,13.0,0.13,3.0,3.0,80,3,0.15026040302872587
RM606,38.0,36-45,No,Travel Frequently,471.0,Research & Development,12.0,3.0,Life Science,1.0,837,1.0,Male,45.0,2.0,2.0,Healthcare Representative,1.0,Divorced,6288.0,5k-10k,4284.0,2.0,Y,No,15.0,0.15,3.0,3.0,80,3,0.17413549464901706
RM391,43.0,36-45,No,Travel Rarely,982.0,Research & Development,12.0,3.0,Life Science,1.0,520,1.0,Male,59.0,2.0,4.0,Research Director,2.0,Divorced,14336.0,10k-15k,4345.0,1.0,Y,No,11.0,0.11,3.0,3.0,80,2,0.11305643034728789
RM1314,29.0,26-35,Yes,Travel Rarely,350.0,Human Resources,13.0,3.0,Human Resources,1.0,1844,1.0,Male,56.0,2.0,1.0,Human Resources,1.0,Divorced,2335.0,Upto 5k,3157.0,4.0,Y,Yes,15.0,0.15,3.0,4.0,80,3,0.5854920125937917
RM881,32.0,26-35,No,Travel Frequently,116.0,Research & Development,13.0,3.0,Other,1.0,1234,3.0,Female,77.0,2.0,1.0,Laboratory Technician,2.0,Married,2743.0,Upto 5k,7331.0,1.0,Y,No,20.0,0.2,4.0,3.0,80,0,0.2819483119633572
RM815,40.0,36-45,No,Travel Rarely,1308.0,Research & Development,14.0,3.0,Medical,1.0,1128,3.0,Male,44.0,2.0,5.0,Research Director,3.0,Single,19626.0,15k+,17544.0,1.0,Y,No,14.0,0.14,3.0,1.0,80,2,0.07859484908245679
RM1335,27.0,26-35,No,Travel Frequently,1131.0,Research & Development,15.0,3.0,Life Science,1.0,1870,4.0,Female,77.0,2.0,1.0,Research Scientist,1.0,Married,4774.0,Upto 5k,23844.0,0.0,Y,No,19.0,0.19,3.0,4.0,80,0,0.15659953934108936
RM1157,40.0,36-45,No,Travel Rarely,884.0,Research & Development,15.0,3.0,Life Science,1.0,1628,1.0,Female,80.0,2.0,3.0,Manufacturing Director,3.0,Married,10435.0,10k-15k,25800.0,1.0,Y,No,13.0,0.13,3.0,4.0,80,3,0.18546215941827884
RM549,43.0,36-45,No,Travel Frequently,775.0,Sales,15.0,3.0,Life Science,1.0,754,4.0,Male,47.0,2.0,2.0,Sales Executive,4.0,Married,6804.0,5k-10k,23683.0,3.0,Y,No,18.0,0.18,3.0,3.0,80,0,0.2338366036075703
RM1082,35.0,26-35,No,Travel Rarely,1029.0,Research & Development,16.0,3.0,Life Science,1.0,1529,4.0,Female,91.0,2.0,3.0,Healthcare Representative,2.0,Single,8606.0,5k-10k,21195.0,1.0,Y,No,19.0,0.19,3.0,4.0,80,0,0.11816237544049346
RM1391,28.0,26-35,Yes,Travel Rarely,1404.0,Research & Development,17.0,3.0,Technical Degree,1.0,1960,3.0,Male,32.0,2.0,1.0,Laboratory Technician,4.0,Divorced,2367.0,Upto 5k,18779.0,5.0,Y,No,12.0,0.12,3.0,1.0,80,3,0.6513454883714932
RM1006,29.0,26-35,No,Travel Rarely,332.0,Human Resources,17.0,3.0,Other,1.0,1419,2.0,Male,51.0,2.0,3.0,Human Resources,1.0,Single,7988.0,5k-10k,9769.0,1.0,Y,No,13.0,0.13,3.0,1.0,80,3,0.2892454228535979
RM1263,43.0,36-45,Yes,Travel Frequently,807.0,Research & Development,17.0,3.0,Technical Degree,1.0,1767,3.0,Male,38.0,2.0,1.0,Research Scientist,3.0,Married,2437.0,Upto 5k,15587.0,9.0,Y,Yes,16.0,0.16,3.0,4.0,80,1,0.7966451482867359
RM1150,27.0,26-35,No,Travel Rarely,1302.0,Research & Development,19.0,3.0,Other,1.0,1619,4.0,Male,67.0,2.0,1.0,Laboratory Technician,1.0,Divorced,4066.0,Upto 5k,16290.0,1.0,Y,No,11.0,0.11,3.0,1.0,80,3,0.24032046985398414
RM1064,29.0,26-35,No,Travel Rarely,1246.0,Sales,19.0,3.0,Life Science,1.0,1497,3.0,Male,77.0,2.0,2.0,Sales Executive,3.0,Divorced,8620.0,5k-10k,23757.0,1.0,Y,No,14.0,0.14,3.0,3.0,80,3,0.13599274818976037
RM1213,34.0,26-35,No,Travel Rarely,678.0,Research & Development,19.0,3.0,Life Science,1.0,1701,2.0,Female,35.0,2.0,1.0,Research Scientist,4.0,Married,2929.0,Upto 5k,20338.0,1.0,Y,No,12.0,0.12,3.0,2.0,80,3,0.19269078774441029
RM689,19.0,18-25,Yes,Travel Rarely,419.0,Sales,21.0,3.0,Other,1.0,959,4.0,Male,37.0,2.0,1.0,Sales Representative,2.0,Single,2121.0,Upto 5k,9947.0,1.0,Y,Yes,13.0,0.13,3.0,2.0,80,3,0.8580428458787365
RM1380,27.0,26-35,Yes,Travel Frequently,1337.0,Human Resources,22.0,3.0,Human Resources,1.0,1944,1.0,Female,58.0,2.0,1.0,Human Resources,2.0,Married,2863.0,Upto 5k,19555.0,1.0,Y,No,12.0,0.12,3.0,1.0,80,3,0.7388948629966466
RM1208,55.0,46-55,No,Travel Rarely,1441.0,Research & Development,22.0,3.0,Technical Degree,1.0,1694,1.0,Male,94.0,2.0,1.0,Research Scientist,2.0,Divorced,3537.0,Upto 5k,23737.0,5.0,Y,No,12.0,0.12,3.0,4.0,80,1,0.2938248565979053
RM055,26.0,26-35,No,Travel Rarely,1443.0,Sales,23.0,3.0,Marketing,1.0,72,3.0,Female,47.0,2.0,2.0,Sales Executive,4.0,Married,4157.0,Upto 5k,21436.0,7.0,Y,Yes,19.0,0.19,3.0,3.0,80,0,0.3152103707646621
RM267,31.0,26-35,No,Travel Rarely,1463.0,Research & Development,23.0,3.0,Medical,1.0,367,2.0,Male,64.0,2.0,2.0,Healthcare Representative,4.0,Married,5582.0,5k-10k,14408.0,0.0,Y,No,21.0,0.21,4.0,2.0,80,0,0.13397215277015082
RM009,38.0,36-45,No,Travel Frequently,216.0,Research & Development,23.0,3.0,Life Science,1.0,12,4.0,Male,44.0,2.0,3.0,Manufacturing Director,3.0,Single,9526.0,5k-10k,8787.0,0.0,Y,No,21.0,0.21,4.0,2.0,80,0,0.16789477311443055
RM015,28.0,26-35,Yes,Travel Rarely,103.0,Research & Development,24.0,3.0,Life Science,1.0,19,3.0,Male,50.0,2.0,1.0,Laboratory Technician,3.0,Single,2028.0,Upto 5k,12947.0,5.0,Y,Yes,14.0,0.14,3.0,2.0,80,3,0.8384694740514528
RM897,31.0,26-35,No,Travel Rarely,1062.0,Research & Development,24.0,3.0,Medical,1.0,1252,3.0,Female,96.0,2.0,2.0,Healthcare Representative,1.0,Single,6812.0,5k-10k,17198.0,1.0,Y,No,19.0,0.19,3.0,2.0,80,0,0.23272120418735773
RM1092,33.0,26-35,No,Travel Rarely,575.0,Research & Development,25.0,3.0,Life Science,1.0,1545,4.0,Male,44.0,2.0,2.0,Manufacturing Director,2.0,Single,4320.0,Upto 5k,24152.0,1.0,Y,No,13.0,0.13,3.0,4.0,80,3,0.1692789065248699
RM799,33.0,26-35,Yes,Travel Rarely,1017.0,Research & Development,25.0,3.0,Medical,1.0,1108,1.0,Male,55.0,2.0,1.0,Research Scientist,2.0,Single,2313.0,Upto 5k,2993.0,4.0,Y,Yes,20.0,0.2,4.0,2.0,80,0,0.7136594074244755
RM648,35.0,26-35,No,Travel Rarely,672.0,Research & Development,25.0,3.0,Technical Degree,1.0,899,4.0,Male,78.0,2.0,3.0,Manufacturing Director,2.0,Married,10903.0,10k-15k,9129.0,3.0,Y,No,16.0,0.16,3.0,1.0,80,3,0.16223352928194285
RM776,43.0,36-45,No,Travel Rarely,415.0,Sales,25.0,3.0,Medical,1.0,1076,3.0,Male,79.0,2.0,3.0,Sales Executive,4.0,Divorced,10798.0,10k-15k,5268.0,5.0,Y,No,13.0,0.13,3.0,3.0,80,2,0.11630528585579607
RM985,28.0,26-35,No,Travel Rarely,736.0,Sales,26.0,3.0,Life Science,1.0,1387,3.0,Male,48.0,2.0,2.0,Sales Executive,1.0,Married,4724.0,Upto 5k,24232.0,1.0,Y,No,11.0,0.11,3.0,3.0,80,3,0.2809120830892148
RM1144,45.0,36-45,No,Non Travel,336.0,Sales,26.0,3.0,Marketing,1.0,1612,1.0,Male,52.0,2.0,2.0,Sales Executive,1.0,Married,4385.0,Upto 5k,24162.0,1.0,Y,No,15.0,0.15,3.0,1.0,80,3,0.24268974156992465
RM139,25.0,18-25,No,Travel Rarely,959.0,Sales,28.0,3.0,Life Science,1.0,183,1.0,Male,41.0,2.0,2.0,Sales Executive,3.0,Married,8639.0,5k-10k,24835.0,2.0,Y,No,18.0,0.18,3.0,4.0,80,0,0.34414495663110034
RM1447,34.0,26-35,No,Travel Rarely,704.0,Sales,28.0,3.0,Marketing,1.0,2035,4.0,Female,95.0,2.0,2.0,Sales Executive,3.0,Married,6712.0,5k-10k,8978.0,1.0,Y,No,21.0,0.21,4.0,4.0,80,0,0.18233148939754248
RM1462,50.0,46-55,Yes,Travel Rarely,410.0,Sales,28.0,3.0,Marketing,1.0,2055,4.0,Male,39.0,2.0,3.0,Sales Executive,1.0,Divorced,10854.0,10k-15k,16586.0,4.0,Y,Yes,13.0,0.13,3.0,2.0,80,2,0.2711200853075088
RM428,60.0,55+,No,Travel Frequently,1499.0,Sales,28.0,3.0,Marketing,1.0,573,3.0,Female,80.0,2.0,3.0,Sales Executive,1.0,Married,10266.0,10k-15k,2845.0,4.0,Y,No,19.0,0.19,3.0,4.0,80,2,0.1189471695991566
RM425,57.0,55+,No,Travel Rarely,210.0,Sales,29.0,3.0,Marketing,1.0,568,1.0,Male,56.0,2.0,4.0,Manager,4.0,Divorced,14118.0,10k-15k,22102.0,3.0,Y,No,12.0,0.12,3.0,3.0,80,2,0.09201565698304401
RM1078,29.0,26-35,Yes,Travel Rarely,224.0,Research & Development,1.0,4.0,Technical Degree,1.0,1522,1.0,Male,100.0,2.0,1.0,Research Scientist,1.0,Single,2362.0,Upto 5k,7568.0,6.0,Y,No,13.0,0.13,3.0,3.0,80,1,0.7016073964091253
RM1429,32.0,26-35,No,Travel Rarely,234.0,Sales,1.0,4.0,Medical,1.0,2013,2.0,Male,68.0,2.0,1.0,Sales Representative,2.0,Married,2269.0,Upto 5k,18024.0,0.0,Y,No,14.0,0.14,3.0,2.0,80,3,0.22891904170801142
RM674,33.0,26-35,No,Travel Rarely,1198.0,Research & Development,1.0,4.0,Other,1.0,939,3.0,Male,100.0,2.0,1.0,Research Scientist,1.0,Single,2799.0,Upto 5k,3339.0,3.0,Y,Yes,11.0,0.11,3.0,2.0,80,3,0.4561331928424527
RM077,35.0,26-35,No,Travel Rarely,776.0,Sales,1.0,4.0,Marketing,1.0,100,3.0,Male,32.0,2.0,2.0,Sales Executive,1.0,Single,4312.0,Upto 5k,23016.0,0.0,Y,No,14.0,0.14,3.0,2.0,80,3,0.1837359546521405
RM841,35.0,26-35,No,Travel Rarely,982.0,Research & Development,1.0,4.0,Medical,1.0,1172,4.0,Male,58.0,2.0,1.0,Laboratory Technician,3.0,Married,2258.0,Upto 5k,16340.0,6.0,Y,No,12.0,0.12,3.0,2.0,80,1,0.30157830302919314
RM1183,36.0,36-45,No,Non Travel,894.0,Research & Development,1.0,4.0,Medical,1.0,1662,4.0,Female,33.0,2.0,2.0,Manufacturing Director,3.0,Married,4374.0,Upto 5k,15411.0,0.0,Y,No,15.0,0.15,3.0,3.0,80,3,0.07517520485977856
RM060,37.0,36-45,No,Travel Rarely,1115.0,Research & Development,1.0,4.0,Life Science,1.0,77,1.0,Male,51.0,2.0,2.0,Manufacturing Director,3.0,Divorced,5993.0,5k-10k,2689.0,1.0,Y,No,18.0,0.18,3.0,3.0,80,0,0.08290712597350992
RM696,37.0,36-45,Yes,Travel Rarely,625.0,Sales,1.0,4.0,Life Science,1.0,970,1.0,Male,46.0,2.0,3.0,Sales Executive,3.0,Married,10609.0,10k-15k,14922.0,5.0,Y,No,11.0,0.11,3.0,3.0,80,1,0.545515050125103
RM169,38.0,36-45,No,Travel Rarely,702.0,Sales,1.0,4.0,Life Science,1.0,230,1.0,Female,59.0,2.0,2.0,Sales Executive,4.0,Single,8686.0,5k-10k,12930.0,4.0,Y,No,22.0,0.22,4.0,3.0,80,0,0.1272379759194089
RM091,40.0,36-45,No,Travel Frequently,530.0,Research & Development,1.0,4.0,Life Science,1.0,119,3.0,Male,78.0,2.0,4.0,Healthcare Representative,2.0,Married,13503.0,10k-15k,14115.0,1.0,Y,No,22.0,0.22,4.0,4.0,80,0,0.05240381395312254
RM494,44.0,36-45,No,Travel Rarely,1112.0,Human Resources,1.0,4.0,Life Science,1.0,665,1.0,Female,50.0,2.0,2.0,Human Resources,3.0,Single,5985.0,5k-10k,26894.0,4.0,Y,No,11.0,0.11,3.0,2.0,80,1,0.12694897310024958
RM493,48.0,46-55,No,Travel Rarely,1236.0,Research & Development,1.0,4.0,Life Science,1.0,664,4.0,Female,40.0,2.0,4.0,Manager,1.0,Married,15402.0,15k+,17997.0,7.0,Y,No,11.0,0.11,3.0,1.0,80,2,0.030484932381344136
RM111,51.0,46-55,No,Travel Frequently,1456.0,Research & Development,1.0,4.0,Medical,1.0,145,1.0,Female,30.0,2.0,3.0,Healthcare Representative,1.0,Single,7484.0,5k-10k,25796.0,3.0,Y,No,20.0,0.2,4.0,3.0,80,0,0.14548953889935978
RM191,52.0,46-55,No,Travel Rarely,699.0,Research & Development,1.0,4.0,Life Science,1.0,259,3.0,Male,65.0,2.0,5.0,Manager,3.0,Married,19999.0,15k+,5678.0,0.0,Y,No,14.0,0.14,3.0,1.0,80,2,0.058618425570665676
RM1269,53.0,46-55,No,Non Travel,661.0,Research & Development,1.0,4.0,Medical,1.0,1775,1.0,Female,60.0,2.0,4.0,Manufacturing Director,3.0,Married,12965.0,10k-15k,22308.0,4.0,Y,Yes,20.0,0.2,4.0,4.0,80,2,0.09984591365818402
RM1245,30.0,26-35,No,Travel Frequently,1312.0,Research & Development,2.0,4.0,Technical Degree,1.0,1745,4.0,Female,78.0,2.0,1.0,Research Scientist,1.0,Single,4968.0,Upto 5k,26427.0,0.0,Y,No,16.0,0.16,3.0,4.0,80,3,0.22967033934849382
RM1327,32.0,26-35,Yes,Travel Rarely,414.0,Sales,2.0,4.0,Marketing,1.0,1862,3.0,Male,82.0,2.0,2.0,Sales Executive,2.0,Single,9907.0,5k-10k,26186.0,7.0,Y,Yes,12.0,0.12,3.0,3.0,80,1,0.3615732606198151
RM248,34.0,26-35,No,Travel Rarely,470.0,Research & Development,2.0,4.0,Life Science,1.0,339,4.0,Male,84.0,2.0,2.0,Manufacturing Director,1.0,Married,5957.0,5k-10k,23687.0,6.0,Y,No,13.0,0.13,3.0,2.0,80,1,0.18047041378911222
RM433,34.0,26-35,No,Travel Rarely,1303.0,Research & Development,2.0,4.0,Life Science,1.0,579,4.0,Male,62.0,2.0,1.0,Research Scientist,3.0,Divorced,2768.0,Upto 5k,8416.0,3.0,Y,No,12.0,0.12,3.0,3.0,80,3,0.134543093860309
RM580,34.0,26-35,No,Travel Rarely,121.0,Research & Development,2.0,4.0,Medical,1.0,804,3.0,Female,86.0,2.0,1.0,Research Scientist,1.0,Single,4381.0,Upto 5k,7530.0,1.0,Y,No,11.0,0.11,3.0,3.0,80,3,0.2956624125105734
RM1216,35.0,26-35,No,Travel Frequently,146.0,Research & Development,2.0,4.0,Medical,1.0,1704,1.0,Male,79.0,2.0,1.0,Research Scientist,4.0,Single,4930.0,Upto 5k,13970.0,0.0,Y,Yes,14.0,0.14,3.0,3.0,80,3,0.266602824149575
RM527,39.0,36-45,No,Travel Rarely,408.0,Research & Development,2.0,4.0,Technical Degree,1.0,721,4.0,Female,80.0,2.0,2.0,Healthcare Representative,3.0,Single,4553.0,Upto 5k,20978.0,1.0,Y,No,11.0,0.11,3.0,1.0,80,3,0.1707937732057207
RM1456,40.0,36-45,No,Travel Rarely,1322.0,Research & Development,2.0,4.0,Life Science,1.0,2048,3.0,Male,52.0,2.0,1.0,Research Scientist,3.0,Single,2809.0,Upto 5k,2725.0,2.0,Y,No,14.0,0.14,3.0,4.0,80,3,0.16648960546635463
RM460,41.0,36-45,No,Non Travel,509.0,Research & Development,2.0,4.0,Other,1.0,616,1.0,Female,62.0,2.0,2.0,Healthcare Representative,3.0,Single,6811.0,5k-10k,2112.0,2.0,Y,Yes,17.0,0.17,3.0,1.0,80,0,0.13837364170208055
RM357,42.0,36-45,No,Travel Rarely,1332.0,Research & Development,2.0,4.0,Other,1.0,477,1.0,Male,98.0,2.0,2.0,Healthcare Representative,4.0,Single,6781.0,5k-10k,17078.0,3.0,Y,No,23.0,0.23,4.0,2.0,80,0,0.10049929532837124
RM666,47.0,46-55,No,Travel Rarely,1454.0,Sales,2.0,4.0,Life Science,1.0,925,4.0,Female,65.0,2.0,1.0,Sales Representative,4.0,Single,3294.0,Upto 5k,13137.0,1.0,Y,Yes,18.0,0.18,3.0,1.0,80,0,0.41530347782638066
RM238,52.0,46-55,No,Non Travel,771.0,Sales,2.0,4.0,Life Science,1.0,329,1.0,Male,79.0,2.0,5.0,Manager,3.0,Single,19068.0,15k+,21030.0,1.0,Y,Yes,18.0,0.18,3.0,4.0,80,2,0.19277582564032059
RM019,53.0,46-55,No,Travel Rarely,1219.0,Sales,2.0,4.0,Life Science,1.0,23,1.0,Female,78.0,2.0,4.0,Manager,4.0,Married,15427.0,15k+,22021.0,2.0,Y,No,16.0,0.16,3.0,3.0,80,2,0.04497784064954279
RM772,54.0,46-55,No,Travel Rarely,1082.0,Sales,2.0,4.0,Life Science,1.0,1070,3.0,Female,41.0,2.0,3.0,Sales Executive,3.0,Married,10686.0,10k-15k,8392.0,6.0,Y,No,11.0,0.11,3.0,2.0,80,2,0.15085924493650185
RM1337,55.0,46-55,No,Travel Rarely,836.0,Research & Development,2.0,4.0,Technical Degree,1.0,1873,2.0,Male,98.0,2.0,1.0,Research Scientist,4.0,Married,2662.0,Upto 5k,7975.0,8.0,Y,No,20.0,0.2,4.0,2.0,80,1,0.2387076028936405
RM106,59.0,55+,No,Non Travel,1420.0,Human Resources,2.0,4.0,Human Resources,1.0,140,3.0,Female,32.0,2.0,5.0,Manager,4.0,Married,18844.0,15k+,21922.0,9.0,Y,No,21.0,0.21,4.0,4.0,80,2,0.08726110792476299
RM861,22.0,18-25,Yes,Travel Frequently,1256.0,Research & Development,3.0,4.0,Life Science,1.0,1203,3.0,Male,48.0,2.0,1.0,Research Scientist,4.0,Married,2853.0,Upto 5k,4223.0,0.0,Y,Yes,11.0,0.11,3.0,2.0,80,3,0.3842940782078255
RM513,27.0,26-35,No,Travel Rarely,1115.0,Research & Development,3.0,4.0,Medical,1.0,700,1.0,Male,54.0,2.0,1.0,Research Scientist,4.0,Single,2045.0,Upto 5k,15174.0,0.0,Y,No,13.0,0.13,3.0,4.0,80,3,0.2586714613651783
RM421,29.0,26-35,No,Travel Rarely,986.0,Research & Development,3.0,4.0,Medical,1.0,564,2.0,Male,93.0,2.0,3.0,Research Director,3.0,Married,11935.0,10k-15k,21526.0,1.0,Y,No,18.0,0.18,3.0,3.0,80,0,0.1369588990858279
RM804,34.0,26-35,No,Non Travel,697.0,Research & Development,3.0,4.0,Life Science,1.0,1115,3.0,Male,40.0,2.0,1.0,Research Scientist,4.0,Married,2979.0,Upto 5k,22478.0,3.0,Y,No,17.0,0.17,3.0,4.0,80,0,0.10011019391502339
RM360,36.0,36-45,No,Travel Frequently,541.0,Sales,3.0,4.0,Medical,1.0,481,1.0,Male,48.0,2.0,3.0,Sales Executive,4.0,Married,9699.0,5k-10k,7246.0,4.0,Y,No,11.0,0.11,3.0,1.0,80,3,0.26990933036321496
RM562,52.0,46-55,No,Travel Rarely,621.0,Sales,3.0,4.0,Marketing,1.0,776,3.0,Male,31.0,2.0,4.0,Manager,1.0,Married,16856.0,15k+,10084.0,1.0,Y,No,11.0,0.11,3.0,1.0,80,2,0.07550069409037848
RM294,26.0,26-35,Yes,Travel Rarely,950.0,Sales,4.0,4.0,Marketing,1.0,401,4.0,Male,48.0,2.0,2.0,Sales Executive,4.0,Single,5828.0,5k-10k,8450.0,1.0,Y,Yes,12.0,0.12,3.0,2.0,80,3,0.6430089072578444
RM1067,33.0,26-35,No,Travel Rarely,1099.0,Research & Development,4.0,4.0,Medical,1.0,1502,1.0,Female,82.0,2.0,1.0,Laboratory Technician,2.0,Married,3838.0,Upto 5k,8192.0,8.0,Y,No,11.0,0.11,3.0,4.0,80,1,0.24608641589204283
RM222,33.0,26-35,No,Travel Rarely,147.0,Research & Development,4.0,4.0,Medical,1.0,305,3.0,Female,47.0,2.0,1.0,Research Scientist,2.0,Married,2622.0,Upto 5k,13248.0,6.0,Y,No,21.0,0.21,4.0,4.0,80,1,0.16793762646997118
RM849,35.0,26-35,No,Travel Frequently,636.0,Research & Development,4.0,4.0,Other,1.0,1185,4.0,Male,47.0,2.0,1.0,Laboratory Technician,4.0,Married,2376.0,Upto 5k,26537.0,1.0,Y,No,13.0,0.13,3.0,2.0,80,3,0.23867740469711649
RM1019,36.0,36-45,No,Travel Rarely,172.0,Research & Development,4.0,4.0,Life Science,1.0,1435,1.0,Male,37.0,2.0,2.0,Laboratory Technician,4.0,Single,5810.0,5k-10k,22604.0,1.0,Y,No,16.0,0.16,3.0,3.0,80,0,0.11369435319585167
RM138,39.0,36-45,No,Travel Rarely,1329.0,Sales,4.0,4.0,Life Science,1.0,182,4.0,Female,47.0,2.0,2.0,Sales Executive,3.0,Married,5902.0,5k-10k,14590.0,4.0,Y,No,14.0,0.14,3.0,3.0,80,1,0.11105916618816541
RM159,40.0,36-45,No,Travel Rarely,630.0,Sales,4.0,4.0,Marketing,1.0,215,3.0,Male,67.0,2.0,3.0,Sales Executive,4.0,Married,10855.0,10k-15k,8552.0,7.0,Y,No,11.0,0.11,3.0,1.0,80,1,0.1790781322740048
RM927,43.0,36-45,No,Travel Rarely,531.0,Sales,4.0,4.0,Marketing,1.0,1293,4.0,Female,56.0,2.0,3.0,Sales Executive,4.0,Single,10231.0,10k-15k,20364.0,3.0,Y,No,14.0,0.14,3.0,4.0,80,2,0.12342444567346533
RM737,48.0,46-55,No,Travel Rarely,1355.0,Research & Development,4.0,4.0,Life Science,1.0,1024,3.0,Male,78.0,2.0,3.0,Healthcare Representative,3.0,Single,10999.0,10k-15k,22245.0,7.0,Y,No,14.0,0.14,3.0,2.0,80,1,0.09067635053368396
RM624,30.0,26-35,No,Travel Frequently,1012.0,Research & Development,5.0,4.0,Life Science,1.0,861,2.0,Male,75.0,2.0,1.0,Research Scientist,4.0,Divorced,3761.0,Upto 5k,2373.0,9.0,Y,No,12.0,0.12,3.0,2.0,80,1,0.19804013934395195
RM1395,32.0,26-35,No,Travel Rarely,1373.0,Research & Development,5.0,4.0,Life Science,1.0,1966,4.0,Male,56.0,2.0,2.0,Manufacturing Director,4.0,Single,9679.0,5k-10k,10138.0,8.0,Y,No,24.0,0.24,4.0,2.0,80,0,0.10335090270742639
RM247,33.0,26-35,No,Travel Rarely,832.0,Research & Development,5.0,4.0,Life Science,1.0,338,3.0,Female,63.0,2.0,1.0,Research Scientist,4.0,Married,2911.0,Upto 5k,14776.0,1.0,Y,No,13.0,0.13,3.0,3.0,80,3,0.21283407555094885
RM039,36.0,36-45,No,Travel Rarely,852.0,Research & Development,5.0,4.0,Life Science,1.0,51,2.0,Female,82.0,2.0,1.0,Research Scientist,1.0,Married,3419.0,Upto 5k,13072.0,9.0,Y,Yes,14.0,0.14,3.0,4.0,80,1,0.40868546430609165
RM534,40.0,36-45,No,Travel Frequently,580.0,Sales,5.0,4.0,Life Science,1.0,729,4.0,Male,48.0,2.0,3.0,Sales Executive,1.0,Married,10475.0,10k-15k,23772.0,5.0,Y,Yes,21.0,0.21,4.0,3.0,80,1,0.24567975313923707
RM486,27.0,26-35,No,Travel Rarely,798.0,Research & Development,6.0,4.0,Medical,1.0,655,1.0,Female,66.0,2.0,1.0,Research Scientist,3.0,Divorced,2187.0,Upto 5k,5013.0,0.0,Y,No,12.0,0.12,3.0,3.0,80,3,0.2728289434416445
RM115,34.0,26-35,No,Travel Rarely,1031.0,Research & Development,6.0,4.0,Life Science,1.0,151,3.0,Female,45.0,2.0,2.0,Research Scientist,2.0,Divorced,4505.0,Upto 5k,15000.0,6.0,Y,No,15.0,0.15,3.0,3.0,80,1,0.10500147697442715
RM1419,38.0,36-45,No,Travel Frequently,508.0,Research & Development,6.0,4.0,Life Science,1.0,1997,1.0,Male,72.0,2.0,2.0,Manufacturing Director,3.0,Married,5321.0,5k-10k,14284.0,2.0,Y,No,11.0,0.11,3.0,4.0,80,3,0.21389703647537336
RM490,43.0,36-45,No,Travel Rarely,782.0,Research & Development,6.0,4.0,Other,1.0,661,2.0,Male,50.0,2.0,4.0,Research Director,4.0,Divorced,16627.0,15k+,2671.0,4.0,Y,Yes,14.0,0.14,3.0,3.0,80,2,0.07923756736785442
RM676,31.0,26-35,No,Travel Rarely,154.0,Sales,7.0,4.0,Life Science,1.0,941,2.0,Male,41.0,2.0,1.0,Sales Representative,3.0,Married,2329.0,Upto 5k,11737.0,3.0,Y,No,15.0,0.15,3.0,2.0,80,3,0.32738614948407874
RM519,38.0,36-45,No,Travel Rarely,243.0,Sales,7.0,4.0,Marketing,1.0,709,4.0,Female,46.0,2.0,2.0,Sales Executive,4.0,Single,4028.0,Upto 5k,7791.0,0.0,Y,No,20.0,0.2,4.0,1.0,80,0,0.20073735888332217
RM029,44.0,36-45,No,Travel Rarely,477.0,Research & Development,7.0,4.0,Medical,1.0,36,1.0,Female,42.0,2.0,3.0,Healthcare Representative,4.0,Married,10248.0,10k-15k,2094.0,3.0,Y,No,14.0,0.14,3.0,4.0,80,2,0.13277995867412948
RM157,51.0,46-55,No,Travel Rarely,1169.0,Research & Development,7.0,4.0,Medical,1.0,211,2.0,Male,34.0,2.0,2.0,Manufacturing Director,3.0,Married,6132.0,5k-10k,13983.0,2.0,Y,No,17.0,0.17,3.0,3.0,80,0,0.13251503480845434
RM967,58.0,55+,Yes,Travel Rarely,601.0,Research & Development,7.0,4.0,Medical,1.0,1360,3.0,Female,53.0,2.0,3.0,Manufacturing Director,1.0,Married,10008.0,10k-15k,12023.0,7.0,Y,Yes,14.0,0.14,3.0,4.0,80,1,0.5535945364475822
RM570,36.0,36-45,No,Non Travel,1434.0,Sales,8.0,4.0,Life Science,1.0,789,1.0,Male,76.0,2.0,3.0,Sales Executive,1.0,Single,7587.0,5k-10k,14229.0,1.0,Y,No,15.0,0.15,3.0,2.0,80,3,0.21130255392611383
RM779,46.0,46-55,No,Travel Rarely,1003.0,Research & Development,8.0,4.0,Life Science,1.0,1080,4.0,Female,74.0,2.0,2.0,Research Scientist,1.0,Divorced,4615.0,Upto 5k,21029.0,8.0,Y,Yes,23.0,0.23,4.0,1.0,80,1,0.15105481938363305
RM822,49.0,46-55,No,Travel Rarely,174.0,Sales,8.0,4.0,Technical Degree,1.0,1138,4.0,Male,56.0,2.0,4.0,Sales Executive,2.0,Married,13120.0,10k-15k,11879.0,6.0,Y,No,17.0,0.17,3.0,2.0,80,2,0.1771338019744115
RM214,51.0,46-55,No,Travel Rarely,1469.0,Research & Development,8.0,4.0,Life Science,1.0,296,2.0,Male,81.0,2.0,3.0,Research Director,2.0,Married,12490.0,10k-15k,15736.0,5.0,Y,No,16.0,0.16,3.0,4.0,80,2,0.10713526577900065
RM318,52.0,46-55,Yes,Travel Rarely,723.0,Research & Development,8.0,4.0,Medical,1.0,433,3.0,Male,85.0,2.0,2.0,Research Scientist,2.0,Married,4941.0,Upto 5k,17747.0,2.0,Y,No,15.0,0.15,3.0,1.0,80,1,0.47369134512813665
RM370,31.0,26-35,No,Travel Rarely,408.0,Research & Development,9.0,4.0,Life Science,1.0,493,3.0,Male,42.0,2.0,1.0,Research Scientist,2.0,Single,2657.0,Upto 5k,7551.0,0.0,Y,Yes,16.0,0.16,3.0,4.0,80,3,0.4293506496087329
RM373,35.0,26-35,No,Travel Rarely,755.0,Research & Development,9.0,4.0,Life Science,1.0,496,3.0,Male,97.0,2.0,2.0,Healthcare Representative,2.0,Single,6540.0,5k-10k,19394.0,9.0,Y,No,19.0,0.19,3.0,3.0,80,1,0.14443160693079793
RM022,36.0,36-45,Yes,Travel Rarely,1218.0,Sales,9.0,4.0,Life Science,1.0,27,3.0,Male,82.0,2.0,1.0,Sales Representative,1.0,Single,3407.0,Upto 5k,6986.0,7.0,Y,No,23.0,0.23,4.0,2.0,80,1,0.6691583475330531
RM806,45.0,36-45,No,Non Travel,1050.0,Sales,9.0,4.0,Life Science,1.0,1117,2.0,Female,65.0,2.0,2.0,Sales Executive,3.0,Married,5593.0,5k-10k,17970.0,1.0,Y,No,13.0,0.13,3.0,4.0,80,3,0.13169147123532635
RM1132,34.0,26-35,No,Travel Frequently,653.0,Research & Development,10.0,4.0,Technical Degree,1.0,1597,4.0,Male,92.0,2.0,2.0,Healthcare Representative,3.0,Married,5063.0,5k-10k,15332.0,1.0,Y,No,14.0,0.14,3.0,2.0,80,3,0.19958175087946023
RM1341,36.0,36-45,No,Travel Rarely,1266.0,Sales,10.0,4.0,Technical Degree,1.0,1880,2.0,Female,63.0,2.0,2.0,Sales Executive,3.0,Married,5673.0,5k-10k,6060.0,1.0,Y,Yes,13.0,0.13,3.0,1.0,80,3,0.3156225397337369
RM796,37.0,36-45,No,Travel Rarely,309.0,Sales,10.0,4.0,Life Science,1.0,1105,4.0,Female,88.0,2.0,2.0,Sales Executive,4.0,Divorced,6694.0,5k-10k,24223.0,2.0,Y,Yes,14.0,0.14,3.0,3.0,80,3,0.1409169374144904
RM808,38.0,36-45,No,Travel Rarely,770.0,Sales,10.0,4.0,Marketing,1.0,1119,3.0,Male,73.0,2.0,3.0,Sales Executive,3.0,Divorced,8740.0,5k-10k,5569.0,0.0,Y,Yes,14.0,0.14,3.0,2.0,80,3,0.2398685479700065
RM685,40.0,36-45,No,Travel Rarely,658.0,Sales,10.0,4.0,Marketing,1.0,954,1.0,Male,67.0,2.0,3.0,Sales Executive,2.0,Divorced,9705.0,5k-10k,20652.0,2.0,Y,No,12.0,0.12,3.0,2.0,80,3,0.24844736066112488
RM536,41.0,36-45,No,Travel Rarely,427.0,Human Resources,10.0,4.0,Human Resources,1.0,731,2.0,Male,73.0,2.0,5.0,Manager,4.0,Divorced,19141.0,15k+,8861.0,3.0,Y,No,15.0,0.15,3.0,2.0,80,2,0.04558805029611748
RM331,43.0,36-45,No,Travel Frequently,559.0,Research & Development,10.0,4.0,Life Science,1.0,448,3.0,Female,82.0,2.0,2.0,Laboratory Technician,3.0,Divorced,5257.0,5k-10k,6227.0,1.0,Y,No,11.0,0.11,3.0,2.0,80,3,0.15354090984335284
RM1454,36.0,36-45,No,Travel Rarely,1120.0,Sales,11.0,4.0,Marketing,1.0,2045,2.0,Female,100.0,2.0,2.0,Sales Executive,4.0,Married,6652.0,5k-10k,14369.0,4.0,Y,No,13.0,0.13,3.0,1.0,80,3,0.17721215034655985
RM481,30.0,26-35,Yes,Travel Frequently,448.0,Sales,12.0,4.0,Life Science,1.0,648,2.0,Male,74.0,2.0,1.0,Sales Representative,1.0,Married,2033.0,Upto 5k,14470.0,1.0,Y,No,18.0,0.18,3.0,3.0,80,0,0.7409890611638852
RM938,39.0,36-45,No,Travel Rarely,412.0,Research & Development,13.0,4.0,Medical,1.0,1307,3.0,Female,94.0,2.0,4.0,Manager,2.0,Divorced,17123.0,15k+,17334.0,6.0,Y,Yes,13.0,0.13,3.0,4.0,80,2,0.09806916972457001
RM726,35.0,26-35,Yes,Travel Rarely,622.0,Research & Development,14.0,4.0,Other,1.0,1010,3.0,Male,39.0,2.0,1.0,Laboratory Technician,2.0,Divorced,3743.0,Upto 5k,10074.0,1.0,Y,Yes,24.0,0.24,4.0,4.0,80,0,0.6484137210085427
RM607,34.0,26-35,No,Travel Frequently,702.0,Research & Development,16.0,4.0,Life Science,1.0,838,3.0,Female,100.0,2.0,1.0,Research Scientist,4.0,Single,2553.0,Upto 5k,8306.0,1.0,Y,No,16.0,0.16,3.0,3.0,80,3,0.24176607353060922
RM1020,36.0,36-45,No,Travel Rarely,329.0,Sales,16.0,4.0,Marketing,1.0,1436,3.0,Female,98.0,2.0,2.0,Sales Executive,1.0,Married,5647.0,5k-10k,13494.0,4.0,Y,No,13.0,0.13,3.0,1.0,80,1,0.3024220632381205
RM629,37.0,36-45,No,Travel Rarely,342.0,Sales,16.0,4.0,Marketing,1.0,868,4.0,Male,66.0,2.0,2.0,Sales Executive,3.0,Divorced,6334.0,5k-10k,24558.0,4.0,Y,No,19.0,0.19,3.0,4.0,80,0,0.19212575508414456
RM602,40.0,36-45,No,Travel Frequently,720.0,Research & Development,16.0,4.0,Medical,1.0,832,1.0,Male,51.0,2.0,2.0,Laboratory Technician,3.0,Single,5094.0,5k-10k,11983.0,6.0,Y,No,14.0,0.14,3.0,4.0,80,1,0.23929591793802718
RM474,49.0,46-55,No,Travel Rarely,1245.0,Research & Development,18.0,4.0,Life Science,1.0,638,4.0,Male,58.0,2.0,5.0,Research Director,3.0,Divorced,19502.0,15k+,2125.0,1.0,Y,Yes,17.0,0.17,3.0,3.0,80,2,0.06383336539514123
RM869,28.0,26-35,No,Travel Rarely,1179.0,Research & Development,19.0,4.0,Medical,1.0,1216,4.0,Male,78.0,2.0,1.0,Laboratory Technician,1.0,Married,3196.0,Upto 5k,12449.0,1.0,Y,No,12.0,0.12,3.0,3.0,80,3,0.281814430489792
RM987,39.0,36-45,No,Travel Rarely,1498.0,Sales,21.0,4.0,Life Science,1.0,1390,1.0,Male,44.0,2.0,2.0,Sales Executive,4.0,Married,6120.0,5k-10k,3567.0,3.0,Y,Yes,12.0,0.12,3.0,4.0,80,3,0.25039668981438196
RM1369,34.0,26-35,No,Travel Frequently,735.0,Research & Development,22.0,4.0,Other,1.0,1932,3.0,Male,86.0,2.0,2.0,Research Scientist,4.0,Married,5747.0,5k-10k,26496.0,1.0,Y,Yes,15.0,0.15,3.0,2.0,80,3,0.30362979532072776
RM1059,34.0,26-35,Yes,Travel Rarely,790.0,Sales,24.0,4.0,Medical,1.0,1489,1.0,Female,40.0,2.0,2.0,Sales Executive,2.0,Single,4599.0,Upto 5k,7815.0,0.0,Y,Yes,23.0,0.23,4.0,3.0,80,0,0.7252107956514257
RM947,40.0,36-45,Yes,Travel Rarely,299.0,Sales,25.0,4.0,Marketing,1.0,1318,4.0,Male,57.0,2.0,3.0,Sales Executive,2.0,Single,9094.0,5k-10k,17235.0,2.0,Y,Yes,12.0,0.12,3.0,3.0,80,3,0.7423173729521736
RM628,52.0,46-55,No,Travel Frequently,890.0,Research & Development,25.0,4.0,Medical,1.0,867,3.0,Female,81.0,2.0,4.0,Manufacturing Director,4.0,Married,13826.0,10k-15k,19028.0,3.0,Y,No,22.0,0.22,4.0,3.0,80,2,0.06587304043425858
RM217,30.0,26-35,Yes,Travel Frequently,334.0,Sales,26.0,4.0,Marketing,1.0,299,3.0,Female,52.0,2.0,2.0,Sales Executive,1.0,Single,6696.0,5k-10k,22967.0,5.0,Y,No,15.0,0.15,3.0,3.0,80,1,0.7477487774428365
RM1461,29.0,26-35,No,Travel Rarely,468.0,Research & Development,28.0,4.0,Medical,1.0,2054,4.0,Female,73.0,2.0,1.0,Research Scientist,1.0,Single,3785.0,Upto 5k,8489.0,1.0,Y,No,14.0,0.14,3.0,2.0,80,3,0.3957338431131199
RM1101,35.0,26-35,No,Travel Rarely,1402.0,Sales,28.0,4.0,Life Science,1.0,1554,2.0,Female,98.0,2.0,1.0,Sales Representative,3.0,Married,2430.0,Upto 5k,26204.0,0.0,Y,No,23.0,0.23,4.0,1.0,80,0,0.1400883139651886
RM1446,41.0,36-45,No,Travel Rarely,582.0,Research & Development,28.0,4.0,Life Science,1.0,2034,1.0,Female,60.0,2.0,4.0,Manufacturing Director,2.0,Married,13570.0,10k-15k,5640.0,0.0,Y,No,23.0,0.23,4.0,3.0,80,0,0.07442385579675716
RM414,42.0,36-45,No,Travel Frequently,1368.0,Research & Development,28.0,4.0,Technical Degree,1.0,551,4.0,Female,88.0,2.0,2.0,Healthcare Representative,4.0,Married,4523.0,Upto 5k,4386.0,0.0,Y,No,11.0,0.11,3.0,4.0,80,3,0.17801072306151633
RM1275,31.0,26-35,No,Travel Rarely,196.0,Sales,29.0,4.0,Marketing,1.0,1784,1.0,Female,91.0,2.0,2.0,Sales Executive,4.0,Married,5468.0,5k-10k,13402.0,1.0,Y,No,14.0,0.14,3.0,1.0,80,3,0.26855633447875404
RM1427,32.0,26-35,No,Travel Rarely,267.0,Research & Development,29.0,4.0,Life Science,1.0,2010,3.0,Female,49.0,2.0,1.0,Laboratory Technician,2.0,Single,2837.0,Upto 5k,15919.0,1.0,Y,No,13.0,0.13,3.0,3.0,80,3,0.4012837970235073
RM793,33.0,26-35,Yes,Travel Frequently,827.0,Research & Development,29.0,4.0,Medical,1.0,1101,1.0,Female,54.0,2.0,2.0,Research Scientist,3.0,Single,4508.0,Upto 5k,3129.0,1.0,Y,No,22.0,0.22,4.0,2.0,80,0,0.5603353850060044
RM426,50.0,46-55,No,Travel Rarely,1099.0,Research & Development,29.0,4.0,Life Science,1.0,569,2.0,Male,88.0,2.0,4.0,Manager,3.0,Married,17046.0,15k+,9314.0,0.0,Y,No,15.0,0.15,3.0,2.0,80,2,0.08564231007505399
RM1112,53.0,46-55,Yes,Travel Rarely,607.0,Research & Development,2.0,5.0,Technical Degree,1.0,1572,3.0,Female,78.0,2.0,3.0,Manufacturing Director,4.0,Married,10169.0,10k-15k,14618.0,0.0,Y,No,16.0,0.16,3.0,2.0,80,2,0.5059951138411348
RM1167,48.0,46-55,No,Travel Frequently,365.0,Research & Development,4.0,5.0,Medical,1.0,1644,3.0,Male,89.0,2.0,4.0,Manager,4.0,Married,15202.0,15k+,5602.0,2.0,Y,No,25.0,0.25,4.0,2.0,80,2,0.04758148974062896
RM338,29.0,26-35,No,Travel Rarely,738.0,Research & Development,9.0,5.0,Other,1.0,455,2.0,Male,30.0,2.0,1.0,Laboratory Technician,4.0,Single,3983.0,Upto 5k,7621.0,0.0,Y,No,17.0,0.17,3.0,3.0,80,0,0.20327619334661956
RM209,40.0,36-45,No,Non Travel,1151.0,Research & Development,9.0,5.0,Life Science,1.0,287,4.0,Male,63.0,2.0,2.0,Healthcare Representative,4.0,Married,4876.0,Upto 5k,14242.0,9.0,Y,No,14.0,0.14,3.0,4.0,80,1,0.10397698485091598
RM1372,56.0,55+,No,Travel Rarely,1443.0,Sales,11.0,5.0,Marketing,1.0,1935,4.0,Female,89.0,2.0,2.0,Sales Executive,1.0,Married,5380.0,5k-10k,20328.0,4.0,Y,No,16.0,0.16,3.0,3.0,80,1,0.1440818893593125
RM774,36.0,36-45,No,Travel Rarely,796.0,Research & Development,12.0,5.0,Medical,1.0,1073,4.0,Female,51.0,2.0,3.0,Manufacturing Director,4.0,Single,8858.0,5k-10k,15669.0,0.0,Y,No,11.0,0.11,3.0,2.0,80,3,0.13961851849313603
RM1237,36.0,36-45,Yes,Travel Rarely,1456.0,Sales,13.0,5.0,Marketing,1.0,1733,2.0,Male,96.0,2.0,2.0,Sales Executive,1.0,Divorced,6134.0,5k-10k,8658.0,5.0,Y,Yes,13.0,0.13,3.0,2.0,80,1,0.21711412186782875
RM1178,50.0,46-55,No,Travel Rarely,813.0,Research & Development,17.0,5.0,Life Science,1.0,1656,4.0,Female,50.0,2.0,3.0,Research Director,1.0,Divorced,13269.0,10k-15k,21981.0,5.0,Y,No,15.0,0.15,3.0,3.0,80,2,0.04899212669369088
RM422,29.0,26-35,Yes,Travel Rarely,408.0,Research & Development,25.0,5.0,Technical Degree,1.0,565,3.0,Female,71.0,2.0,1.0,Research Scientist,2.0,Married,2546.0,Upto 5k,18300.0,5.0,Y,No,16.0,0.16,3.0,2.0,80,1,0.39304987009145886
RM1117,55.0,46-55,No,Travel Rarely,685.0,Sales,26.0,5.0,Marketing,1.0,1578,3.0,Male,60.0,2.0,5.0,Manager,4.0,Married,19586.0,15k+,23037.0,1.0,Y,No,21.0,0.21,4.0,3.0,80,2,0.07860078204978727
RM415,24.0,18-25,Yes,Travel Rarely,1448.0,Sales,1.0,1.0,Technical Degree,1.0,554,1.0,Female,62.0,3.0,1.0,Sales Representative,2.0,Single,3202.0,Upto 5k,21972.0,1.0,Y,Yes,16.0,0.16,3.0,2.0,80,3,0.7976461145641638
RM332,27.0,26-35,No,Non Travel,210.0,Sales,1.0,1.0,Marketing,1.0,449,3.0,Male,73.0,3.0,2.0,Sales Executive,2.0,Married,6349.0,5k-10k,22107.0,0.0,Y,Yes,13.0,0.13,3.0,4.0,80,3,0.15430356492958053
RM156,29.0,26-35,No,Non Travel,1496.0,Research & Development,1.0,1.0,Technical Degree,1.0,208,4.0,Male,41.0,3.0,2.0,Manufacturing Director,3.0,Married,4319.0,Upto 5k,26283.0,1.0,Y,No,13.0,0.13,3.0,1.0,80,3,0.09113415760277203
RM228,29.0,26-35,No,Travel Frequently,1413.0,Sales,1.0,1.0,Medical,1.0,312,2.0,Female,42.0,3.0,3.0,Sales Executive,4.0,Married,7918.0,5k-10k,6599.0,1.0,Y,No,14.0,0.14,3.0,4.0,80,3,0.08116321651615653
RM727,31.0,26-35,No,Travel Frequently,853.0,Research & Development,1.0,1.0,Life Science,1.0,1011,3.0,Female,96.0,3.0,2.0,Manufacturing Director,1.0,Married,4148.0,Upto 5k,11275.0,1.0,Y,No,12.0,0.12,3.0,3.0,80,3,0.15006053226541083
RM102,32.0,26-35,No,Travel Rarely,827.0,Research & Development,1.0,1.0,Life Science,1.0,134,4.0,Male,71.0,3.0,1.0,Research Scientist,1.0,Single,2956.0,Upto 5k,15178.0,1.0,Y,No,13.0,0.13,3.0,4.0,80,3,0.20308426963861972
RM491,38.0,36-45,No,Travel Rarely,362.0,Research & Development,1.0,1.0,Life Science,1.0,662,3.0,Female,43.0,3.0,1.0,Research Scientist,1.0,Single,2619.0,Upto 5k,14561.0,3.0,Y,No,17.0,0.17,3.0,4.0,80,1,0.22868387984471766
RM401,39.0,36-45,No,Travel Frequently,1218.0,Research & Development,1.0,1.0,Life Science,1.0,531,2.0,Male,52.0,3.0,5.0,Manager,3.0,Divorced,19197.0,15k+,8213.0,1.0,Y,Yes,14.0,0.14,3.0,3.0,80,2,0.06797958031919364
RM282,42.0,36-45,No,Travel Rarely,635.0,Sales,1.0,1.0,Life Science,1.0,387,2.0,Male,99.0,3.0,2.0,Sales Executive,3.0,Married,4907.0,Upto 5k,24532.0,1.0,Y,No,25.0,0.25,4.0,3.0,80,0,0.12889223110247583
RM1422,47.0,46-55,No,Non Travel,1162.0,Research & Development,1.0,1.0,Medical,1.0,2000,3.0,Female,98.0,3.0,3.0,Research Director,2.0,Married,11957.0,10k-15k,17231.0,0.0,Y,No,18.0,0.18,3.0,1.0,80,2,0.10156934888537436
RM503,53.0,46-55,No,Travel Rarely,238.0,Sales,1.0,1.0,Medical,1.0,682,4.0,Female,34.0,3.0,2.0,Sales Executive,1.0,Single,8381.0,5k-10k,7507.0,7.0,Y,No,20.0,0.2,4.0,4.0,80,1,0.1610740201518563
RM129,22.0,18-25,No,Travel Rarely,594.0,Research & Development,2.0,1.0,Technical Degree,1.0,169,3.0,Male,100.0,3.0,1.0,Laboratory Technician,4.0,Married,2523.0,Upto 5k,19299.0,0.0,Y,No,14.0,0.14,3.0,3.0,80,3,0.24855564385373977
RM087,23.0,18-25,No,Travel Rarely,541.0,Sales,2.0,1.0,Technical Degree,1.0,113,3.0,Male,62.0,3.0,1.0,Sales Representative,1.0,Divorced,2322.0,Upto 5k,9518.0,3.0,Y,No,13.0,0.13,3.0,3.0,80,3,0.2917563832154039
RM1169,24.0,18-25,No,Travel Frequently,567.0,Research & Development,2.0,1.0,Technical Degree,1.0,1646,1.0,Female,32.0,3.0,1.0,Research Scientist,4.0,Single,3760.0,Upto 5k,17218.0,1.0,Y,Yes,13.0,0.13,3.0,3.0,80,3,0.32850935753228866
RM1414,25.0,18-25,No,Travel Rarely,977.0,Research & Development,2.0,1.0,Other,1.0,1992,4.0,Male,57.0,3.0,1.0,Laboratory Technician,3.0,Divorced,3977.0,Upto 5k,7298.0,6.0,Y,Yes,19.0,0.19,3.0,3.0,80,1,0.40950818836221375
RM005,27.0,26-35,No,Travel Rarely,591.0,Research & Development,2.0,1.0,Medical,1.0,7,1.0,Male,40.0,3.0,1.0,Laboratory Technician,2.0,Married,3468.0,Upto 5k,16632.0,9.0,Y,No,12.0,0.12,3.0,4.0,80,1,0.3048897933096463
RM496,27.0,26-35,Yes,Travel Rarely,1420.0,Sales,2.0,1.0,Marketing,1.0,667,3.0,Male,85.0,3.0,1.0,Sales Representative,1.0,Divorced,3041.0,Upto 5k,16346.0,0.0,Y,No,11.0,0.11,3.0,2.0,80,3,0.5857057042741566
RM1073,29.0,26-35,No,Travel Frequently,410.0,Research & Development,2.0,1.0,Life Science,1.0,1513,4.0,Female,97.0,3.0,1.0,Laboratory Technician,2.0,Married,3180.0,Upto 5k,4668.0,0.0,Y,No,13.0,0.13,3.0,3.0,80,3,0.24567790580745627
RM1126,29.0,26-35,No,Travel Frequently,995.0,Research & Development,2.0,1.0,Life Science,1.0,1590,1.0,Male,87.0,3.0,2.0,Healthcare Representative,4.0,Divorced,8853.0,5k-10k,24483.0,1.0,Y,No,19.0,0.19,3.0,4.0,80,0,0.12227464732827409
RM382,30.0,26-35,No,Travel Rarely,202.0,Sales,2.0,1.0,Technical Degree,1.0,508,3.0,Male,72.0,3.0,1.0,Sales Representative,2.0,Married,2476.0,Upto 5k,17434.0,1.0,Y,No,18.0,0.18,3.0,1.0,80,0,0.252626588542484
RM451,31.0,26-35,No,Travel Rarely,828.0,Sales,2.0,1.0,Life Science,1.0,604,2.0,Male,77.0,3.0,2.0,Sales Executive,4.0,Single,6582.0,5k-10k,8346.0,4.0,Y,Yes,13.0,0.13,3.0,3.0,80,3,0.28640831804222844
RM851,32.0,26-35,No,Non Travel,862.0,Sales,2.0,1.0,Life Science,1.0,1190,3.0,Female,76.0,3.0,1.0,Sales Representative,1.0,Divorced,2827.0,Upto 5k,14947.0,1.0,Y,No,12.0,0.12,3.0,3.0,80,3,0.2720939081048407
RM992,32.0,26-35,No,Travel Rarely,499.0,Sales,2.0,1.0,Marketing,1.0,1396,3.0,Male,36.0,3.0,2.0,Sales Executive,2.0,Married,4078.0,Upto 5k,20497.0,0.0,Y,Yes,13.0,0.13,3.0,1.0,80,3,0.28911751323704016
RM351,42.0,36-45,No,Travel Rarely,544.0,Human Resources,2.0,1.0,Technical Degree,1.0,470,3.0,Male,52.0,3.0,1.0,Human Resources,3.0,Divorced,2696.0,Upto 5k,24017.0,0.0,Y,Yes,11.0,0.11,3.0,3.0,80,3,0.19933741502364305
RM633,42.0,36-45,No,Travel Frequently,1271.0,Research & Development,2.0,1.0,Medical,1.0,875,2.0,Male,35.0,3.0,1.0,Research Scientist,4.0,Single,2515.0,Upto 5k,9068.0,5.0,Y,Yes,14.0,0.14,3.0,4.0,80,1,0.2775420888697388
RM955,42.0,36-45,No,Non Travel,495.0,Research & Development,2.0,1.0,Life Science,1.0,1334,3.0,Male,37.0,3.0,4.0,Manager,3.0,Married,17861.0,15k+,26582.0,0.0,Y,Yes,13.0,0.13,3.0,4.0,80,2,0.07009818570032404
RM1063,44.0,36-45,No,Travel Frequently,1193.0,Research & Development,2.0,1.0,Medical,1.0,1496,2.0,Male,86.0,3.0,3.0,Manufacturing Director,3.0,Single,10209.0,10k-15k,19719.0,5.0,Y,Yes,18.0,0.18,3.0,2.0,80,1,0.1936771598824487
RM1378,49.0,46-55,No,Travel Frequently,1064.0,Research & Development,2.0,1.0,Life Science,1.0,1941,2.0,Male,42.0,3.0,5.0,Research Director,4.0,Married,19161.0,15k+,13738.0,3.0,Y,No,15.0,0.15,3.0,4.0,80,2,0.04324901524256623
RM609,55.0,46-55,Yes,Travel Rarely,436.0,Sales,2.0,1.0,Medical,1.0,842,3.0,Male,37.0,3.0,2.0,Sales Executive,4.0,Single,5160.0,5k-10k,21519.0,4.0,Y,No,16.0,0.16,3.0,3.0,80,1,0.4699087644885914
RM788,55.0,46-55,No,Travel Frequently,1091.0,Research & Development,2.0,1.0,Life Science,1.0,1096,4.0,Male,65.0,3.0,3.0,Manufacturing Director,2.0,Married,10976.0,10k-15k,15813.0,3.0,Y,No,18.0,0.18,3.0,2.0,80,2,0.10025801972460222
RM150,19.0,18-25,No,Travel Rarely,1181.0,Research & Development,3.0,1.0,Medical,1.0,201,2.0,Female,79.0,3.0,1.0,Laboratory Technician,2.0,Single,1483.0,Upto 5k,16102.0,1.0,Y,No,14.0,0.14,3.0,4.0,80,3,0.3888739551791651
RM667,22.0,18-25,Yes,Travel Rarely,617.0,Research & Development,3.0,1.0,Life Science,1.0,926,2.0,Female,34.0,3.0,2.0,Manufacturing Director,3.0,Married,4171.0,Upto 5k,10022.0,0.0,Y,Yes,19.0,0.19,3.0,1.0,80,0,0.2120547115894036
RM635,25.0,18-25,No,Travel Rarely,141.0,Sales,3.0,1.0,Other,1.0,879,3.0,Male,98.0,3.0,2.0,Sales Executive,1.0,Married,4194.0,Upto 5k,14363.0,1.0,Y,Yes,18.0,0.18,3.0,4.0,80,3,0.213915702993561
RM383,26.0,26-35,Yes,Travel Frequently,575.0,Research & Development,3.0,1.0,Technical Degree,1.0,510,3.0,Male,73.0,3.0,1.0,Research Scientist,1.0,Single,3102.0,Upto 5k,6582.0,0.0,Y,No,22.0,0.22,4.0,3.0,80,0,0.6156196930360724
RM1123,29.0,26-35,No,Travel Rarely,1370.0,Research & Development,3.0,1.0,Medical,1.0,1586,2.0,Male,87.0,3.0,1.0,Laboratory Technician,1.0,Single,4723.0,Upto 5k,16213.0,1.0,Y,Yes,18.0,0.18,3.0,4.0,80,0,0.3302033689530752
RM795,34.0,26-35,No,Travel Frequently,618.0,Research & Development,3.0,1.0,Life Science,1.0,1103,1.0,Male,45.0,3.0,2.0,Healthcare Representative,4.0,Single,7756.0,5k-10k,22266.0,0.0,Y,No,17.0,0.17,3.0,3.0,80,0,0.11815283423730219
RM811,46.0,46-55,No,Travel Rarely,406.0,Sales,3.0,1.0,Marketing,1.0,1124,1.0,Male,52.0,3.0,4.0,Manager,3.0,Married,17465.0,15k+,15596.0,3.0,Y,No,12.0,0.12,3.0,4.0,80,2,0.08170020607700519
RM1239,23.0,18-25,No,Travel Rarely,160.0,Research & Development,4.0,1.0,Medical,1.0,1735,3.0,Female,51.0,3.0,1.0,Laboratory Technician,2.0,Single,3295.0,Upto 5k,12862.0,1.0,Y,No,13.0,0.13,3.0,3.0,80,3,0.39841607900625686
RM1026,24.0,18-25,No,Travel Rarely,1476.0,Sales,4.0,1.0,Medical,1.0,1445,4.0,Female,42.0,3.0,2.0,Sales Executive,3.0,Married,4162.0,Upto 5k,15211.0,1.0,Y,Yes,12.0,0.12,3.0,3.0,80,3,0.24592579734539324
RM797,25.0,18-25,Yes,Travel Rarely,1219.0,Research & Development,4.0,1.0,Technical Degree,1.0,1106,4.0,Male,32.0,3.0,1.0,Laboratory Technician,4.0,Married,3691.0,Upto 5k,4605.0,1.0,Y,Yes,15.0,0.15,3.0,2.0,80,3,0.6264022893739484
RM990,37.0,36-45,No,Travel Rarely,1439.0,Research & Development,4.0,1.0,Life Science,1.0,1394,3.0,Male,54.0,3.0,1.0,Research Scientist,3.0,Married,2996.0,Upto 5k,5182.0,7.0,Y,Yes,15.0,0.15,3.0,4.0,80,1,0.34171489995049226
RM187,40.0,36-45,No,Travel Rarely,989.0,Research & Development,4.0,1.0,Medical,1.0,253,4.0,Female,46.0,3.0,5.0,Manager,3.0,Married,19033.0,15k+,6499.0,1.0,Y,No,14.0,0.14,3.0,2.0,80,2,0.029601121623029875
RM1296,41.0,36-45,No,Travel Rarely,796.0,Sales,4.0,1.0,Marketing,1.0,1815,3.0,Female,81.0,3.0,3.0,Sales Executive,3.0,Divorced,10447.0,10k-15k,26458.0,0.0,Y,Yes,13.0,0.13,3.0,4.0,80,3,0.12265211065905357
RM348,47.0,46-55,No,Travel Frequently,1309.0,Sales,4.0,1.0,Medical,1.0,467,2.0,Male,99.0,3.0,2.0,Sales Representative,3.0,Single,2976.0,Upto 5k,25751.0,3.0,Y,No,19.0,0.19,3.0,1.0,80,0,0.18038690513556085
RM280,50.0,46-55,No,Travel Rarely,797.0,Research & Development,4.0,1.0,Life Science,1.0,385,1.0,Male,96.0,3.0,5.0,Research Director,2.0,Divorced,19144.0,15k+,15815.0,3.0,Y,No,14.0,0.14,3.0,1.0,80,2,0.08993738201242582
RM1153,21.0,18-25,No,Travel Rarely,546.0,Research & Development,5.0,1.0,Medical,1.0,1623,3.0,Male,97.0,3.0,1.0,Research Scientist,4.0,Single,3117.0,Upto 5k,26009.0,1.0,Y,No,18.0,0.18,3.0,3.0,80,0,0.25995350832612496
RM1437,21.0,18-25,No,Travel Rarely,501.0,Sales,5.0,1.0,Medical,1.0,2021,3.0,Male,58.0,3.0,1.0,Sales Representative,1.0,Single,2380.0,Upto 5k,25479.0,1.0,Y,Yes,11.0,0.11,3.0,4.0,80,3,0.4798451703002151
RM991,33.0,26-35,No,Travel Frequently,1111.0,Sales,5.0,1.0,Life Science,1.0,1395,2.0,Male,61.0,3.0,2.0,Sales Executive,4.0,Married,9998.0,5k-10k,19293.0,6.0,Y,No,13.0,0.13,3.0,1.0,80,1,0.2646375079212931
RM499,22.0,18-25,No,Travel Rarely,604.0,Research & Development,6.0,1.0,Medical,1.0,675,1.0,Male,69.0,3.0,1.0,Research Scientist,3.0,Married,2773.0,Upto 5k,12145.0,0.0,Y,No,20.0,0.2,4.0,4.0,80,0,0.1909793183419754
RM853,29.0,26-35,No,Travel Rarely,1401.0,Research & Development,6.0,1.0,Medical,1.0,1192,2.0,Female,54.0,3.0,1.0,Laboratory Technician,4.0,Married,3131.0,Upto 5k,26342.0,1.0,Y,No,13.0,0.13,3.0,1.0,80,3,0.21891074774721925
RM025,34.0,26-35,Yes,Travel Rarely,699.0,Research & Development,6.0,1.0,Medical,1.0,31,2.0,Male,83.0,3.0,1.0,Research Scientist,1.0,Single,2960.0,Upto 5k,17102.0,2.0,Y,No,11.0,0.11,3.0,3.0,80,3,0.5676507964988545
RM925,35.0,26-35,No,Travel Rarely,735.0,Research & Development,6.0,1.0,Life Science,1.0,1291,3.0,Male,66.0,3.0,1.0,Research Scientist,3.0,Married,3506.0,Upto 5k,6020.0,0.0,Y,Yes,14.0,0.14,3.0,4.0,80,3,0.3386894936162973
RM1272,21.0,18-25,Yes,Travel Rarely,337.0,Sales,7.0,1.0,Marketing,1.0,1780,2.0,Male,31.0,3.0,1.0,Sales Representative,2.0,Single,2679.0,Upto 5k,4567.0,1.0,Y,No,13.0,0.13,3.0,2.0,80,3,0.6928807544045049
RM1340,22.0,18-25,Yes,Travel Rarely,391.0,Research & Development,7.0,1.0,Life Science,1.0,1878,4.0,Male,75.0,3.0,1.0,Research Scientist,2.0,Single,2472.0,Upto 5k,26092.0,1.0,Y,Yes,23.0,0.23,4.0,1.0,80,0,0.590845307612762
RM438,30.0,26-35,No,Travel Rarely,413.0,Sales,7.0,1.0,Marketing,1.0,585,4.0,Male,57.0,3.0,1.0,Sales Representative,2.0,Single,2983.0,Upto 5k,18398.0,0.0,Y,No,14.0,0.14,3.0,1.0,80,3,0.31802546672746657
RM1060,35.0,26-35,No,Travel Rarely,660.0,Sales,7.0,1.0,Life Science,1.0,1492,4.0,Male,76.0,3.0,1.0,Sales Representative,3.0,Married,2404.0,Upto 5k,16192.0,1.0,Y,No,13.0,0.13,3.0,1.0,80,3,0.20985299114147835
RM829,18.0,18-25,Yes,Non Travel,247.0,Research & Development,8.0,1.0,Medical,1.0,1156,3.0,Male,80.0,3.0,1.0,Laboratory Technician,3.0,Single,1904.0,Upto 5k,13556.0,1.0,Y,No,12.0,0.12,3.0,4.0,80,3,0.3299566658648346
RM1274,22.0,18-25,Yes,Travel Rarely,1294.0,Research & Development,8.0,1.0,Medical,1.0,1783,3.0,Female,79.0,3.0,1.0,Laboratory Technician,1.0,Married,2398.0,Upto 5k,15999.0,1.0,Y,Yes,17.0,0.17,3.0,3.0,80,3,0.7773172626886378
RM577,27.0,26-35,No,Travel Frequently,829.0,Sales,8.0,1.0,Marketing,1.0,800,3.0,Male,84.0,3.0,2.0,Sales Executive,4.0,Married,4342.0,Upto 5k,24008.0,0.0,Y,No,19.0,0.19,3.0,2.0,80,0,0.1454581580475956
RM450,39.0,36-45,No,Travel Frequently,443.0,Research & Development,8.0,1.0,Life Science,1.0,602,3.0,Female,48.0,3.0,1.0,Laboratory Technician,3.0,Married,3755.0,Upto 5k,17872.0,1.0,Y,No,11.0,0.11,3.0,1.0,80,3,0.19600635267413055
RM1198,20.0,18-25,No,Travel Rarely,727.0,Sales,9.0,1.0,Life Science,1.0,1680,4.0,Male,54.0,3.0,1.0,Sales Representative,1.0,Single,2728.0,Upto 5k,21082.0,1.0,Y,No,11.0,0.11,3.0,1.0,80,3,0.3016204534053563
RM551,23.0,18-25,No,Travel Rarely,650.0,Research & Development,9.0,1.0,Medical,1.0,758,2.0,Male,37.0,3.0,1.0,Laboratory Technician,1.0,Married,2500.0,Upto 5k,4344.0,1.0,Y,No,14.0,0.14,3.0,4.0,80,3,0.24534642699538314
RM435,31.0,26-35,No,Travel Rarely,1274.0,Research & Development,9.0,1.0,Life Science,1.0,581,3.0,Male,33.0,3.0,3.0,Manufacturing Director,2.0,Divorced,10648.0,10k-15k,14394.0,1.0,Y,No,25.0,0.25,4.0,4.0,80,0,0.04865287233567862
RM835,34.0,26-35,No,Travel Rarely,1400.0,Sales,9.0,1.0,Life Science,1.0,1163,2.0,Female,70.0,3.0,2.0,Sales Executive,3.0,Married,5714.0,5k-10k,5829.0,1.0,Y,No,20.0,0.2,4.0,1.0,80,0,0.14061379735688467
RM134,41.0,36-45,No,Travel Rarely,802.0,Sales,9.0,1.0,Life Science,1.0,176,3.0,Male,96.0,3.0,3.0,Sales Executive,3.0,Divorced,8189.0,5k-10k,21196.0,3.0,Y,Yes,13.0,0.13,3.0,3.0,80,3,0.18198857957137726
RM514,20.0,18-25,Yes,Travel Rarely,1362.0,Research & Development,10.0,1.0,Medical,1.0,701,4.0,Male,32.0,3.0,1.0,Research Scientist,3.0,Single,1009.0,Upto 5k,26999.0,1.0,Y,Yes,11.0,0.11,3.0,4.0,80,3,0.6803770975828928
RM765,28.0,26-35,No,Travel Rarely,1144.0,Sales,10.0,1.0,Medical,1.0,1056,4.0,Male,74.0,3.0,1.0,Sales Representative,2.0,Married,1052.0,Upto 5k,23384.0,1.0,Y,No,22.0,0.22,4.0,2.0,80,0,0.18371554108244914
RM578,37.0,36-45,No,Travel Rarely,571.0,Research & Development,10.0,1.0,Life Science,1.0,802,4.0,Female,82.0,3.0,1.0,Research Scientist,1.0,Divorced,2782.0,Upto 5k,19905.0,0.0,Y,Yes,13.0,0.13,3.0,2.0,80,3,0.32224024352825603
RM723,38.0,36-45,No,Travel Frequently,1391.0,Research & Development,10.0,1.0,Medical,1.0,1006,3.0,Male,66.0,3.0,1.0,Research Scientist,3.0,Married,2684.0,Upto 5k,12127.0,0.0,Y,No,17.0,0.17,3.0,2.0,80,0,0.14784954910476517
RM1285,39.0,36-45,No,Travel Rarely,1253.0,Research & Development,10.0,1.0,Medical,1.0,1800,3.0,Male,65.0,3.0,3.0,Research Director,3.0,Single,13464.0,10k-15k,7914.0,7.0,Y,No,21.0,0.21,4.0,3.0,80,1,0.05704318493124366
RM315,39.0,36-45,No,Travel Rarely,117.0,Research & Development,10.0,1.0,Medical,1.0,429,3.0,Male,99.0,3.0,4.0,Manager,1.0,Married,17068.0,15k+,5355.0,1.0,Y,Yes,14.0,0.14,3.0,4.0,80,2,0.11090607041488541
RM1018,27.0,26-35,No,Travel Rarely,1377.0,Research & Development,11.0,1.0,Life Science,1.0,1434,2.0,Male,91.0,3.0,1.0,Laboratory Technician,1.0,Married,2099.0,Upto 5k,7679.0,0.0,Y,No,14.0,0.14,3.0,2.0,80,3,0.2724079336125483
RM843,28.0,26-35,Yes,Travel Rarely,1485.0,Research & Development,12.0,1.0,Life Science,1.0,1175,3.0,Female,79.0,3.0,1.0,Laboratory Technician,4.0,Married,2515.0,Upto 5k,22955.0,1.0,Y,Yes,11.0,0.11,3.0,4.0,80,3,0.36286472044040496
RM181,31.0,26-35,No,Travel Rarely,140.0,Research & Development,12.0,1.0,Medical,1.0,246,3.0,Female,95.0,3.0,1.0,Research Scientist,4.0,Married,3929.0,Upto 5k,6984.0,8.0,Y,Yes,23.0,0.23,4.0,3.0,80,0,0.19678444811753934
RM479,25.0,18-25,No,Travel Rarely,622.0,Sales,13.0,1.0,Medical,1.0,645,2.0,Male,40.0,3.0,1.0,Sales Representative,3.0,Married,2096.0,Upto 5k,26376.0,1.0,Y,No,11.0,0.11,3.0,3.0,80,3,0.2607969796079454
RM713,33.0,26-35,No,Travel Rarely,461.0,Research & Development,13.0,1.0,Life Science,1.0,995,2.0,Female,53.0,3.0,1.0,Research Scientist,4.0,Single,3452.0,Upto 5k,17241.0,3.0,Y,No,18.0,0.18,3.0,1.0,80,0,0.2497291292015897
RM1008,29.0,26-35,Yes,Travel Frequently,337.0,Research & Development,14.0,1.0,Other,1.0,1421,3.0,Female,84.0,3.0,3.0,Healthcare Representative,4.0,Single,7553.0,5k-10k,22930.0,0.0,Y,Yes,12.0,0.12,3.0,1.0,80,3,0.603534032246897
RM665,36.0,36-45,No,Travel Rarely,1425.0,Research & Development,14.0,1.0,Life Science,1.0,924,3.0,Male,68.0,3.0,2.0,Healthcare Representative,4.0,Married,6586.0,5k-10k,4821.0,0.0,Y,Yes,17.0,0.17,3.0,1.0,80,0,0.14857098092419974
RM436,33.0,26-35,Yes,Travel Rarely,1277.0,Research & Development,15.0,1.0,Medical,1.0,582,2.0,Male,56.0,3.0,3.0,Manager,3.0,Married,13610.0,10k-15k,24619.0,7.0,Y,Yes,12.0,0.12,3.0,4.0,80,1,0.20259345817151206
RM1050,30.0,26-35,No,Travel Rarely,1358.0,Sales,16.0,1.0,Life Science,1.0,1479,4.0,Male,96.0,3.0,2.0,Sales Executive,3.0,Married,5301.0,5k-10k,2939.0,8.0,Y,No,15.0,0.15,3.0,3.0,80,1,0.13133257696652326
RM1234,30.0,26-35,No,Travel Rarely,793.0,Research & Development,16.0,1.0,Life Science,1.0,1729,2.0,Male,33.0,3.0,1.0,Research Scientist,4.0,Married,2862.0,Upto 5k,3811.0,1.0,Y,No,12.0,0.12,3.0,2.0,80,3,0.18078810767603865
RM664,21.0,18-25,Yes,Travel Rarely,1427.0,Research & Development,18.0,1.0,Other,1.0,923,4.0,Female,65.0,3.0,1.0,Research Scientist,4.0,Single,2693.0,Upto 5k,8870.0,1.0,Y,No,19.0,0.19,3.0,1.0,80,0,0.1833587680556595
RM114,24.0,18-25,No,Travel Rarely,1127.0,Research & Development,18.0,1.0,Life Science,1.0,150,2.0,Male,52.0,3.0,1.0,Laboratory Technician,3.0,Married,2774.0,Upto 5k,13257.0,0.0,Y,No,12.0,0.12,3.0,3.0,80,3,0.264396829779718
RM208,36.0,36-45,No,Travel Frequently,635.0,Research & Development,18.0,1.0,Medical,1.0,286,2.0,Female,73.0,3.0,1.0,Laboratory Technician,4.0,Single,2153.0,Upto 5k,7703.0,1.0,Y,No,13.0,0.13,3.0,1.0,80,3,0.22361742365986667
RM466,46.0,46-55,No,Travel Frequently,1034.0,Research & Development,18.0,1.0,Medical,1.0,624,1.0,Female,86.0,3.0,3.0,Healthcare Representative,3.0,Married,10527.0,10k-15k,8984.0,5.0,Y,No,11.0,0.11,3.0,4.0,80,2,0.2658450790198193
RM161,22.0,18-25,No,Travel Rarely,1256.0,Research & Development,19.0,1.0,Medical,1.0,217,3.0,Male,80.0,3.0,1.0,Research Scientist,4.0,Married,2323.0,Upto 5k,11992.0,1.0,Y,No,24.0,0.24,4.0,1.0,80,0,0.1440038380390591
RM966,25.0,18-25,No,Travel Rarely,882.0,Research & Development,19.0,1.0,Medical,1.0,1358,4.0,Male,67.0,3.0,1.0,Laboratory Technician,4.0,Married,3669.0,Upto 5k,9075.0,3.0,Y,No,11.0,0.11,3.0,3.0,80,3,0.18237139316141282
RM1083,23.0,18-25,No,Travel Rarely,507.0,Research & Development,20.0,1.0,Life Science,1.0,1533,1.0,Male,97.0,3.0,2.0,Laboratory Technician,3.0,Single,2272.0,Upto 5k,24812.0,0.0,Y,No,14.0,0.14,3.0,2.0,80,3,0.2781379674101696
RM1319,29.0,26-35,No,Travel Frequently,574.0,Research & Development,20.0,1.0,Medical,1.0,1852,4.0,Male,40.0,3.0,1.0,Laboratory Technician,4.0,Married,3812.0,Upto 5k,7003.0,1.0,Y,No,13.0,0.13,3.0,2.0,80,3,0.20181499304190711
RM677,35.0,26-35,No,Travel Rarely,1137.0,Research & Development,21.0,1.0,Life Science,1.0,942,4.0,Female,51.0,3.0,2.0,Healthcare Representative,4.0,Married,4014.0,Upto 5k,19170.0,1.0,Y,Yes,25.0,0.25,4.0,4.0,80,0,0.1468242166374659
RM128,19.0,18-25,Yes,Travel Rarely,528.0,Sales,22.0,1.0,Marketing,1.0,167,4.0,Male,50.0,3.0,1.0,Sales Representative,3.0,Single,1675.0,Upto 5k,26820.0,1.0,Y,Yes,19.0,0.19,3.0,4.0,80,0,0.8144239726989955
RM497,21.0,18-25,No,Travel Rarely,1343.0,Sales,22.0,1.0,Technical Degree,1.0,669,3.0,Male,49.0,3.0,1.0,Sales Representative,3.0,Single,3447.0,Upto 5k,24444.0,1.0,Y,No,11.0,0.11,3.0,3.0,80,3,0.2959009309785607
RM008,30.0,26-35,No,Travel Rarely,1358.0,Research & Development,24.0,1.0,Life Science,1.0,11,4.0,Male,67.0,3.0,1.0,Laboratory Technician,3.0,Divorced,2693.0,Upto 5k,13335.0,1.0,Y,No,22.0,0.22,4.0,2.0,80,0,0.2024257717669088
RM1240,31.0,26-35,No,Travel Frequently,163.0,Research & Development,24.0,1.0,Technical Degree,1.0,1736,4.0,Female,30.0,3.0,2.0,Manufacturing Director,4.0,Single,5238.0,5k-10k,6670.0,2.0,Y,No,20.0,0.2,4.0,4.0,80,0,0.12463117057688614
RM1430,39.0,36-45,No,Travel Rarely,116.0,Research & Development,24.0,1.0,Life Science,1.0,2014,1.0,Male,52.0,3.0,2.0,Research Scientist,4.0,Single,4108.0,Upto 5k,5340.0,7.0,Y,No,13.0,0.13,3.0,1.0,80,1,0.20643635973286267
RM135,26.0,26-35,No,Travel Rarely,1355.0,Human Resources,25.0,1.0,Life Science,1.0,177,3.0,Female,61.0,3.0,1.0,Human Resources,3.0,Married,2942.0,Upto 5k,8916.0,1.0,Y,No,23.0,0.23,4.0,4.0,80,0,0.27898942898885615
RM346,23.0,18-25,No,Travel Rarely,1309.0,Research & Development,26.0,1.0,Life Science,1.0,465,3.0,Male,83.0,3.0,1.0,Research Scientist,4.0,Divorced,2904.0,Upto 5k,16092.0,1.0,Y,No,12.0,0.12,3.0,3.0,80,3,0.1467235012338828
RM564,25.0,18-25,No,Travel Rarely,883.0,Sales,26.0,1.0,Medical,1.0,781,3.0,Female,32.0,3.0,2.0,Sales Executive,4.0,Single,6180.0,5k-10k,22807.0,1.0,Y,No,23.0,0.23,4.0,2.0,80,0,0.16657082131851647
RM013,31.0,26-35,No,Travel Rarely,670.0,Research & Development,26.0,1.0,Life Science,1.0,16,1.0,Male,31.0,3.0,1.0,Research Scientist,3.0,Divorced,2911.0,Upto 5k,15170.0,1.0,Y,No,17.0,0.17,3.0,4.0,80,0,0.20919904792377325
RM1231,24.0,18-25,No,Travel Rarely,506.0,Research & Development,29.0,1.0,Medical,1.0,1725,2.0,Male,91.0,3.0,1.0,Laboratory Technician,1.0,Divorced,3907.0,Upto 5k,3622.0,1.0,Y,No,13.0,0.13,3.0,2.0,80,3,0.26752298775140254
RM205,38.0,36-45,Yes,Travel Rarely,1180.0,Research & Development,29.0,1.0,Medical,1.0,282,2.0,Male,70.0,3.0,2.0,Healthcare Representative,1.0,Married,6673.0,5k-10k,11354.0,7.0,Y,Yes,19.0,0.19,3.0,2.0,80,1,0.5630564418898704
RM353,48.0,46-55,No,Travel Rarely,530.0,Sales,29.0,1.0,Medical,1.0,473,1.0,Female,91.0,3.0,3.0,Manager,3.0,Married,12504.0,10k-15k,23978.0,3.0,Y,No,21.0,0.21,4.0,2.0,80,2,0.1007326892680214
RM1424,22.0,18-25,No,Travel Rarely,581.0,Research & Development,1.0,2.0,Life Science,1.0,2007,4.0,Male,63.0,3.0,1.0,Research Scientist,3.0,Single,3375.0,Upto 5k,17624.0,0.0,Y,No,12.0,0.12,3.0,4.0,80,3,0.18701959242493443
RM911,23.0,18-25,No,Travel Rarely,373.0,Research & Development,1.0,2.0,Life Science,1.0,1270,4.0,Male,47.0,3.0,1.0,Research Scientist,3.0,Married,1223.0,Upto 5k,16901.0,1.0,Y,No,22.0,0.22,4.0,4.0,80,0,0.18851010547495464
RM374,27.0,26-35,No,Travel Rarely,1469.0,Research & Development,1.0,2.0,Medical,1.0,497,4.0,Male,82.0,3.0,1.0,Laboratory Technician,2.0,Divorced,3816.0,Upto 5k,17881.0,1.0,Y,No,11.0,0.11,3.0,2.0,80,3,0.15729859830256182
RM531,27.0,26-35,No,Travel Rarely,608.0,Research & Development,1.0,2.0,Life Science,1.0,725,3.0,Female,68.0,3.0,3.0,Manufacturing Director,1.0,Married,7412.0,5k-10k,6009.0,1.0,Y,No,11.0,0.11,3.0,4.0,80,3,0.14372971688232977
RM1324,28.0,26-35,No,Non Travel,280.0,Human Resources,1.0,2.0,Life Science,1.0,1858,3.0,Male,43.0,3.0,1.0,Human Resources,4.0,Divorced,2706.0,Upto 5k,10494.0,1.0,Y,No,15.0,0.15,3.0,2.0,80,3,0.13211606790890257
RM045,30.0,26-35,No,Travel Frequently,721.0,Research & Development,1.0,2.0,Medical,1.0,57,3.0,Female,58.0,3.0,2.0,Laboratory Technician,4.0,Single,4011.0,Upto 5k,10781.0,1.0,Y,No,23.0,0.23,4.0,4.0,80,0,0.12381834145080785
RM1413,30.0,26-35,No,Travel Rarely,911.0,Research & Development,1.0,2.0,Medical,1.0,1989,4.0,Male,76.0,3.0,1.0,Laboratory Technician,2.0,Married,3748.0,Upto 5k,4077.0,1.0,Y,No,13.0,0.13,3.0,3.0,80,3,0.18493960991587968
RM056,33.0,26-35,No,Travel Frequently,515.0,Research & Development,1.0,2.0,Life Science,1.0,73,1.0,Female,98.0,3.0,3.0,Research Director,4.0,Single,13458.0,10k-15k,15146.0,1.0,Y,Yes,12.0,0.12,3.0,3.0,80,3,0.12162653302813135
RM085,34.0,26-35,No,Travel Rarely,1153.0,Research & Development,1.0,2.0,Medical,1.0,110,1.0,Male,94.0,3.0,2.0,Manufacturing Director,2.0,Married,4325.0,Upto 5k,17736.0,1.0,Y,No,15.0,0.15,3.0,3.0,80,3,0.1662412213173972
RM622,36.0,36-45,No,Travel Rarely,928.0,Sales,1.0,2.0,Life Science,1.0,857,2.0,Male,56.0,3.0,2.0,Sales Executive,4.0,Married,6201.0,5k-10k,2823.0,1.0,Y,Yes,14.0,0.14,3.0,4.0,80,3,0.21028097201217902
RM001,41.0,36-45,Yes,Travel Rarely,1102.0,Sales,1.0,2.0,Life Science,1.0,1,2.0,Female,94.0,3.0,2.0,Sales Executive,4.0,Single,5993.0,5k-10k,19479.0,8.0,Y,Yes,11.0,0.11,3.0,1.0,80,1,0.6391280166002857
RM1280,44.0,36-45,Yes,Travel Frequently,429.0,Research & Development,1.0,2.0,Medical,1.0,1792,3.0,Male,99.0,3.0,1.0,Research Scientist,2.0,Divorced,2342.0,Upto 5k,11092.0,1.0,Y,Yes,12.0,0.12,3.0,3.0,80,3,0.43676397183964827
RM179,46.0,46-55,No,Travel Rarely,526.0,Sales,1.0,2.0,Marketing,1.0,244,2.0,Female,92.0,3.0,3.0,Sales Executive,1.0,Divorced,10453.0,10k-15k,2137.0,1.0,Y,No,25.0,0.25,4.0,3.0,80,0,0.11915049960615565
RM944,46.0,46-55,No,Travel Rarely,991.0,Human Resources,1.0,2.0,Life Science,1.0,1314,4.0,Female,44.0,3.0,1.0,Human Resources,1.0,Single,3423.0,Upto 5k,22957.0,6.0,Y,No,12.0,0.12,3.0,3.0,80,1,0.16599108856919906
RM715,50.0,46-55,No,Travel Rarely,1126.0,Research & Development,1.0,2.0,Medical,1.0,997,4.0,Male,66.0,3.0,4.0,Research Director,4.0,Divorced,17399.0,15k+,6615.0,9.0,Y,No,22.0,0.22,4.0,3.0,80,2,0.04601908650784026
RM700,52.0,46-55,No,Travel Rarely,1053.0,Research & Development,1.0,2.0,Life Science,1.0,976,4.0,Male,70.0,3.0,4.0,Manager,4.0,Married,17099.0,15k+,13829.0,2.0,Y,No,15.0,0.15,3.0,2.0,80,2,0.038319829609934006
RM083,55.0,46-55,No,Travel Rarely,111.0,Sales,1.0,2.0,Life Science,1.0,106,1.0,Male,70.0,3.0,3.0,Sales Executive,4.0,Married,10239.0,10k-15k,18092.0,3.0,Y,No,14.0,0.14,3.0,4.0,80,2,0.1890319961265187
RM1024,56.0,55+,No,Travel Rarely,1255.0,Research & Development,1.0,2.0,Life Science,1.0,1441,1.0,Female,90.0,3.0,1.0,Research Scientist,1.0,Married,2066.0,Upto 5k,10494.0,2.0,Y,No,22.0,0.22,4.0,4.0,80,0,0.15485420825161533
RM759,59.0,55+,No,Travel Rarely,1089.0,Sales,1.0,2.0,Technical Degree,1.0,1048,2.0,Male,66.0,3.0,3.0,Manager,4.0,Married,11904.0,10k-15k,11038.0,3.0,Y,Yes,14.0,0.14,3.0,3.0,80,2,0.16756875420869366
RM283,29.0,26-35,No,Travel Frequently,442.0,Sales,2.0,2.0,Life Science,1.0,388,2.0,Male,44.0,3.0,2.0,Sales Executive,4.0,Single,4554.0,Upto 5k,20260.0,1.0,Y,No,18.0,0.18,3.0,1.0,80,0,0.21181407865835625
RM1418,31.0,26-35,No,Travel Rarely,1154.0,Sales,2.0,2.0,Life Science,1.0,1996,1.0,Male,54.0,3.0,1.0,Sales Representative,3.0,Married,3067.0,Upto 5k,6393.0,0.0,Y,No,19.0,0.19,3.0,3.0,80,0,0.23911752969134928
RM006,32.0,26-35,No,Travel Frequently,1005.0,Research & Development,2.0,2.0,Life Science,1.0,8,4.0,Male,79.0,3.0,1.0,Laboratory Technician,4.0,Single,3068.0,Upto 5k,11864.0,0.0,Y,No,13.0,0.13,3.0,3.0,80,3,0.21332046401987417
RM882,32.0,26-35,No,Travel Frequently,1316.0,Research & Development,2.0,2.0,Life Science,1.0,1235,4.0,Female,38.0,3.0,2.0,Research Scientist,3.0,Single,4998.0,Upto 5k,2338.0,4.0,Y,Yes,14.0,0.14,3.0,4.0,80,3,0.17252400464330162
RM237,33.0,26-35,Yes,Travel Rarely,465.0,Research & Development,2.0,2.0,Life Science,1.0,328,1.0,Female,39.0,3.0,1.0,Laboratory Technician,1.0,Married,2707.0,Upto 5k,21509.0,7.0,Y,No,20.0,0.2,4.0,1.0,80,1,0.4024355646113702
RM823,34.0,26-35,No,Travel Frequently,1003.0,Research & Development,2.0,2.0,Life Science,1.0,1140,4.0,Male,95.0,3.0,2.0,Manufacturing Director,3.0,Single,4033.0,Upto 5k,15834.0,2.0,Y,No,11.0,0.11,3.0,4.0,80,3,0.13708066179090636
RM1289,35.0,26-35,No,Non Travel,1180.0,Research & Development,2.0,2.0,Medical,1.0,1804,2.0,Male,90.0,3.0,2.0,Manufacturing Director,4.0,Divorced,5762.0,5k-10k,24442.0,2.0,Y,No,14.0,0.14,3.0,3.0,80,3,0.06256492749664429
RM417,38.0,36-45,No,Travel Frequently,1490.0,Research & Development,2.0,2.0,Life Science,1.0,556,4.0,Male,42.0,3.0,1.0,Laboratory Technician,4.0,Married,1702.0,Upto 5k,12106.0,1.0,Y,Yes,23.0,0.23,4.0,3.0,80,0,0.3932619995218737
RM812,38.0,36-45,No,Travel Rarely,130.0,Sales,2.0,2.0,Marketing,1.0,1125,4.0,Male,32.0,3.0,3.0,Sales Executive,2.0,Single,7351.0,5k-10k,20619.0,7.0,Y,No,16.0,0.16,3.0,3.0,80,1,0.20344378408777178
RM964,38.0,36-45,No,Travel Rarely,1009.0,Sales,2.0,2.0,Life Science,1.0,1355,2.0,Female,31.0,3.0,2.0,Sales Executive,1.0,Divorced,6893.0,5k-10k,19461.0,3.0,Y,No,15.0,0.15,3.0,4.0,80,1,0.09167978217338524
RM1287,40.0,36-45,No,Travel Rarely,616.0,Research & Development,2.0,2.0,Life Science,1.0,1802,3.0,Female,99.0,3.0,1.0,Laboratory Technician,1.0,Married,3377.0,Upto 5k,25605.0,4.0,Y,No,17.0,0.17,3.0,4.0,80,1,0.16559512659904171
RM1411,40.0,36-45,No,Travel Rarely,444.0,Sales,2.0,2.0,Marketing,1.0,1986,2.0,Female,92.0,3.0,2.0,Sales Executive,2.0,Married,5677.0,5k-10k,4258.0,3.0,Y,No,14.0,0.14,3.0,3.0,80,1,0.14868758466526383
RM258,40.0,36-45,No,Travel Rarely,1416.0,Research & Development,2.0,2.0,Medical,1.0,352,1.0,Male,49.0,3.0,5.0,Research Director,3.0,Divorced,19436.0,15k+,5949.0,0.0,Y,No,19.0,0.19,3.0,4.0,80,2,0.04126719724526183
RM388,40.0,36-45,No,Travel Rarely,759.0,Sales,2.0,2.0,Marketing,1.0,516,4.0,Female,46.0,3.0,2.0,Sales Executive,2.0,Divorced,5715.0,5k-10k,22553.0,7.0,Y,No,12.0,0.12,3.0,3.0,80,1,0.18826333068853962
RM800,42.0,36-45,No,Travel Rarely,469.0,Research & Development,2.0,2.0,Medical,1.0,1109,4.0,Male,35.0,3.0,4.0,Manager,1.0,Married,17665.0,15k+,14399.0,0.0,Y,No,17.0,0.17,3.0,4.0,80,2,0.05155623143066648
RM1323,46.0,46-55,No,Travel Rarely,706.0,Research & Development,2.0,2.0,Life Science,1.0,1857,4.0,Male,82.0,3.0,3.0,Manufacturing Director,4.0,Divorced,8578.0,5k-10k,19989.0,3.0,Y,No,14.0,0.14,3.0,3.0,80,2,0.09265043131850387
RM429,47.0,46-55,No,Travel Rarely,983.0,Research & Development,2.0,2.0,Medical,1.0,574,1.0,Female,65.0,3.0,2.0,Manufacturing Director,4.0,Divorced,5070.0,5k-10k,7389.0,5.0,Y,No,13.0,0.13,3.0,3.0,80,1,0.13228199234731317
RM593,47.0,46-55,No,Travel Rarely,202.0,Research & Development,2.0,2.0,Other,1.0,820,3.0,Female,33.0,3.0,4.0,Manager,4.0,Married,16752.0,15k+,12982.0,1.0,Y,Yes,11.0,0.11,3.0,3.0,80,2,0.039426463284505546
RM652,47.0,46-55,No,Travel Rarely,249.0,Sales,2.0,2.0,Marketing,1.0,903,3.0,Female,35.0,3.0,2.0,Sales Executive,4.0,Married,4537.0,Upto 5k,17783.0,0.0,Y,Yes,22.0,0.22,4.0,1.0,80,0,0.1742685699810721
RM702,53.0,46-55,No,Travel Rarely,1376.0,Sales,2.0,2.0,Medical,1.0,981,3.0,Male,45.0,3.0,4.0,Manager,3.0,Divorced,14852.0,10k-15k,13938.0,6.0,Y,No,13.0,0.13,3.0,3.0,80,2,0.057881400412279266
RM1154,18.0,18-25,Yes,Travel Frequently,544.0,Sales,3.0,2.0,Medical,1.0,1624,2.0,Female,70.0,3.0,1.0,Sales Representative,4.0,Single,1569.0,Upto 5k,18420.0,1.0,Y,Yes,12.0,0.12,3.0,3.0,80,3,0.8237119175108257
RM097,24.0,18-25,No,Travel Rarely,1353.0,Sales,3.0,2.0,Other,1.0,128,1.0,Female,33.0,3.0,2.0,Sales Executive,3.0,Married,4999.0,Upto 5k,17519.0,0.0,Y,No,21.0,0.21,4.0,1.0,80,0,0.13345604103991748
RM526,24.0,18-25,Yes,Travel Rarely,693.0,Sales,3.0,2.0,Life Science,1.0,720,1.0,Female,65.0,3.0,2.0,Sales Executive,3.0,Single,4577.0,Upto 5k,24785.0,9.0,Y,No,14.0,0.14,3.0,1.0,80,1,0.6126899518331389
RM508,29.0,26-35,No,Travel Rarely,1176.0,Sales,3.0,2.0,Medical,1.0,690,2.0,Female,62.0,3.0,2.0,Sales Executive,3.0,Married,5561.0,5k-10k,3487.0,1.0,Y,No,14.0,0.14,3.0,1.0,80,3,0.19466701911589254
RM1383,31.0,26-35,No,Non Travel,976.0,Research & Development,3.0,2.0,Medical,1.0,1948,3.0,Male,48.0,3.0,1.0,Research Scientist,1.0,Divorced,3065.0,Upto 5k,3995.0,1.0,Y,Yes,13.0,0.13,3.0,4.0,80,3,0.26677762590602233
RM532,32.0,26-35,No,Travel Rarely,1018.0,Research & Development,3.0,2.0,Life Science,1.0,727,3.0,Female,39.0,3.0,3.0,Research Director,4.0,Single,11159.0,10k-15k,19373.0,3.0,Y,No,15.0,0.15,3.0,4.0,80,3,0.05225860592944653
RM656,33.0,26-35,No,Travel Rarely,1075.0,Human Resources,3.0,2.0,Human Resources,1.0,910,4.0,Male,57.0,3.0,1.0,Human Resources,2.0,Divorced,2277.0,Upto 5k,22650.0,3.0,Y,Yes,11.0,0.11,3.0,3.0,80,3,0.28867509332848107
RM614,34.0,26-35,No,Travel Rarely,829.0,Human Resources,3.0,2.0,Human Resources,1.0,847,3.0,Male,88.0,3.0,1.0,Human Resources,4.0,Married,3737.0,Upto 5k,2243.0,0.0,Y,No,19.0,0.19,3.0,3.0,80,0,0.15840397710795287
RM119,36.0,36-45,No,Travel Rarely,922.0,Research & Development,3.0,2.0,Life Science,1.0,155,1.0,Female,39.0,3.0,1.0,Laboratory Technician,4.0,Divorced,2835.0,Upto 5k,2561.0,5.0,Y,No,22.0,0.22,4.0,1.0,80,0,0.21110605382413603
RM173,36.0,36-45,No,Travel Frequently,1480.0,Research & Development,3.0,2.0,Medical,1.0,238,4.0,Male,30.0,3.0,1.0,Laboratory Technician,2.0,Single,2088.0,Upto 5k,15062.0,4.0,Y,No,12.0,0.12,3.0,3.0,80,1,0.1827332884012089
RM328,39.0,36-45,Yes,Travel Rarely,1162.0,Sales,3.0,2.0,Medical,1.0,445,4.0,Female,41.0,3.0,2.0,Sales Executive,3.0,Married,5238.0,5k-10k,17778.0,4.0,Y,Yes,18.0,0.18,3.0,1.0,80,1,0.5426908333491063
RM913,26.0,26-35,No,Travel Rarely,583.0,Research & Development,4.0,2.0,Life Science,1.0,1275,3.0,Male,53.0,3.0,1.0,Research Scientist,4.0,Single,2875.0,Upto 5k,9973.0,1.0,Y,Yes,20.0,0.2,4.0,2.0,80,0,0.5154818525096679
RM903,27.0,26-35,No,Travel Rarely,1167.0,Research & Development,4.0,2.0,Life Science,1.0,1259,1.0,Male,76.0,3.0,1.0,Research Scientist,3.0,Divorced,2517.0,Upto 5k,3208.0,1.0,Y,No,11.0,0.11,3.0,2.0,80,3,0.31706158306302024
RM239,32.0,26-35,No,Travel Rarely,1401.0,Sales,4.0,2.0,Life Science,1.0,330,3.0,Female,56.0,3.0,1.0,Sales Representative,2.0,Married,3931.0,Upto 5k,20990.0,2.0,Y,No,11.0,0.11,3.0,1.0,80,3,0.1793100840212805
RM041,35.0,26-35,No,Travel Rarely,464.0,Research & Development,4.0,2.0,Other,1.0,53,3.0,Male,75.0,3.0,1.0,Laboratory Technician,4.0,Divorced,1951.0,Upto 5k,10910.0,1.0,Y,No,12.0,0.12,3.0,3.0,80,3,0.17648868140600038
RM1441,36.0,36-45,No,Travel Frequently,688.0,Research & Development,4.0,2.0,Life Science,1.0,2025,4.0,Female,97.0,3.0,2.0,Manufacturing Director,2.0,Divorced,5131.0,5k-10k,9192.0,7.0,Y,No,13.0,0.13,3.0,2.0,80,1,0.14254763981841245
RM1203,38.0,36-45,No,Travel Rarely,1495.0,Research & Development,4.0,2.0,Medical,1.0,1687,4.0,Female,87.0,3.0,1.0,Laboratory Technician,3.0,Married,3306.0,Upto 5k,26176.0,7.0,Y,No,19.0,0.19,3.0,4.0,80,1,0.19546333973002364
RM232,42.0,36-45,No,Travel Rarely,532.0,Research & Development,4.0,2.0,Technical Degree,1.0,319,3.0,Male,58.0,3.0,5.0,Manager,4.0,Married,19232.0,15k+,4933.0,1.0,Y,No,11.0,0.11,3.0,4.0,80,2,0.08316046524305133
RM175,45.0,36-45,No,Travel Rarely,1268.0,Sales,4.0,2.0,Life Science,1.0,240,3.0,Female,30.0,3.0,2.0,Sales Executive,1.0,Divorced,5006.0,5k-10k,6319.0,4.0,Y,Yes,11.0,0.11,3.0,1.0,80,1,0.16971357962124775
RM697,45.0,36-45,No,Non Travel,805.0,Research & Development,4.0,2.0,Life Science,1.0,972,3.0,Male,57.0,3.0,2.0,Laboratory Technician,2.0,Married,4447.0,Upto 5k,23163.0,1.0,Y,No,12.0,0.12,3.0,2.0,80,3,0.09204023351154549
RM720,47.0,46-55,No,Travel Rarely,955.0,Sales,4.0,2.0,Life Science,1.0,1003,4.0,Female,83.0,3.0,2.0,Sales Executive,4.0,Single,4163.0,Upto 5k,8571.0,1.0,Y,Yes,17.0,0.17,3.0,3.0,80,0,0.2883220221764729
RM409,52.0,46-55,No,Travel Rarely,1490.0,Research & Development,4.0,2.0,Life Science,1.0,546,4.0,Female,30.0,3.0,4.0,Manager,4.0,Married,16555.0,15k+,10310.0,2.0,Y,No,13.0,0.13,3.0,4.0,80,2,0.025508917530709545
RM728,18.0,18-25,No,Non Travel,287.0,Research & Development,5.0,2.0,Life Science,1.0,1012,2.0,Male,73.0,3.0,1.0,Research Scientist,4.0,Single,1051.0,Upto 5k,13493.0,1.0,Y,No,15.0,0.15,3.0,4.0,80,3,0.21320325261071854
RM1318,27.0,26-35,No,Travel Frequently,1297.0,Research & Development,5.0,2.0,Life Science,1.0,1850,4.0,Female,53.0,3.0,1.0,Laboratory Technician,4.0,Single,2379.0,Upto 5k,19826.0,0.0,Y,Yes,14.0,0.14,3.0,3.0,80,3,0.4025919802334403
RM642,32.0,26-35,No,Travel Frequently,379.0,Sales,5.0,2.0,Life Science,1.0,889,2.0,Male,48.0,3.0,2.0,Sales Executive,2.0,Married,6524.0,5k-10k,8891.0,1.0,Y,No,14.0,0.14,3.0,4.0,80,3,0.16513068404567402
RM221,36.0,36-45,No,Travel Rarely,1396.0,Research & Development,5.0,2.0,Life Science,1.0,304,4.0,Male,62.0,3.0,2.0,Laboratory Technician,2.0,Single,5914.0,5k-10k,9945.0,8.0,Y,No,16.0,0.16,3.0,4.0,80,1,0.11151431152897767
RM341,37.0,36-45,No,Travel Rarely,1192.0,Research & Development,5.0,2.0,Medical,1.0,460,4.0,Male,61.0,3.0,2.0,Manufacturing Director,4.0,Divorced,6347.0,5k-10k,23177.0,7.0,Y,No,16.0,0.16,3.0,3.0,80,1,0.10138670476835414
RM442,42.0,36-45,No,Travel Frequently,1474.0,Research & Development,5.0,2.0,Other,1.0,591,2.0,Male,97.0,3.0,1.0,Laboratory Technician,3.0,Married,2093.0,Upto 5k,9260.0,4.0,Y,No,17.0,0.17,3.0,4.0,80,1,0.22640312073555757
RM742,42.0,36-45,No,Travel Rarely,265.0,Sales,5.0,2.0,Marketing,1.0,1029,4.0,Male,90.0,3.0,5.0,Manager,3.0,Married,18303.0,15k+,7770.0,6.0,Y,No,13.0,0.13,3.0,2.0,80,2,0.0651229330695142
RM080,46.0,46-55,No,Travel Rarely,945.0,Human Resources,5.0,2.0,Medical,1.0,103,2.0,Male,80.0,3.0,2.0,Human Resources,2.0,Divorced,5021.0,5k-10k,10425.0,8.0,Y,Yes,22.0,0.22,4.0,4.0,80,1,0.15991608095417342
RM393,54.0,46-55,No,Travel Rarely,821.0,Research & Development,5.0,2.0,Medical,1.0,522,1.0,Male,86.0,3.0,5.0,Research Director,1.0,Married,19406.0,15k+,8509.0,4.0,Y,No,11.0,0.11,3.0,3.0,80,2,0.10282405739305762
RM136,36.0,36-45,No,Travel Rarely,216.0,Research & Development,6.0,2.0,Medical,1.0,178,2.0,Male,84.0,3.0,2.0,Manufacturing Director,2.0,Divorced,4941.0,Upto 5k,2819.0,6.0,Y,No,20.0,0.2,4.0,4.0,80,1,0.1493335564503594
RM1097,40.0,36-45,No,Travel Rarely,898.0,Human Resources,6.0,2.0,Medical,1.0,1550,3.0,Male,38.0,3.0,4.0,Manager,4.0,Single,16437.0,15k+,17381.0,1.0,Y,Yes,21.0,0.21,4.0,4.0,80,2,0.10577218116619008
RM469,52.0,46-55,No,Travel Rarely,956.0,Research & Development,6.0,2.0,Technical Degree,1.0,630,4.0,Male,78.0,3.0,2.0,Research Scientist,1.0,Divorced,5577.0,5k-10k,22087.0,3.0,Y,Yes,12.0,0.12,3.0,2.0,80,1,0.1793028105090702
RM153,53.0,46-55,No,Travel Rarely,1436.0,Sales,6.0,2.0,Marketing,1.0,205,2.0,Male,34.0,3.0,2.0,Sales Representative,3.0,Married,2306.0,Upto 5k,16047.0,2.0,Y,Yes,20.0,0.2,4.0,4.0,80,0,0.28842467779645237
RM233,59.0,55+,No,Travel Rarely,818.0,Human Resources,6.0,2.0,Medical,1.0,321,2.0,Male,52.0,3.0,1.0,Human Resources,3.0,Married,2267.0,Upto 5k,25657.0,8.0,Y,No,17.0,0.17,3.0,4.0,80,1,0.30688031410539857
RM395,31.0,26-35,No,Travel Rarely,480.0,Research & Development,7.0,2.0,Medical,1.0,524,2.0,Female,31.0,3.0,2.0,Manufacturing Director,1.0,Married,4306.0,Upto 5k,4156.0,1.0,Y,No,12.0,0.12,3.0,2.0,80,3,0.14926303023955037
RM940,32.0,26-35,Yes,Travel Rarely,1089.0,Research & Development,7.0,2.0,Life Science,1.0,1309,4.0,Male,79.0,3.0,2.0,Laboratory Technician,3.0,Married,4883.0,Upto 5k,22845.0,1.0,Y,No,18.0,0.18,3.0,1.0,80,0,0.4231643652394718
RM1399,33.0,26-35,No,Travel Frequently,1303.0,Research & Development,7.0,2.0,Life Science,1.0,1970,4.0,Male,36.0,3.0,2.0,Healthcare Representative,3.0,Divorced,5968.0,5k-10k,18079.0,1.0,Y,No,20.0,0.2,4.0,3.0,80,0,0.06411275515320632
RM1088,34.0,26-35,No,Travel Rarely,1440.0,Sales,7.0,2.0,Technical Degree,1.0,1541,2.0,Male,55.0,3.0,1.0,Sales Representative,3.0,Married,2308.0,Upto 5k,4944.0,0.0,Y,Yes,25.0,0.25,4.0,2.0,80,0,0.27605626823868656
RM738,41.0,36-45,No,Travel Rarely,549.0,Research & Development,7.0,2.0,Medical,1.0,1025,4.0,Female,42.0,3.0,2.0,Manufacturing Director,3.0,Single,5003.0,5k-10k,23371.0,6.0,Y,No,14.0,0.14,3.0,2.0,80,1,0.1392742219458278
RM724,46.0,46-55,No,Travel Rarely,566.0,Research & Development,7.0,2.0,Medical,1.0,1007,4.0,Male,75.0,3.0,3.0,Manufacturing Director,3.0,Divorced,10845.0,10k-15k,24208.0,6.0,Y,No,13.0,0.13,3.0,2.0,80,1,0.13389432295399606
RM1205,48.0,46-55,Yes,Travel Frequently,708.0,Sales,7.0,2.0,Medical,1.0,1691,4.0,Female,95.0,3.0,1.0,Sales Representative,3.0,Married,2655.0,Upto 5k,11740.0,2.0,Y,Yes,11.0,0.11,3.0,3.0,80,3,0.4676896674018849
RM859,53.0,46-55,No,Travel Rarely,1223.0,Research & Development,7.0,2.0,Medical,1.0,1201,4.0,Female,50.0,3.0,5.0,Manager,3.0,Divorced,18606.0,15k+,18640.0,3.0,Y,No,18.0,0.18,3.0,2.0,80,2,0.04518959875591871
RM1445,56.0,55+,Yes,Travel Rarely,310.0,Research & Development,7.0,2.0,Technical Degree,1.0,2032,4.0,Male,72.0,3.0,1.0,Laboratory Technician,3.0,Married,2339.0,Upto 5k,3666.0,8.0,Y,No,11.0,0.11,3.0,4.0,80,1,0.627511046113319
RM1434,25.0,18-25,No,Travel Rarely,1382.0,Sales,8.0,2.0,Other,1.0,2018,1.0,Female,85.0,3.0,2.0,Sales Executive,3.0,Divorced,4907.0,Upto 5k,13684.0,0.0,Y,Yes,22.0,0.22,4.0,2.0,80,0,0.1201818330030513
RM290,28.0,26-35,No,Travel Rarely,1117.0,Research & Development,8.0,2.0,Life Science,1.0,395,4.0,Female,66.0,3.0,1.0,Research Scientist,4.0,Single,3310.0,Upto 5k,4488.0,1.0,Y,No,21.0,0.21,4.0,4.0,80,0,0.1191846391798546
RM703,30.0,26-35,No,Travel Rarely,231.0,Sales,8.0,2.0,Other,1.0,982,3.0,Male,62.0,3.0,3.0,Sales Executive,3.0,Divorced,7264.0,5k-10k,9977.0,5.0,Y,No,11.0,0.11,3.0,1.0,80,1,0.2818178739004908
RM1031,31.0,26-35,No,Travel Rarely,326.0,Sales,8.0,2.0,Life Science,1.0,1453,1.0,Male,31.0,3.0,3.0,Sales Executive,4.0,Divorced,10793.0,10k-15k,8386.0,1.0,Y,No,18.0,0.18,3.0,1.0,80,0,0.15851909833663072
RM550,34.0,26-35,No,Travel Rarely,970.0,Research & Development,8.0,2.0,Medical,1.0,757,2.0,Female,96.0,3.0,2.0,Healthcare Representative,3.0,Single,6142.0,5k-10k,7360.0,3.0,Y,No,11.0,0.11,3.0,4.0,80,3,0.13917986351904965
RM584,34.0,26-35,No,Travel Rarely,1111.0,Sales,8.0,2.0,Life Science,1.0,808,3.0,Female,93.0,3.0,2.0,Sales Executive,1.0,Married,6500.0,5k-10k,13305.0,5.0,Y,No,17.0,0.17,3.0,2.0,80,1,0.21037589618925567
RM1281,37.0,36-45,No,Travel Rarely,1239.0,Human Resources,8.0,2.0,Other,1.0,1794,3.0,Male,89.0,3.0,2.0,Human Resources,2.0,Divorced,4071.0,Upto 5k,12832.0,2.0,Y,No,13.0,0.13,3.0,3.0,80,3,0.13837612300062213
RM1099,40.0,36-45,No,Non Travel,1142.0,Research & Development,8.0,2.0,Life Science,1.0,1552,4.0,Male,72.0,3.0,2.0,Healthcare Representative,4.0,Divorced,4069.0,Upto 5k,8841.0,3.0,Y,Yes,18.0,0.18,3.0,3.0,80,0,0.05798434779082362
RM1230,40.0,36-45,No,Travel Rarely,369.0,Research & Development,8.0,2.0,Life Science,1.0,1724,2.0,Female,92.0,3.0,2.0,Manufacturing Director,1.0,Married,6516.0,5k-10k,5041.0,2.0,Y,Yes,16.0,0.16,3.0,2.0,80,3,0.23929825244186081
RM678,49.0,46-55,No,Travel Rarely,527.0,Research & Development,8.0,2.0,Other,1.0,944,1.0,Female,51.0,3.0,3.0,Laboratory Technician,2.0,Married,7403.0,5k-10k,22477.0,4.0,Y,No,11.0,0.11,3.0,3.0,80,1,0.21307124056401403
RM529,50.0,46-55,Yes,Travel Frequently,562.0,Sales,8.0,2.0,Technical Degree,1.0,723,2.0,Male,50.0,3.0,2.0,Sales Executive,3.0,Married,6796.0,5k-10k,23452.0,3.0,Y,Yes,14.0,0.14,3.0,1.0,80,1,0.6636526081676323
RM854,19.0,18-25,No,Travel Rarely,645.0,Research & Development,9.0,2.0,Life Science,1.0,1193,3.0,Male,54.0,3.0,1.0,Research Scientist,1.0,Single,2552.0,Upto 5k,7172.0,1.0,Y,No,25.0,0.25,4.0,3.0,80,0,0.3923400044029979
RM363,21.0,18-25,No,Non Travel,895.0,Sales,9.0,2.0,Medical,1.0,484,1.0,Male,39.0,3.0,1.0,Sales Representative,4.0,Single,2610.0,Upto 5k,2851.0,1.0,Y,No,24.0,0.24,4.0,3.0,80,0,0.20502147363140877
RM932,30.0,26-35,No,Non Travel,879.0,Research & Development,9.0,2.0,Medical,1.0,1298,3.0,Female,72.0,3.0,2.0,Manufacturing Director,3.0,Single,4695.0,Upto 5k,12858.0,7.0,Y,Yes,18.0,0.18,3.0,3.0,80,1,0.24239579618612855
RM1377,38.0,36-45,No,Travel Rarely,1206.0,Research & Development,9.0,2.0,Life Science,1.0,1940,2.0,Male,71.0,3.0,1.0,Research Scientist,4.0,Divorced,4771.0,Upto 5k,14293.0,2.0,Y,No,19.0,0.19,3.0,4.0,80,0,0.08206369538632297
RM180,38.0,36-45,No,Travel Rarely,1380.0,Research & Development,9.0,2.0,Life Science,1.0,245,3.0,Female,75.0,3.0,1.0,Laboratory Technician,4.0,Single,2288.0,Upto 5k,6319.0,1.0,Y,No,12.0,0.12,3.0,3.0,80,3,0.1873870978138107
RM1373,39.0,36-45,No,Travel Rarely,867.0,Research & Development,9.0,2.0,Medical,1.0,1936,1.0,Male,87.0,3.0,2.0,Manufacturing Director,1.0,Married,5151.0,5k-10k,12315.0,1.0,Y,No,25.0,0.25,4.0,4.0,80,0,0.15120601139798162
RM1095,40.0,36-45,No,Travel Rarely,1342.0,Sales,9.0,2.0,Medical,1.0,1548,1.0,Male,47.0,3.0,2.0,Sales Executive,1.0,Married,5473.0,5k-10k,19345.0,0.0,Y,No,12.0,0.12,3.0,4.0,80,3,0.1482845339821739
RM1051,42.0,36-45,No,Travel Frequently,748.0,Research & Development,9.0,2.0,Medical,1.0,1480,1.0,Female,74.0,3.0,1.0,Laboratory Technician,4.0,Single,3673.0,Upto 5k,16458.0,1.0,Y,No,13.0,0.13,3.0,3.0,80,3,0.26022155271515746
RM659,44.0,36-45,No,Travel Rarely,661.0,Research & Development,9.0,2.0,Life Science,1.0,913,2.0,Male,61.0,3.0,1.0,Research Scientist,1.0,Married,2559.0,Upto 5k,7508.0,1.0,Y,Yes,13.0,0.13,3.0,4.0,80,3,0.4340068752520201
RM1398,54.0,46-55,No,Travel Rarely,155.0,Research & Development,9.0,2.0,Life Science,1.0,1969,1.0,Female,67.0,3.0,2.0,Research Scientist,3.0,Married,2897.0,Upto 5k,22474.0,3.0,Y,No,11.0,0.11,3.0,3.0,80,1,0.22127700104978387
RM538,27.0,26-35,No,Travel Frequently,294.0,Research & Development,10.0,2.0,Life Science,1.0,733,4.0,Male,32.0,3.0,3.0,Manufacturing Director,1.0,Divorced,8793.0,5k-10k,4809.0,1.0,Y,No,21.0,0.21,4.0,3.0,80,0,0.1088272749676859
RM1359,31.0,26-35,No,Travel Rarely,1079.0,Sales,10.0,2.0,Medical,1.0,1912,3.0,Female,86.0,3.0,2.0,Sales Executive,4.0,Divorced,6583.0,5k-10k,20115.0,2.0,Y,Yes,11.0,0.11,3.0,4.0,80,3,0.15712754424841896
RM1452,38.0,36-45,No,Travel Rarely,345.0,Sales,10.0,2.0,Life Science,1.0,2041,1.0,Female,100.0,3.0,2.0,Sales Executive,4.0,Married,5343.0,5k-10k,5982.0,1.0,Y,No,11.0,0.11,3.0,3.0,80,3,0.2733371965047643
RM447,41.0,36-45,No,Non Travel,267.0,Sales,10.0,2.0,Life Science,1.0,599,4.0,Male,56.0,3.0,2.0,Sales Executive,4.0,Single,6230.0,5k-10k,13430.0,7.0,Y,No,14.0,0.14,3.0,4.0,80,1,0.15346777173259102
RM408,45.0,36-45,No,Travel Rarely,192.0,Research & Development,10.0,2.0,Life Science,1.0,544,1.0,Male,69.0,3.0,1.0,Research Scientist,4.0,Married,2654.0,Upto 5k,9655.0,3.0,Y,No,21.0,0.21,4.0,4.0,80,0,0.11704542831002103
RM285,26.0,26-35,No,Travel Frequently,496.0,Research & Development,11.0,2.0,Medical,1.0,390,1.0,Male,60.0,3.0,2.0,Healthcare Representative,1.0,Married,4741.0,Upto 5k,22722.0,1.0,Y,Yes,13.0,0.13,3.0,3.0,80,3,0.26331850418695796
RM896,31.0,26-35,No,Travel Rarely,1332.0,Research & Development,11.0,2.0,Medical,1.0,1251,3.0,Male,80.0,3.0,2.0,Healthcare Representative,1.0,Married,6833.0,5k-10k,17089.0,1.0,Y,Yes,12.0,0.12,3.0,4.0,80,3,0.138503628860515
RM821,35.0,26-35,No,Travel Frequently,1182.0,Sales,11.0,2.0,Marketing,1.0,1137,4.0,Male,54.0,3.0,2.0,Sales Executive,4.0,Divorced,4968.0,Upto 5k,18500.0,1.0,Y,No,11.0,0.11,3.0,4.0,80,3,0.13478599459350968
RM118,36.0,36-45,No,Travel Frequently,1467.0,Sales,11.0,2.0,Technical Degree,1.0,154,2.0,Female,92.0,3.0,3.0,Sales Executive,4.0,Married,9738.0,5k-10k,22952.0,0.0,Y,No,14.0,0.14,3.0,3.0,80,3,0.1991210178476953
RM756,45.0,36-45,No,Travel Rarely,1234.0,Sales,11.0,2.0,Life Science,1.0,1045,4.0,Female,90.0,3.0,4.0,Manager,4.0,Married,17650.0,15k+,5404.0,3.0,Y,No,13.0,0.13,3.0,2.0,80,2,0.04031872647614302
RM1409,23.0,18-25,No,Travel Rarely,571.0,Research & Development,12.0,2.0,Other,1.0,1982,4.0,Male,78.0,3.0,1.0,Laboratory Technician,4.0,Single,2647.0,Upto 5k,13672.0,1.0,Y,No,13.0,0.13,3.0,3.0,80,3,0.27088811454205425
RM1062,24.0,18-25,No,Non Travel,830.0,Sales,13.0,2.0,Life Science,1.0,1495,4.0,Female,78.0,3.0,1.0,Sales Representative,2.0,Married,2033.0,Upto 5k,7103.0,1.0,Y,No,13.0,0.13,3.0,3.0,80,3,0.1469193295087655
RM1370,28.0,26-35,Yes,Travel Rarely,1475.0,Sales,13.0,2.0,Marketing,1.0,1933,4.0,Female,84.0,3.0,2.0,Sales Executive,3.0,Single,9854.0,5k-10k,23352.0,3.0,Y,Yes,11.0,0.11,3.0,4.0,80,3,0.33737845414091716
RM1133,40.0,36-45,No,Travel Rarely,118.0,Sales,14.0,2.0,Life Science,1.0,1598,4.0,Female,84.0,3.0,2.0,Sales Executive,1.0,Married,4639.0,Upto 5k,11262.0,1.0,Y,No,15.0,0.15,3.0,3.0,80,3,0.2956343996875408
RM610,43.0,36-45,No,Travel Rarely,589.0,Research & Development,14.0,2.0,Life Science,1.0,843,2.0,Male,94.0,3.0,4.0,Research Director,1.0,Married,17159.0,15k+,5200.0,6.0,Y,No,24.0,0.24,4.0,3.0,80,2,0.05732768535001727
RM377,51.0,46-55,No,Travel Rarely,1178.0,Sales,14.0,2.0,Life Science,1.0,500,3.0,Female,87.0,3.0,2.0,Sales Executive,4.0,Married,4936.0,Upto 5k,14862.0,4.0,Y,No,11.0,0.11,3.0,3.0,80,1,0.17814729853255118
RM024,21.0,18-25,No,Travel Rarely,391.0,Research & Development,15.0,2.0,Life Science,1.0,30,3.0,Male,96.0,3.0,1.0,Research Scientist,4.0,Single,1232.0,Upto 5k,19281.0,1.0,Y,No,14.0,0.14,3.0,4.0,80,3,0.28560640358302597
RM794,28.0,26-35,No,Travel Rarely,895.0,Research & Development,15.0,2.0,Life Science,1.0,1102,1.0,Male,50.0,3.0,1.0,Laboratory Technician,3.0,Divorced,2207.0,Upto 5k,22482.0,1.0,Y,No,16.0,0.16,3.0,4.0,80,3,0.3466114976336969
RM1426,33.0,26-35,No,Travel Rarely,501.0,Research & Development,15.0,2.0,Medical,1.0,2009,2.0,Female,95.0,3.0,2.0,Healthcare Representative,4.0,Married,4878.0,Upto 5k,21653.0,0.0,Y,Yes,13.0,0.13,3.0,1.0,80,3,0.24583887892584622
RM965,34.0,26-35,No,Travel Rarely,507.0,Sales,15.0,2.0,Medical,1.0,1356,3.0,Female,66.0,3.0,2.0,Sales Executive,1.0,Single,6125.0,5k-10k,23553.0,1.0,Y,No,12.0,0.12,3.0,4.0,80,3,0.314186905604788
RM870,46.0,46-55,No,Travel Rarely,1450.0,Research & Development,15.0,2.0,Life Science,1.0,1217,4.0,Male,52.0,3.0,5.0,Research Director,2.0,Married,19081.0,15k+,10849.0,5.0,Y,No,11.0,0.11,3.0,1.0,80,2,0.0974639211379561
RM958,40.0,36-45,No,Non Travel,458.0,Research & Development,16.0,2.0,Life Science,1.0,1340,3.0,Male,74.0,3.0,1.0,Research Scientist,3.0,Divorced,3544.0,Upto 5k,8532.0,9.0,Y,No,16.0,0.16,3.0,2.0,80,1,0.1672126535385
RM872,24.0,18-25,Yes,Travel Rarely,984.0,Research & Development,17.0,2.0,Life Science,1.0,1219,4.0,Female,97.0,3.0,1.0,Laboratory Technician,2.0,Married,2210.0,Upto 5k,3372.0,1.0,Y,No,13.0,0.13,3.0,1.0,80,3,0.22632345911853619
RM405,28.0,26-35,No,Travel Rarely,1300.0,Research & Development,17.0,2.0,Medical,1.0,536,3.0,Male,79.0,3.0,2.0,Laboratory Technician,1.0,Divorced,4558.0,Upto 5k,13535.0,1.0,Y,No,12.0,0.12,3.0,4.0,80,3,0.14496416678908194
RM1003,35.0,26-35,No,Travel Frequently,200.0,Research & Development,18.0,2.0,Life Science,1.0,1412,3.0,Male,60.0,3.0,3.0,Manufacturing Director,4.0,Single,9362.0,5k-10k,19944.0,2.0,Y,No,11.0,0.11,3.0,3.0,80,3,0.14571219648312508
RM950,39.0,36-45,No,Travel Rarely,524.0,Research & Development,18.0,2.0,Life Science,1.0,1322,1.0,Male,32.0,3.0,2.0,Manufacturing Director,3.0,Single,4534.0,Upto 5k,13352.0,0.0,Y,No,11.0,0.11,3.0,1.0,80,3,0.17423046028018235
RM014,34.0,26-35,No,Travel Rarely,1346.0,Research & Development,19.0,2.0,Medical,1.0,18,2.0,Male,93.0,3.0,1.0,Laboratory Technician,4.0,Divorced,2661.0,Upto 5k,8758.0,0.0,Y,No,11.0,0.11,3.0,3.0,80,3,0.19489425436642907
RM048,37.0,36-45,No,Travel Rarely,408.0,Research & Development,19.0,2.0,Life Science,1.0,61,2.0,Male,73.0,3.0,1.0,Research Scientist,2.0,Married,3022.0,Upto 5k,10227.0,4.0,Y,No,21.0,0.21,4.0,1.0,80,0,0.28510503842973084
RM653,37.0,36-45,No,Non Travel,1252.0,Sales,19.0,2.0,Medical,1.0,904,1.0,Male,32.0,3.0,3.0,Sales Executive,2.0,Single,7642.0,5k-10k,4814.0,1.0,Y,Yes,13.0,0.13,3.0,4.0,80,3,0.34147912488087145
RM204,40.0,36-45,No,Travel Rarely,905.0,Research & Development,19.0,2.0,Medical,1.0,281,3.0,Male,99.0,3.0,2.0,Laboratory Technician,4.0,Married,2741.0,Upto 5k,16523.0,8.0,Y,Yes,15.0,0.15,3.0,3.0,80,1,0.3327602623451294
RM243,41.0,36-45,No,Travel Rarely,1411.0,Research & Development,19.0,2.0,Life Science,1.0,334,3.0,Male,36.0,3.0,2.0,Research Scientist,1.0,Divorced,3072.0,Upto 5k,19877.0,2.0,Y,No,16.0,0.16,3.0,1.0,80,3,0.17426783301200516
RM1298,26.0,26-35,Yes,Travel Rarely,920.0,Human Resources,20.0,2.0,Medical,1.0,1818,4.0,Female,69.0,3.0,1.0,Human Resources,2.0,Married,2148.0,Upto 5k,6889.0,0.0,Y,Yes,11.0,0.11,3.0,3.0,80,3,0.4435784641605347
RM255,29.0,26-35,No,Travel Rarely,1247.0,Sales,20.0,2.0,Marketing,1.0,349,4.0,Male,45.0,3.0,2.0,Sales Executive,4.0,Divorced,6931.0,5k-10k,10732.0,2.0,Y,No,14.0,0.14,3.0,4.0,80,3,0.1105358193830206
RM680,31.0,26-35,No,Non Travel,1188.0,Sales,20.0,2.0,Marketing,1.0,947,4.0,Female,45.0,3.0,2.0,Sales Executive,3.0,Married,6932.0,5k-10k,24406.0,1.0,Y,No,13.0,0.13,3.0,4.0,80,3,0.17787367255754086
RM183,41.0,36-45,Yes,Travel Rarely,1356.0,Sales,20.0,2.0,Marketing,1.0,248,2.0,Female,70.0,3.0,1.0,Sales Representative,2.0,Single,3140.0,Upto 5k,21728.0,1.0,Y,Yes,22.0,0.22,4.0,4.0,80,0,0.7761472248690917
RM269,45.0,36-45,No,Travel Rarely,1385.0,Research & Development,20.0,2.0,Medical,1.0,372,3.0,Male,79.0,3.0,4.0,Healthcare Representative,4.0,Married,13496.0,10k-15k,7501.0,0.0,Y,Yes,14.0,0.14,3.0,2.0,80,2,0.07278556029074441
RM284,55.0,46-55,No,Travel Rarely,147.0,Research & Development,20.0,2.0,Technical Degree,1.0,389,2.0,Male,37.0,3.0,2.0,Laboratory Technician,4.0,Married,5415.0,5k-10k,15972.0,3.0,Y,Yes,19.0,0.19,3.0,4.0,80,0,0.14729740180530662
RM649,37.0,36-45,No,Travel Frequently,1231.0,Sales,21.0,2.0,Medical,1.0,900,3.0,Female,54.0,3.0,1.0,Sales Representative,4.0,Married,2973.0,Upto 5k,21222.0,5.0,Y,No,15.0,0.15,3.0,2.0,80,1,0.16622063687439176
RM198,42.0,36-45,No,Non Travel,926.0,Research & Development,21.0,2.0,Medical,1.0,270,3.0,Female,36.0,3.0,2.0,Manufacturing Director,3.0,Divorced,5265.0,5k-10k,16439.0,2.0,Y,No,16.0,0.16,3.0,2.0,80,0,0.08889688555838417
RM1299,46.0,46-55,Yes,Travel Rarely,261.0,Research & Development,21.0,2.0,Medical,1.0,1821,4.0,Female,66.0,3.0,2.0,Healthcare Representative,2.0,Married,8926.0,5k-10k,10842.0,4.0,Y,No,22.0,0.22,4.0,4.0,80,0,0.48712166137279067
RM122,33.0,26-35,No,Non Travel,750.0,Sales,22.0,2.0,Marketing,1.0,160,3.0,Male,95.0,3.0,2.0,Sales Executive,2.0,Married,6146.0,5k-10k,15480.0,0.0,Y,No,13.0,0.13,3.0,1.0,80,3,0.18553957468194657
RM1197,41.0,36-45,No,Travel Rarely,1206.0,Sales,23.0,2.0,Life Science,1.0,1678,4.0,Male,80.0,3.0,3.0,Sales Executive,3.0,Single,7082.0,5k-10k,11591.0,3.0,Y,Yes,16.0,0.16,3.0,4.0,80,3,0.36161688392974817
RM719,45.0,36-45,No,Non Travel,248.0,Research & Development,23.0,2.0,Life Science,1.0,1002,4.0,Male,42.0,3.0,2.0,Laboratory Technician,1.0,Married,3633.0,Upto 5k,14039.0,1.0,Y,Yes,15.0,0.15,3.0,3.0,80,3,0.2006500161847731
RM244,40.0,36-45,No,Travel Rarely,1300.0,Research & Development,24.0,2.0,Technical Degree,1.0,335,1.0,Male,62.0,3.0,2.0,Research Scientist,4.0,Divorced,3319.0,Upto 5k,24447.0,1.0,Y,No,17.0,0.17,3.0,1.0,80,0,0.11467643415859885
RM1355,56.0,55+,Yes,Travel Rarely,1162.0,Research & Development,24.0,2.0,Life Science,1.0,1907,1.0,Male,97.0,3.0,1.0,Laboratory Technician,4.0,Single,2587.0,Upto 5k,10261.0,1.0,Y,No,16.0,0.16,3.0,4.0,80,0,0.5980753308696166
RM355,30.0,26-35,No,Non Travel,641.0,Sales,25.0,2.0,Technical Degree,1.0,475,4.0,Female,85.0,3.0,2.0,Sales Executive,3.0,Married,4736.0,Upto 5k,6069.0,7.0,Y,Yes,12.0,0.12,3.0,2.0,80,1,0.38872014244089004
RM993,39.0,36-45,No,Non Travel,1485.0,Research & Development,25.0,2.0,Life Science,1.0,1397,3.0,Male,71.0,3.0,3.0,Healthcare Representative,3.0,Married,10920.0,10k-15k,3449.0,3.0,Y,No,21.0,0.21,4.0,2.0,80,0,0.07610498519292398
RM120,43.0,36-45,No,Travel Frequently,394.0,Sales,26.0,2.0,Life Science,1.0,158,3.0,Male,92.0,3.0,4.0,Manager,4.0,Married,16959.0,15k+,19494.0,1.0,Y,Yes,12.0,0.12,3.0,4.0,80,2,0.17755017873001913
RM182,34.0,26-35,No,Travel Rarely,629.0,Research & Development,27.0,2.0,Medical,1.0,247,4.0,Female,95.0,3.0,1.0,Research Scientist,2.0,Single,2311.0,Upto 5k,5711.0,2.0,Y,No,15.0,0.15,3.0,4.0,80,3,0.1839927610952571
RM476,26.0,26-35,No,Travel Rarely,703.0,Sales,28.0,2.0,Marketing,1.0,641,1.0,Male,66.0,3.0,2.0,Sales Executive,2.0,Married,6272.0,5k-10k,7428.0,1.0,Y,No,20.0,0.2,4.0,4.0,80,0,0.21890649120659836
RM325,30.0,26-35,No,Travel Rarely,1275.0,Research & Development,28.0,2.0,Medical,1.0,441,4.0,Female,64.0,3.0,2.0,Research Scientist,4.0,Married,5775.0,5k-10k,11934.0,1.0,Y,No,13.0,0.13,3.0,4.0,80,3,0.10823400734765376
RM461,26.0,26-35,No,Travel Rarely,775.0,Sales,29.0,2.0,Medical,1.0,618,1.0,Male,45.0,3.0,2.0,Sales Executive,3.0,Divorced,4306.0,Upto 5k,4267.0,5.0,Y,No,12.0,0.12,3.0,1.0,80,3,0.24539373177440846
RM410,42.0,36-45,No,Travel Frequently,532.0,Research & Development,29.0,2.0,Life Science,1.0,547,1.0,Female,92.0,3.0,2.0,Research Scientist,3.0,Divorced,4556.0,Upto 5k,12932.0,2.0,Y,No,11.0,0.11,3.0,2.0,80,3,0.20976532277210735
RM973,18.0,18-25,No,Non Travel,1124.0,Research & Development,0.5,3.0,Life Science,1.0,1368,4.0,Female,97.0,3.0,1.0,Laboratory Technician,4.0,Single,1611.0,Upto 5k,19305.0,1.0,Y,No,15.0,0.15,3.0,3.0,80,3,0.1854803424747079
RM035,24.0,18-25,Yes,Travel Rarely,813.0,Research & Development,1.0,3.0,Medical,1.0,45,2.0,Male,61.0,3.0,1.0,Research Scientist,4.0,Married,2293.0,Upto 5k,3020.0,2.0,Y,Yes,16.0,0.16,3.0,1.0,80,3,0.7176341180806896
RM1004,25.0,18-25,No,Travel Rarely,949.0,Research & Development,1.0,3.0,Technical Degree,1.0,1415,1.0,Male,81.0,3.0,1.0,Laboratory Technician,4.0,Married,3229.0,Upto 5k,4910.0,4.0,Y,No,11.0,0.11,3.0,2.0,80,3,0.36645283831923714
RM256,25.0,18-25,No,Travel Rarely,685.0,Research & Development,1.0,3.0,Life Science,1.0,350,1.0,Female,62.0,3.0,2.0,Manufacturing Director,3.0,Married,4898.0,Upto 5k,7505.0,0.0,Y,No,12.0,0.12,3.0,4.0,80,3,0.1432100846477994
RM935,25.0,18-25,No,Travel Rarely,266.0,Research & Development,1.0,3.0,Medical,1.0,1303,4.0,Female,40.0,3.0,1.0,Research Scientist,2.0,Single,2096.0,Upto 5k,18830.0,1.0,Y,No,18.0,0.18,3.0,4.0,80,3,0.26345686425610604
RM1387,26.0,26-35,No,Travel Rarely,157.0,Research & Development,1.0,3.0,Medical,1.0,1952,3.0,Male,95.0,3.0,1.0,Laboratory Technician,1.0,Single,2867.0,Upto 5k,20006.0,0.0,Y,No,13.0,0.13,3.0,4.0,80,3,0.3111017446528599
RM279,26.0,26-35,No,Travel Frequently,1479.0,Research & Development,1.0,3.0,Life Science,1.0,384,3.0,Female,84.0,3.0,2.0,Manufacturing Director,2.0,Divorced,6397.0,5k-10k,26767.0,1.0,Y,No,20.0,0.2,4.0,1.0,80,0,0.09565724052695908
RM356,26.0,26-35,No,Travel Rarely,933.0,Sales,1.0,3.0,Life Science,1.0,476,3.0,Male,57.0,3.0,2.0,Sales Executive,3.0,Married,5296.0,5k-10k,20156.0,1.0,Y,No,17.0,0.17,3.0,2.0,80,3,0.15699970228951124
RM1057,28.0,26-35,Yes,Travel Frequently,1496.0,Sales,1.0,3.0,Technical Degree,1.0,1486,1.0,Male,92.0,3.0,1.0,Sales Representative,3.0,Married,2909.0,Upto 5k,15747.0,3.0,Y,No,15.0,0.15,3.0,4.0,80,3,0.6839821015492007
RM1284,28.0,26-35,No,Travel Rarely,1181.0,Research & Development,7.0,3.0,Life Science,1.0,1799,3.0,Male,82.0,3.0,1.0,Research Scientist,4.0,Married,2044.0,Upto 5k,5531.0,1.0,Y,No,11.0,0.11,3.0,3.0,80,3,0.1789933367894542
RM1308,28.0,26-35,No,Travel Rarely,1217.0,Research & Development,1.0,3.0,Medical,1.0,1834,3.0,Female,67.0,3.0,1.0,Research Scientist,1.0,Married,3591.0,Upto 5k,12719.0,1.0,Y,No,25.0,0.25,4.0,3.0,80,0,0.16904429936080803
RM934,28.0,26-35,No,Travel Rarely,640.0,Research & Development,1.0,3.0,Technical Degree,1.0,1301,4.0,Male,84.0,3.0,1.0,Research Scientist,1.0,Single,2080.0,Upto 5k,4732.0,2.0,Y,No,11.0,0.11,3.0,2.0,80,3,0.3091861580171982
RM1388,29.0,26-35,No,Travel Rarely,136.0,Research & Development,1.0,3.0,Life Science,1.0,1954,1.0,Male,89.0,3.0,2.0,Healthcare Representative,1.0,Married,5373.0,5k-10k,6225.0,0.0,Y,No,12.0,0.12,3.0,1.0,80,3,0.1899133889213395
RM218,29.0,26-35,Yes,Travel Rarely,992.0,Research & Development,1.0,3.0,Technical Degree,1.0,300,3.0,Male,85.0,3.0,1.0,Research Scientist,3.0,Single,2058.0,Upto 5k,19757.0,0.0,Y,No,14.0,0.14,3.0,4.0,80,3,0.5675181791959704
RM894,29.0,26-35,No,Travel Rarely,1010.0,Research & Development,1.0,3.0,Life Science,1.0,1249,1.0,Female,97.0,3.0,1.0,Research Scientist,4.0,Divorced,3760.0,Upto 5k,5598.0,1.0,Y,No,15.0,0.15,3.0,1.0,80,3,0.16121464241798017
RM1065,30.0,26-35,No,Travel Rarely,330.0,Human Resources,1.0,3.0,Life Science,1.0,1499,3.0,Male,46.0,3.0,1.0,Human Resources,3.0,Divorced,2064.0,Upto 5k,15428.0,0.0,Y,No,21.0,0.21,4.0,1.0,80,0,0.2336038275868332
RM887,30.0,26-35,No,Travel Rarely,1465.0,Research & Development,1.0,3.0,Medical,1.0,1241,4.0,Male,63.0,3.0,1.0,Research Scientist,2.0,Married,3579.0,Upto 5k,9369.0,0.0,Y,Yes,21.0,0.21,4.0,1.0,80,0,0.22996847622536098
RM953,31.0,26-35,Yes,Travel Frequently,1060.0,Sales,1.0,3.0,Life Science,1.0,1331,4.0,Female,54.0,3.0,1.0,Sales Representative,2.0,Single,2302.0,Upto 5k,8319.0,1.0,Y,Yes,11.0,0.11,3.0,1.0,80,3,0.5945207321854687
RM061,32.0,26-35,No,Travel Rarely,427.0,Research & Development,1.0,3.0,Medical,1.0,78,1.0,Male,33.0,3.0,2.0,Manufacturing Director,4.0,Married,6162.0,5k-10k,10877.0,1.0,Y,Yes,22.0,0.22,4.0,2.0,80,0,0.13737250151912517
RM074,32.0,26-35,No,Travel Rarely,548.0,Research & Development,1.0,3.0,Life Science,1.0,96,2.0,Male,66.0,3.0,2.0,Research Scientist,2.0,Married,6220.0,5k-10k,7346.0,1.0,Y,No,17.0,0.17,3.0,2.0,80,3,0.15462408002804984
RM638,32.0,26-35,No,Non Travel,300.0,Research & Development,1.0,3.0,Life Science,1.0,882,4.0,Male,61.0,3.0,1.0,Laboratory Technician,4.0,Divorced,2314.0,Upto 5k,9148.0,0.0,Y,No,12.0,0.12,3.0,2.0,80,3,0.11325741795001056
RM1385,34.0,26-35,No,Travel Rarely,937.0,Sales,1.0,3.0,Marketing,1.0,1950,1.0,Male,32.0,3.0,3.0,Sales Executive,4.0,Single,9888.0,5k-10k,6770.0,1.0,Y,No,21.0,0.21,4.0,1.0,80,0,0.14038121702897455
RM069,35.0,26-35,No,Travel Frequently,664.0,Research & Development,1.0,3.0,Medical,1.0,88,2.0,Male,79.0,3.0,1.0,Research Scientist,1.0,Married,2194.0,Upto 5k,5868.0,4.0,Y,No,13.0,0.13,3.0,4.0,80,1,0.2243662060817039
RM229,35.0,26-35,No,Travel Frequently,944.0,Sales,1.0,3.0,Marketing,1.0,314,3.0,Female,92.0,3.0,3.0,Sales Executive,3.0,Single,8789.0,5k-10k,9096.0,1.0,Y,No,14.0,0.14,3.0,1.0,80,3,0.1628612647636794
RM448,35.0,26-35,No,Travel Rarely,619.0,Sales,1.0,3.0,Marketing,1.0,600,2.0,Male,85.0,3.0,2.0,Sales Executive,3.0,Married,4717.0,Upto 5k,18659.0,9.0,Y,No,11.0,0.11,3.0,3.0,80,1,0.33265359639496295
RM462,35.0,26-35,No,Travel Rarely,195.0,Sales,1.0,3.0,Medical,1.0,620,1.0,Female,80.0,3.0,2.0,Sales Executive,3.0,Single,4859.0,Upto 5k,6698.0,1.0,Y,No,16.0,0.16,3.0,4.0,80,3,0.19076485536394316
RM594,36.0,36-45,No,Travel Rarely,676.0,Research & Development,1.0,3.0,Other,1.0,823,3.0,Female,35.0,3.0,2.0,Manufacturing Director,2.0,Married,5228.0,5k-10k,23361.0,0.0,Y,No,15.0,0.15,3.0,1.0,80,3,0.11476346139901715
RM286,37.0,36-45,No,Travel Rarely,1372.0,Research & Development,1.0,3.0,Life Science,1.0,391,4.0,Female,42.0,3.0,1.0,Research Scientist,4.0,Single,2115.0,Upto 5k,15881.0,1.0,Y,No,12.0,0.12,3.0,2.0,80,3,0.17957903363117445
RM465,37.0,36-45,No,Travel Rarely,799.0,Research & Development,1.0,3.0,Technical Degree,1.0,623,2.0,Female,59.0,3.0,3.0,Manufacturing Director,4.0,Single,7491.0,5k-10k,23848.0,4.0,Y,No,17.0,0.17,3.0,4.0,80,0,0.07964725542757584
RM1188,38.0,36-45,No,Travel Frequently,1189.0,Research & Development,1.0,3.0,Life Science,1.0,1668,4.0,Male,90.0,3.0,2.0,Research Scientist,4.0,Married,4735.0,Upto 5k,9867.0,7.0,Y,No,15.0,0.15,3.0,4.0,80,1,0.11042837748323824
RM543,38.0,36-45,No,Travel Rarely,168.0,Research & Development,1.0,3.0,Life Science,1.0,743,3.0,Female,81.0,3.0,3.0,Manufacturing Director,3.0,Single,7861.0,5k-10k,15397.0,4.0,Y,Yes,14.0,0.14,3.0,4.0,80,1,0.11833154442265569
RM682,38.0,36-45,No,Travel Rarely,1333.0,Research & Development,1.0,3.0,Technical Degree,1.0,950,4.0,Female,80.0,3.0,3.0,Research Director,1.0,Married,13582.0,10k-15k,16292.0,1.0,Y,No,13.0,0.13,3.0,2.0,80,2,0.10863738871213054
RM1241,39.0,36-45,No,Non Travel,792.0,Research & Development,1.0,3.0,Life Science,1.0,1737,4.0,Male,77.0,3.0,2.0,Laboratory Technician,4.0,Married,6472.0,5k-10k,8989.0,1.0,Y,Yes,15.0,0.15,3.0,4.0,80,3,0.08613953118154463
RM1300,40.0,36-45,No,Travel Rarely,1194.0,Research & Development,1.0,3.0,Life Science,1.0,1822,3.0,Female,52.0,3.0,2.0,Healthcare Representative,4.0,Divorced,6513.0,5k-10k,9060.0,4.0,Y,No,17.0,0.17,3.0,4.0,80,1,0.04918873154887174
RM1421,41.0,36-45,No,Travel Rarely,642.0,Research & Development,1.0,3.0,Life Science,1.0,1999,4.0,Male,76.0,3.0,1.0,Research Scientist,4.0,Married,2782.0,Upto 5k,21412.0,3.0,Y,No,22.0,0.22,4.0,1.0,80,0,0.1509021628067444
RM961,41.0,36-45,No,Travel Frequently,1018.0,Sales,1.0,3.0,Marketing,1.0,1349,3.0,Female,66.0,3.0,2.0,Sales Executive,1.0,Divorced,4103.0,Upto 5k,4297.0,0.0,Y,No,17.0,0.17,3.0,4.0,80,3,0.09575825929076437
RM651,43.0,36-45,No,Travel Frequently,422.0,Research & Development,1.0,3.0,Life Science,1.0,902,4.0,Female,33.0,3.0,2.0,Healthcare Representative,4.0,Married,5562.0,5k-10k,21782.0,4.0,Y,No,13.0,0.13,3.0,2.0,80,1,0.07618341462348999
RM1201,44.0,36-45,No,Travel Rarely,528.0,Human Resources,1.0,3.0,Life Science,1.0,1683,3.0,Female,44.0,3.0,1.0,Human Resources,4.0,Divorced,3195.0,Upto 5k,4167.0,4.0,Y,Yes,18.0,0.18,3.0,1.0,80,0,0.23063766231161267
RM1436,44.0,36-45,No,Travel Rarely,1037.0,Research & Development,1.0,3.0,Medical,1.0,2020,2.0,Male,42.0,3.0,1.0,Research Scientist,4.0,Single,2436.0,Upto 5k,13422.0,6.0,Y,Yes,12.0,0.12,3.0,3.0,80,1,0.4258959496841746
RM1021,47.0,46-55,No,Travel Rarely,465.0,Research & Development,1.0,3.0,Technical Degree,1.0,1438,1.0,Male,74.0,3.0,1.0,Research Scientist,4.0,Married,3420.0,Upto 5k,10205.0,7.0,Y,No,12.0,0.12,3.0,3.0,80,1,0.2528090694140114
RM1196,49.0,46-55,No,Travel Rarely,809.0,Research & Development,1.0,3.0,Life Science,1.0,1677,3.0,Male,36.0,3.0,4.0,Manager,3.0,Single,15379.0,15k+,22384.0,4.0,Y,No,14.0,0.14,3.0,1.0,80,2,0.03479685737824278
RM640,49.0,46-55,No,Travel Rarely,1418.0,Research & Development,1.0,3.0,Technical Degree,1.0,887,3.0,Female,36.0,3.0,1.0,Research Scientist,1.0,Married,3580.0,Upto 5k,10554.0,2.0,Y,No,16.0,0.16,3.0,2.0,80,1,0.14362244702405738
RM107,50.0,46-55,No,Travel Frequently,1115.0,Research & Development,1.0,3.0,Life Science,1.0,141,1.0,Female,73.0,3.0,5.0,Research Director,2.0,Married,18172.0,15k+,9755.0,3.0,Y,Yes,19.0,0.19,3.0,1.0,80,2,0.16887340447770247
RM752,50.0,46-55,No,Non Travel,145.0,Sales,1.0,3.0,Life Science,1.0,1040,4.0,Female,95.0,3.0,2.0,Sales Executive,3.0,Married,6347.0,5k-10k,24920.0,0.0,Y,No,12.0,0.12,3.0,1.0,80,3,0.11643319789392656
RM259,51.0,46-55,No,Travel Rarely,833.0,Research & Development,1.0,3.0,Life Science,1.0,353,3.0,Male,96.0,3.0,1.0,Research Scientist,4.0,Married,2723.0,Upto 5k,23231.0,1.0,Y,No,11.0,0.11,3.0,2.0,80,3,0.1794612563162352
RM1009,54.0,46-55,No,Travel Rarely,971.0,Research & Development,1.0,3.0,Medical,1.0,1422,4.0,Female,54.0,3.0,4.0,Research Director,4.0,Single,17328.0,15k+,5652.0,6.0,Y,No,19.0,0.19,3.0,4.0,80,2,0.04118934538278071
RM271,55.0,46-55,No,Travel Rarely,452.0,Research & Development,1.0,3.0,Medical,1.0,374,4.0,Male,81.0,3.0,5.0,Manager,1.0,Single,19045.0,15k+,18938.0,0.0,Y,Yes,14.0,0.14,3.0,3.0,80,2,0.18074440708812428
RM1010,58.0,55+,No,Travel Rarely,1055.0,Research & Development,1.0,3.0,Medical,1.0,1423,4.0,Female,76.0,3.0,5.0,Research Director,1.0,Married,19701.0,15k+,22456.0,3.0,Y,Yes,21.0,0.21,4.0,3.0,80,2,0.11424358821651344
RM1179,20.0,18-25,No,Travel Rarely,1141.0,Sales,2.0,3.0,Medical,1.0,1657,3.0,Female,31.0,3.0,1.0,Sales Representative,3.0,Single,2783.0,Upto 5k,13251.0,1.0,Y,No,19.0,0.19,3.0,1.0,80,0,0.3235531111648937
RM1412,25.0,18-25,No,Travel Rarely,309.0,Human Resources,2.0,3.0,Human Resources,1.0,1987,3.0,Female,82.0,3.0,1.0,Human Resources,2.0,Married,2187.0,Upto 5k,19655.0,4.0,Y,No,14.0,0.14,3.0,3.0,80,3,0.2934785091528386
RM763,26.0,26-35,Yes,Travel Frequently,342.0,Research & Development,2.0,3.0,Life Science,1.0,1053,1.0,Male,57.0,3.0,1.0,Research Scientist,1.0,Married,2042.0,Upto 5k,15346.0,6.0,Y,Yes,14.0,0.14,3.0,2.0,80,1,0.8456859071329905
RM1171,27.0,26-35,No,Travel Frequently,591.0,Research & Development,2.0,3.0,Medical,1.0,1648,4.0,Male,87.0,3.0,1.0,Research Scientist,4.0,Single,2580.0,Upto 5k,6297.0,2.0,Y,No,13.0,0.13,3.0,3.0,80,3,0.2792114840661353
RM321,27.0,26-35,No,Travel Rarely,1377.0,Sales,2.0,3.0,Life Science,1.0,437,4.0,Male,74.0,3.0,2.0,Sales Executive,3.0,Single,4478.0,Upto 5k,5242.0,1.0,Y,Yes,11.0,0.11,3.0,1.0,80,3,0.360286208231107
RM072,29.0,26-35,No,Travel Rarely,1328.0,Research & Development,2.0,3.0,Life Science,1.0,94,3.0,Male,76.0,3.0,1.0,Research Scientist,2.0,Married,2703.0,Upto 5k,4956.0,0.0,Y,No,23.0,0.23,4.0,4.0,80,0,0.13784785374669345
RM350,29.0,26-35,No,Non Travel,746.0,Sales,2.0,3.0,Life Science,1.0,469,4.0,Male,61.0,3.0,2.0,Sales Executive,3.0,Married,4649.0,Upto 5k,16928.0,1.0,Y,No,14.0,0.14,3.0,1.0,80,3,0.1313103885039165
RM427,30.0,26-35,No,Non Travel,1116.0,Research & Development,2.0,3.0,Medical,1.0,571,3.0,Female,49.0,3.0,1.0,Laboratory Technician,4.0,Single,2564.0,Upto 5k,7181.0,0.0,Y,No,14.0,0.14,3.0,3.0,80,3,0.18975489397602915
RM1037,31.0,26-35,Yes,Travel Frequently,523.0,Research & Development,2.0,3.0,Life Science,1.0,1464,2.0,Male,94.0,3.0,1.0,Laboratory Technician,4.0,Married,3722.0,Upto 5k,21081.0,6.0,Y,Yes,13.0,0.13,3.0,3.0,80,1,0.7004769609219641
RM1191,32.0,26-35,No,Travel Rarely,977.0,Research & Development,2.0,3.0,Medical,1.0,1671,4.0,Male,45.0,3.0,2.0,Research Scientist,2.0,Divorced,5470.0,5k-10k,25518.0,0.0,Y,No,13.0,0.13,3.0,3.0,80,3,0.0724417695717967
RM1450,32.0,26-35,No,Travel Rarely,529.0,Research & Development,2.0,3.0,Technical Degree,1.0,2038,4.0,Male,78.0,3.0,1.0,Research Scientist,1.0,Single,2439.0,Upto 5k,11288.0,1.0,Y,No,14.0,0.14,3.0,4.0,80,3,0.2845771688905773
RM352,32.0,26-35,No,Travel Rarely,1062.0,Research & Development,2.0,3.0,Medical,1.0,471,3.0,Female,75.0,3.0,1.0,Laboratory Technician,2.0,Married,2370.0,Upto 5k,3956.0,1.0,Y,No,13.0,0.13,3.0,3.0,80,3,0.22248992777084453
RM031,33.0,26-35,No,Travel Rarely,924.0,Research & Development,2.0,3.0,Medical,1.0,39,3.0,Male,78.0,3.0,1.0,Laboratory Technician,4.0,Single,2496.0,Upto 5k,6670.0,4.0,Y,No,11.0,0.11,3.0,4.0,80,3,0.2574040272216466
RM1254,33.0,26-35,No,Non Travel,1283.0,Sales,2.0,3.0,Marketing,1.0,1756,4.0,Female,62.0,3.0,2.0,Sales Executive,2.0,Single,5147.0,5k-10k,10697.0,8.0,Y,No,15.0,0.15,3.0,4.0,80,1,0.2292477219473518
RM177,33.0,26-35,No,Travel Rarely,134.0,Research & Development,2.0,3.0,Life Science,1.0,242,3.0,Male,90.0,3.0,1.0,Research Scientist,4.0,Single,2500.0,Upto 5k,10515.0,0.0,Y,No,14.0,0.14,3.0,1.0,80,3,0.2858409317962937
RM864,33.0,26-35,No,Travel Rarely,147.0,Human Resources,2.0,3.0,Human Resources,1.0,1207,2.0,Male,99.0,3.0,1.0,Human Resources,3.0,Married,3600.0,Upto 5k,8429.0,1.0,Y,No,13.0,0.13,3.0,4.0,80,3,0.20072438042233343
RM568,34.0,26-35,No,Travel Rarely,304.0,Sales,2.0,3.0,Other,1.0,786,4.0,Male,60.0,3.0,2.0,Sales Executive,4.0,Single,6274.0,5k-10k,18686.0,1.0,Y,No,22.0,0.22,4.0,3.0,80,0,0.1482870688141265
RM918,34.0,26-35,No,Travel Rarely,131.0,Sales,2.0,3.0,Marketing,1.0,1281,3.0,Female,86.0,3.0,2.0,Sales Executive,1.0,Single,4538.0,Upto 5k,6039.0,0.0,Y,Yes,12.0,0.12,3.0,4.0,80,3,0.19595479083759615
RM038,35.0,26-35,No,Travel Rarely,890.0,Sales,2.0,3.0,Marketing,1.0,49,4.0,Female,97.0,3.0,1.0,Sales Representative,4.0,Married,2014.0,Upto 5k,9687.0,1.0,Y,No,13.0,0.13,3.0,1.0,80,3,0.1436737151145538
RM1111,35.0,26-35,Yes,Travel Rarely,104.0,Research & Development,2.0,3.0,Life Science,1.0,1569,1.0,Female,69.0,3.0,1.0,Laboratory Technician,1.0,Divorced,2074.0,Upto 5k,26619.0,1.0,Y,Yes,12.0,0.12,3.0,4.0,80,3,0.3520681289310027
RM197,35.0,26-35,No,Travel Frequently,138.0,Research & Development,2.0,3.0,Medical,1.0,269,2.0,Female,37.0,3.0,2.0,Laboratory Technician,2.0,Single,4425.0,Upto 5k,15986.0,5.0,Y,No,11.0,0.11,3.0,4.0,80,1,0.14683098517002044
RM378,36.0,36-45,No,Travel Rarely,329.0,Research & Development,2.0,3.0,Life Science,1.0,501,4.0,Female,96.0,3.0,1.0,Research Scientist,3.0,Married,2543.0,Upto 5k,11868.0,4.0,Y,No,13.0,0.13,3.0,2.0,80,1,0.18454105857858938
RM487,37.0,36-45,No,Travel Rarely,558.0,Sales,2.0,3.0,Marketing,1.0,656,4.0,Male,75.0,3.0,2.0,Sales Executive,3.0,Married,9602.0,5k-10k,3010.0,4.0,Y,Yes,11.0,0.11,3.0,3.0,80,1,0.30689995992950225
RM020,38.0,36-45,No,Travel Rarely,371.0,Research & Development,2.0,3.0,Life Science,1.0,24,4.0,Male,45.0,3.0,1.0,Research Scientist,4.0,Single,3944.0,Upto 5k,4306.0,5.0,Y,Yes,11.0,0.11,3.0,3.0,80,1,0.24381961469728475
RM1113,38.0,36-45,Yes,Travel Rarely,903.0,Research & Development,2.0,3.0,Medical,1.0,1573,3.0,Male,81.0,3.0,2.0,Manufacturing Director,2.0,Married,4855.0,Upto 5k,7653.0,4.0,Y,No,11.0,0.11,3.0,1.0,80,1,0.4266767519159102
RM1290,38.0,36-45,No,Non Travel,1336.0,Human Resources,2.0,3.0,Human Resources,1.0,1805,1.0,Male,100.0,3.0,1.0,Human Resources,2.0,Divorced,2592.0,Upto 5k,7129.0,5.0,Y,No,13.0,0.13,3.0,4.0,80,1,0.15720318659759094
RM814,39.0,36-45,Yes,Travel Frequently,203.0,Research & Development,2.0,3.0,Life Science,1.0,1127,1.0,Male,84.0,3.0,4.0,Healthcare Representative,4.0,Divorced,12169.0,10k-15k,13547.0,7.0,Y,No,11.0,0.11,3.0,4.0,80,1,0.5714173412372247
RM1046,40.0,36-45,No,Travel Rarely,896.0,Research & Development,2.0,3.0,Medical,1.0,1474,3.0,Male,68.0,3.0,1.0,Research Scientist,3.0,Divorced,2345.0,Upto 5k,8045.0,2.0,Y,No,14.0,0.14,3.0,3.0,80,3,0.1673154714676807
RM960,40.0,36-45,No,Travel Rarely,523.0,Research & Development,2.0,3.0,Life Science,1.0,1346,3.0,Male,98.0,3.0,2.0,Research Scientist,4.0,Single,4661.0,Upto 5k,22455.0,1.0,Y,No,13.0,0.13,3.0,3.0,80,3,0.11565189691193772
RM1094,42.0,36-45,No,Travel Frequently,288.0,Research & Development,2.0,3.0,Life Science,1.0,1547,4.0,Male,40.0,3.0,3.0,Healthcare Representative,4.0,Married,10124.0,10k-15k,18611.0,2.0,Y,Yes,14.0,0.14,3.0,3.0,80,2,0.07669723391862943
RM1444,42.0,36-45,No,Travel Rarely,300.0,Research & Development,2.0,3.0,Life Science,1.0,2031,1.0,Male,56.0,3.0,5.0,Manager,3.0,Married,18880.0,15k+,17312.0,5.0,Y,No,11.0,0.11,3.0,1.0,80,2,0.1256087818770003
RM1217,43.0,36-45,No,Travel Rarely,1179.0,Sales,2.0,3.0,Medical,1.0,1706,4.0,Male,73.0,3.0,2.0,Sales Executive,4.0,Married,7847.0,5k-10k,6069.0,1.0,Y,Yes,17.0,0.17,3.0,1.0,80,0,0.21302487275433282
RM1270,43.0,36-45,No,Travel Rarely,244.0,Human Resources,2.0,3.0,Life Science,1.0,1778,2.0,Male,97.0,3.0,1.0,Human Resources,4.0,Single,3539.0,Upto 5k,5033.0,0.0,Y,No,13.0,0.13,3.0,2.0,80,3,0.15283309031506523
RM453,45.0,36-45,No,Travel Rarely,561.0,Sales,2.0,3.0,Other,1.0,606,4.0,Male,61.0,3.0,2.0,Sales Executive,2.0,Married,4805.0,Upto 5k,16177.0,0.0,Y,No,19.0,0.19,3.0,2.0,80,0,0.14343295895240266
RM1236,46.0,46-55,No,Travel Rarely,1277.0,Sales,2.0,3.0,Life Science,1.0,1732,3.0,Male,74.0,3.0,3.0,Sales Executive,4.0,Divorced,10368.0,10k-15k,5596.0,4.0,Y,Yes,12.0,0.12,3.0,2.0,80,2,0.1414257343067602
RM430,46.0,46-55,No,Travel Rarely,1009.0,Research & Development,2.0,3.0,Life Science,1.0,575,1.0,Male,51.0,3.0,4.0,Research Director,3.0,Married,17861.0,15k+,2288.0,6.0,Y,No,13.0,0.13,3.0,3.0,80,2,0.0878837903826435
RM862,46.0,46-55,No,Travel Rarely,1402.0,Sales,2.0,3.0,Marketing,1.0,1204,3.0,Female,69.0,3.0,4.0,Manager,1.0,Married,17048.0,15k+,24097.0,8.0,Y,No,23.0,0.23,4.0,1.0,80,2,0.06548290222418195
RM589,50.0,46-55,No,Travel Rarely,691.0,Research & Development,2.0,3.0,Medical,1.0,815,3.0,Male,64.0,3.0,4.0,Research Director,3.0,Married,17639.0,15k+,6881.0,5.0,Y,No,16.0,0.16,3.0,4.0,80,2,0.0732981254699882
RM868,50.0,46-55,No,Travel Frequently,1421.0,Research & Development,2.0,3.0,Medical,1.0,1215,4.0,Female,30.0,3.0,4.0,Manager,1.0,Married,17856.0,15k+,9490.0,2.0,Y,No,22.0,0.22,4.0,3.0,80,2,0.029812594502551033
RM988,51.0,46-55,No,Travel Frequently,541.0,Sales,2.0,3.0,Marketing,1.0,1391,2.0,Male,52.0,3.0,3.0,Sales Executive,2.0,Married,10596.0,10k-15k,15395.0,2.0,Y,No,11.0,0.11,3.0,2.0,80,2,0.31555639994427853
RM380,55.0,46-55,No,Travel Rarely,1311.0,Research & Development,2.0,3.0,Life Science,1.0,505,3.0,Female,97.0,3.0,4.0,Manager,4.0,Single,16659.0,15k+,23258.0,2.0,Y,Yes,13.0,0.13,3.0,3.0,80,2,0.08444920470605612
RM569,55.0,46-55,Yes,Travel Rarely,725.0,Research & Development,2.0,3.0,Medical,1.0,787,4.0,Male,78.0,3.0,5.0,Manager,1.0,Married,19859.0,15k+,21199.0,5.0,Y,Yes,13.0,0.13,3.0,4.0,80,2,0.5404241776193951
RM1302,58.0,55+,No,Non Travel,350.0,Sales,2.0,3.0,Medical,1.0,1824,2.0,Male,52.0,3.0,4.0,Manager,2.0,Divorced,16291.0,15k+,22577.0,4.0,Y,No,22.0,0.22,4.0,4.0,80,2,0.04510994858319208
RM701,58.0,55+,Yes,Travel Rarely,289.0,Research & Development,2.0,3.0,Technical Degree,1.0,977,4.0,Male,51.0,3.0,1.0,Research Scientist,3.0,Single,2479.0,Upto 5k,26227.0,4.0,Y,No,24.0,0.24,4.0,1.0,80,0,0.6262831212413464
RM297,18.0,18-25,Yes,Travel Rarely,230.0,Research & Development,3.0,3.0,Life Science,1.0,405,3.0,Male,54.0,3.0,1.0,Laboratory Technician,3.0,Single,1420.0,Upto 5k,25233.0,1.0,Y,No,13.0,0.13,3.0,3.0,80,3,0.7377881307570847
RM406,25.0,18-25,Yes,Travel Rarely,688.0,Research & Development,3.0,3.0,Medical,1.0,538,1.0,Male,91.0,3.0,1.0,Laboratory Technician,1.0,Married,4031.0,Upto 5k,9396.0,5.0,Y,No,13.0,0.13,3.0,3.0,80,1,0.40643147083997294
RM1119,26.0,26-35,No,Travel Rarely,474.0,Research & Development,3.0,3.0,Life Science,1.0,1581,1.0,Female,89.0,3.0,1.0,Research Scientist,4.0,Married,2061.0,Upto 5k,11133.0,1.0,Y,No,21.0,0.21,4.0,1.0,80,0,0.2211669836708965
RM616,27.0,26-35,No,Non Travel,443.0,Research & Development,3.0,3.0,Medical,1.0,850,4.0,Male,50.0,3.0,1.0,Research Scientist,4.0,Married,1706.0,Upto 5k,16571.0,1.0,Y,No,11.0,0.11,3.0,3.0,80,3,0.14020408997934278
RM1338,28.0,26-35,No,Travel Rarely,1172.0,Sales,3.0,3.0,Medical,1.0,1875,2.0,Female,78.0,3.0,1.0,Sales Representative,2.0,Married,2856.0,Upto 5k,3692.0,1.0,Y,No,19.0,0.19,3.0,4.0,80,0,0.2492933705144388
RM810,28.0,26-35,No,Travel Rarely,950.0,Research & Development,3.0,3.0,Medical,1.0,1121,4.0,Female,93.0,3.0,3.0,Manufacturing Director,2.0,Divorced,7655.0,5k-10k,8039.0,0.0,Y,No,17.0,0.17,3.0,2.0,80,3,0.10794800069628742
RM215,30.0,26-35,Yes,Travel Rarely,1005.0,Research & Development,3.0,3.0,Technical Degree,1.0,297,4.0,Female,88.0,3.0,1.0,Research Scientist,1.0,Single,2657.0,Upto 5k,8556.0,5.0,Y,Yes,11.0,0.11,3.0,3.0,80,1,0.5632232160658639
RM420,30.0,26-35,No,Non Travel,1400.0,Research & Development,3.0,3.0,Life Science,1.0,562,3.0,Male,53.0,3.0,1.0,Laboratory Technician,4.0,Married,2097.0,Upto 5k,16734.0,4.0,Y,No,15.0,0.15,3.0,3.0,80,3,0.16125788461843105
RM502,30.0,26-35,No,Travel Frequently,160.0,Research & Development,3.0,3.0,Medical,1.0,680,3.0,Female,71.0,3.0,1.0,Research Scientist,3.0,Divorced,2083.0,Upto 5k,22653.0,1.0,Y,No,20.0,0.2,4.0,3.0,80,0,0.25191769125254715
RM1086,31.0,26-35,Yes,Travel Frequently,561.0,Research & Development,3.0,3.0,Life Science,1.0,1537,4.0,Female,33.0,3.0,1.0,Research Scientist,3.0,Single,4084.0,Upto 5k,4156.0,1.0,Y,No,12.0,0.12,3.0,1.0,80,3,0.2482117655425299
RM515,33.0,26-35,Yes,Travel Frequently,1076.0,Research & Development,3.0,3.0,Life Science,1.0,702,1.0,Male,70.0,3.0,1.0,Research Scientist,1.0,Single,3348.0,Upto 5k,3164.0,1.0,Y,Yes,11.0,0.11,3.0,1.0,80,3,0.7716474988027039
RM1180,34.0,26-35,No,Travel Rarely,1130.0,Research & Development,3.0,3.0,Life Science,1.0,1658,4.0,Female,66.0,3.0,2.0,Research Scientist,2.0,Divorced,5433.0,5k-10k,19332.0,1.0,Y,No,12.0,0.12,3.0,3.0,80,3,0.06028592611619993
RM292,36.0,36-45,No,Travel Rarely,506.0,Research & Development,3.0,3.0,Technical Degree,1.0,397,3.0,Male,30.0,3.0,2.0,Research Scientist,2.0,Single,4485.0,Upto 5k,26285.0,4.0,Y,No,12.0,0.12,3.0,4.0,80,1,0.10965358848041132
RM901,36.0,36-45,No,Travel Frequently,469.0,Research & Development,3.0,3.0,Technical Degree,1.0,1257,3.0,Male,46.0,3.0,1.0,Research Scientist,2.0,Married,3692.0,Upto 5k,9256.0,1.0,Y,No,12.0,0.12,3.0,3.0,80,3,0.1895749552226245
RM116,37.0,36-45,No,Travel Rarely,1189.0,Sales,3.0,3.0,Life Science,1.0,152,3.0,Male,87.0,3.0,3.0,Sales Executive,4.0,Single,7428.0,5k-10k,14506.0,2.0,Y,No,12.0,0.12,3.0,1.0,80,3,0.16241352265233425
RM507,37.0,36-45,No,Travel Rarely,482.0,Research & Development,3.0,3.0,Other,1.0,689,3.0,Male,36.0,3.0,3.0,Manufacturing Director,3.0,Married,9434.0,5k-10k,9606.0,1.0,Y,No,15.0,0.15,3.0,3.0,80,3,0.09510327922913821
RM768,37.0,36-45,No,Travel Rarely,124.0,Research & Development,3.0,3.0,Other,1.0,1062,4.0,Female,35.0,3.0,2.0,Healthcare Representative,2.0,Single,4107.0,Upto 5k,13848.0,3.0,Y,No,15.0,0.15,3.0,1.0,80,3,0.14128441339349634
RM224,38.0,36-45,No,Travel Rarely,119.0,Sales,3.0,3.0,Life Science,1.0,307,1.0,Male,76.0,3.0,3.0,Sales Executive,3.0,Divorced,10609.0,10k-15k,9647.0,0.0,Y,No,12.0,0.12,3.0,3.0,80,3,0.1479497881615579
RM954,44.0,36-45,Yes,Travel Rarely,935.0,Research & Development,3.0,3.0,Life Science,1.0,1333,1.0,Male,89.0,3.0,1.0,Laboratory Technician,1.0,Married,2362.0,Upto 5k,14669.0,4.0,Y,No,12.0,0.12,3.0,3.0,80,1,0.5935690563825208
RM1081,46.0,46-55,No,Travel Rarely,228.0,Sales,3.0,3.0,Life Science,1.0,1527,3.0,Female,51.0,3.0,4.0,Manager,2.0,Married,16606.0,15k+,11380.0,8.0,Y,No,12.0,0.12,3.0,4.0,80,2,0.07529638015300825
RM545,47.0,46-55,No,Travel Frequently,217.0,Sales,3.0,3.0,Medical,1.0,746,4.0,Female,49.0,3.0,4.0,Sales Executive,3.0,Divorced,13770.0,10k-15k,10225.0,9.0,Y,Yes,12.0,0.12,3.0,4.0,80,1,0.17659440578821978
RM478,50.0,46-55,No,Travel Frequently,1246.0,Human Resources,3.0,3.0,Medical,1.0,644,1.0,Male,99.0,3.0,5.0,Manager,2.0,Married,18200.0,15k+,7999.0,1.0,Y,No,11.0,0.11,3.0,3.0,80,2,0.13476996372117445
RM1276,51.0,46-55,No,Travel Rarely,942.0,Research & Development,3.0,3.0,Technical Degree,1.0,1786,1.0,Female,53.0,3.0,3.0,Manager,3.0,Married,13116.0,10k-15k,22984.0,2.0,Y,No,11.0,0.11,3.0,4.0,80,2,0.11551893127729182
RM190,51.0,46-55,No,Travel Rarely,313.0,Research & Development,3.0,3.0,Medical,1.0,258,4.0,Female,98.0,3.0,4.0,Healthcare Representative,2.0,Single,13734.0,10k-15k,7192.0,3.0,Y,No,18.0,0.18,3.0,3.0,80,2,0.08913901655400656
RM220,54.0,46-55,No,Travel Rarely,1147.0,Sales,3.0,3.0,Marketing,1.0,303,4.0,Female,52.0,3.0,2.0,Sales Executive,1.0,Married,5940.0,5k-10k,17011.0,2.0,Y,No,14.0,0.14,3.0,4.0,80,1,0.10983019344774997
RM895,54.0,46-55,No,Travel Rarely,685.0,Research & Development,3.0,3.0,Life Science,1.0,1250,4.0,Male,85.0,3.0,4.0,Research Director,4.0,Married,17779.0,15k+,23474.0,3.0,Y,No,14.0,0.14,3.0,1.0,80,2,0.05822524464606913
RM690,20.0,18-25,Yes,Travel Rarely,129.0,Research & Development,4.0,3.0,Technical Degree,1.0,960,1.0,Male,84.0,3.0,1.0,Laboratory Technician,1.0,Single,2973.0,Upto 5k,13008.0,1.0,Y,No,19.0,0.19,3.0,2.0,80,0,0.5383156907821759
RM671,27.0,26-35,No,Travel Rarely,618.0,Research & Development,4.0,3.0,Life Science,1.0,933,2.0,Female,76.0,3.0,1.0,Research Scientist,3.0,Single,2318.0,Upto 5k,17808.0,1.0,Y,No,19.0,0.19,3.0,3.0,80,0,0.44702718027604194
RM098,28.0,26-35,No,Non Travel,120.0,Sales,4.0,3.0,Medical,1.0,129,2.0,Male,43.0,3.0,2.0,Sales Executive,3.0,Married,4221.0,Upto 5k,8863.0,1.0,Y,No,15.0,0.15,3.0,2.0,80,3,0.16940052547375029
RM386,30.0,26-35,Yes,Travel Frequently,464.0,Research & Development,4.0,3.0,Technical Degree,1.0,514,3.0,Male,40.0,3.0,1.0,Research Scientist,4.0,Single,2285.0,Upto 5k,3427.0,9.0,Y,Yes,23.0,0.23,4.0,3.0,80,1,0.8235763944669497
RM1266,33.0,26-35,No,Non Travel,775.0,Research & Development,4.0,3.0,Technical Degree,1.0,1771,4.0,Male,90.0,3.0,2.0,Research Scientist,2.0,Divorced,3055.0,Upto 5k,6194.0,5.0,Y,No,15.0,0.15,3.0,4.0,80,1,0.11962526557232891
RM1343,34.0,26-35,No,Travel Rarely,1480.0,Sales,4.0,3.0,Life Science,1.0,1882,3.0,Male,64.0,3.0,3.0,Sales Executive,4.0,Married,9713.0,5k-10k,24444.0,2.0,Y,Yes,13.0,0.13,3.0,4.0,80,3,0.17864689340207243
RM792,35.0,26-35,Yes,Travel Rarely,1204.0,Sales,4.0,3.0,Technical Degree,1.0,1100,4.0,Male,86.0,3.0,3.0,Sales Executive,1.0,Single,9582.0,5k-10k,10333.0,0.0,Y,Yes,22.0,0.22,4.0,1.0,80,0,0.6551637124352506
RM1160,39.0,36-45,No,Travel Frequently,711.0,Research & Development,4.0,3.0,Medical,1.0,1633,1.0,Female,81.0,3.0,2.0,Manufacturing Director,3.0,Single,5042.0,5k-10k,3140.0,0.0,Y,No,13.0,0.13,3.0,4.0,80,3,0.11486482435753857
RM367,41.0,36-45,Yes,Travel Frequently,143.0,Sales,4.0,3.0,Marketing,1.0,488,1.0,Male,56.0,3.0,2.0,Sales Executive,2.0,Single,9355.0,5k-10k,9558.0,1.0,Y,No,18.0,0.18,3.0,3.0,80,0,0.1980326207621837
RM618,44.0,36-45,No,Travel Rarely,625.0,Research & Development,4.0,3.0,Medical,1.0,852,4.0,Male,50.0,3.0,2.0,Healthcare Representative,2.0,Single,5933.0,5k-10k,5197.0,9.0,Y,No,12.0,0.12,3.0,4.0,80,1,0.10971430058694906
RM970,48.0,46-55,No,Travel Rarely,855.0,Research & Development,4.0,3.0,Life Science,1.0,1363,4.0,Male,54.0,3.0,3.0,Manufacturing Director,4.0,Single,7898.0,5k-10k,18706.0,1.0,Y,No,11.0,0.11,3.0,3.0,80,3,0.0930943049255589
RM458,18.0,18-25,Yes,Travel Frequently,1306.0,Sales,5.0,3.0,Marketing,1.0,614,2.0,Male,69.0,3.0,1.0,Sales Representative,2.0,Single,1878.0,Upto 5k,8059.0,1.0,Y,Yes,14.0,0.14,3.0,4.0,80,3,0.8507197265125421
RM319,27.0,26-35,No,Travel Rarely,1220.0,Research & Development,5.0,3.0,Life Science,1.0,434,3.0,Female,85.0,3.0,1.0,Research Scientist,2.0,Single,2478.0,Upto 5k,20938.0,1.0,Y,Yes,12.0,0.12,3.0,2.0,80,3,0.5577669369978054
RM1042,28.0,26-35,No,Travel Rarely,866.0,Sales,5.0,3.0,Medical,1.0,1469,4.0,Male,84.0,3.0,2.0,Sales Executive,1.0,Single,8463.0,5k-10k,23490.0,0.0,Y,No,18.0,0.18,3.0,4.0,80,3,0.18795781284635704
RM146,30.0,26-35,No,Travel Rarely,201.0,Research & Development,5.0,3.0,Technical Degree,1.0,197,4.0,Female,84.0,3.0,1.0,Research Scientist,1.0,Divorced,3204.0,Upto 5k,10415.0,5.0,Y,No,14.0,0.14,3.0,4.0,80,1,0.2112930811514294
RM168,30.0,26-35,No,Travel Rarely,1339.0,Sales,5.0,3.0,Life Science,1.0,228,2.0,Female,41.0,3.0,3.0,Sales Executive,4.0,Married,9419.0,5k-10k,8053.0,2.0,Y,No,12.0,0.12,3.0,3.0,80,3,0.12844999712516075
RM733,30.0,26-35,Yes,Travel Frequently,109.0,Research & Development,5.0,3.0,Medical,1.0,1017,2.0,Female,60.0,3.0,1.0,Laboratory Technician,2.0,Single,2422.0,Upto 5k,25725.0,0.0,Y,No,17.0,0.17,3.0,1.0,80,3,0.6935163568368287
RM1464,31.0,26-35,No,Non Travel,325.0,Research & Development,5.0,3.0,Medical,1.0,2057,2.0,Male,74.0,3.0,2.0,Manufacturing Director,1.0,Single,9936.0,5k-10k,3787.0,0.0,Y,No,19.0,0.19,3.0,2.0,80,0,0.15005905993351779
RM1248,31.0,26-35,No,Travel Rarely,1003.0,Sales,5.0,3.0,Technical Degree,1.0,1749,1.0,Male,51.0,3.0,2.0,Sales Executive,3.0,Married,8346.0,5k-10k,20943.0,1.0,Y,No,19.0,0.19,3.0,3.0,80,0,0.2463581265763972
RM293,31.0,26-35,No,Travel Frequently,444.0,Sales,5.0,3.0,Marketing,1.0,399,4.0,Female,84.0,3.0,1.0,Sales Representative,2.0,Divorced,2789.0,Upto 5k,3909.0,1.0,Y,No,11.0,0.11,3.0,3.0,80,3,0.31667100926450314
RM364,33.0,26-35,Yes,Travel Rarely,350.0,Sales,5.0,3.0,Marketing,1.0,485,4.0,Female,34.0,3.0,1.0,Sales Representative,3.0,Single,2851.0,Upto 5k,9150.0,1.0,Y,Yes,13.0,0.13,3.0,2.0,80,3,0.7808430658912118
RM034,39.0,36-45,Yes,Travel Rarely,895.0,Sales,5.0,3.0,Technical Degree,1.0,42,4.0,Male,56.0,3.0,2.0,Sales Representative,4.0,Married,2086.0,Upto 5k,3335.0,3.0,Y,No,14.0,0.14,3.0,3.0,80,3,0.1424940020690177
RM908,44.0,36-45,No,Travel Rarely,1099.0,Sales,5.0,3.0,Marketing,1.0,1267,2.0,Male,88.0,3.0,5.0,Manager,2.0,Married,18213.0,15k+,8751.0,7.0,Y,No,11.0,0.11,3.0,3.0,80,2,0.08461591885128705
RM963,51.0,46-55,No,Travel Rarely,770.0,Human Resources,5.0,3.0,Life Science,1.0,1352,3.0,Male,84.0,3.0,4.0,Manager,2.0,Divorced,14026.0,10k-15k,17588.0,1.0,Y,Yes,11.0,0.11,3.0,2.0,80,2,0.08215738442590083
RM948,52.0,46-55,Yes,Travel Rarely,1030.0,Sales,5.0,3.0,Life Science,1.0,1319,2.0,Male,64.0,3.0,3.0,Sales Executive,2.0,Single,8446.0,5k-10k,21534.0,9.0,Y,Yes,19.0,0.19,3.0,3.0,80,1,0.6930627016589561
RM026,53.0,46-55,No,Travel Rarely,1282.0,Research & Development,5.0,3.0,Other,1.0,32,3.0,Female,58.0,3.0,5.0,Manager,3.0,Divorced,19094.0,15k+,10735.0,4.0,Y,No,11.0,0.11,3.0,4.0,80,2,0.052427700475739476
RM506,26.0,26-35,No,Travel Rarely,991.0,Research & Development,6.0,3.0,Life Science,1.0,686,3.0,Female,71.0,3.0,1.0,Laboratory Technician,4.0,Married,2659.0,Upto 5k,17759.0,1.0,Y,Yes,13.0,0.13,3.0,3.0,80,3,0.5237467376278411
RM510,33.0,26-35,No,Travel Frequently,1296.0,Research & Development,6.0,3.0,Life Science,1.0,692,3.0,Male,30.0,3.0,2.0,Healthcare Representative,4.0,Divorced,7725.0,5k-10k,5335.0,3.0,Y,No,23.0,0.23,4.0,3.0,80,0,0.04984656135353481
RM270,36.0,36-45,No,Travel Rarely,1403.0,Research & Development,6.0,3.0,Life Science,1.0,373,4.0,Male,47.0,3.0,1.0,Laboratory Technician,4.0,Married,3210.0,Upto 5k,20251.0,0.0,Y,No,11.0,0.11,3.0,3.0,80,3,0.1481855432867191
RM1080,39.0,36-45,No,Travel Rarely,1089.0,Research & Development,6.0,3.0,Life Science,1.0,1525,2.0,Female,32.0,3.0,3.0,Manufacturing Director,2.0,Single,8376.0,5k-10k,9150.0,4.0,Y,No,18.0,0.18,3.0,4.0,80,1,0.055500548575249956
RM670,39.0,36-45,Yes,Travel Rarely,1122.0,Research & Development,6.0,3.0,Medical,1.0,932,4.0,Male,70.0,3.0,1.0,Laboratory Technician,1.0,Married,2404.0,Upto 5k,4303.0,7.0,Y,Yes,21.0,0.21,4.0,4.0,80,1,0.7386369355928638
RM449,40.0,36-45,No,Travel Rarely,302.0,Research & Development,6.0,3.0,Life Science,1.0,601,2.0,Female,75.0,3.0,4.0,Manufacturing Director,3.0,Single,13237.0,10k-15k,20364.0,7.0,Y,No,15.0,0.15,3.0,3.0,80,1,0.06105736607540513
RM1219,41.0,36-45,No,Travel Rarely,918.0,Sales,6.0,3.0,Marketing,1.0,1708,4.0,Male,35.0,3.0,3.0,Sales Executive,3.0,Single,9241.0,5k-10k,15869.0,1.0,Y,No,12.0,0.12,3.0,2.0,80,3,0.15646458809091
RM216,41.0,36-45,No,Travel Rarely,896.0,Sales,6.0,3.0,Life Science,1.0,298,4.0,Female,75.0,3.0,3.0,Manager,4.0,Single,13591.0,10k-15k,14674.0,3.0,Y,Yes,18.0,0.18,3.0,3.0,80,2,0.1776118034326648
RM687,41.0,36-45,No,Travel Rarely,263.0,Research & Development,6.0,3.0,Medical,1.0,957,4.0,Male,59.0,3.0,1.0,Laboratory Technician,1.0,Single,4721.0,Upto 5k,3119.0,2.0,Y,Yes,13.0,0.13,3.0,3.0,80,3,0.27656569654511404
RM1358,42.0,36-45,No,Travel Rarely,1396.0,Research & Development,6.0,3.0,Medical,1.0,1911,3.0,Male,83.0,3.0,3.0,Research Director,1.0,Married,13348.0,10k-15k,14842.0,9.0,Y,No,13.0,0.13,3.0,2.0,80,1,0.09262668206652074
RM124,51.0,46-55,No,Travel Rarely,684.0,Research & Development,6.0,3.0,Life Science,1.0,162,1.0,Male,51.0,3.0,5.0,Research Director,3.0,Single,19537.0,15k+,6462.0,7.0,Y,No,13.0,0.13,3.0,3.0,80,2,0.0915585954354337
RM557,53.0,46-55,No,Travel Rarely,346.0,Research & Development,6.0,3.0,Life Science,1.0,769,4.0,Male,86.0,3.0,2.0,Laboratory Technician,4.0,Single,2450.0,Upto 5k,10919.0,2.0,Y,No,17.0,0.17,3.0,4.0,80,0,0.1696262987043551
RM1214,23.0,18-25,Yes,Travel Rarely,427.0,Sales,7.0,3.0,Life Science,1.0,1702,3.0,Male,99.0,3.0,1.0,Sales Representative,4.0,Divorced,2275.0,Upto 5k,25103.0,1.0,Y,Yes,21.0,0.21,4.0,2.0,80,0,0.4238022373452664
RM480,24.0,18-25,Yes,Travel Frequently,1287.0,Research & Development,7.0,3.0,Life Science,1.0,647,1.0,Female,55.0,3.0,1.0,Laboratory Technician,3.0,Married,2886.0,Upto 5k,14168.0,1.0,Y,Yes,16.0,0.16,3.0,4.0,80,3,0.7894939089249619
RM1207,26.0,26-35,No,Non Travel,786.0,Research & Development,7.0,3.0,Medical,1.0,1693,4.0,Male,76.0,3.0,1.0,Laboratory Technician,4.0,Single,2570.0,Upto 5k,11925.0,1.0,Y,No,20.0,0.2,4.0,3.0,80,0,0.19428348016970334
RM1071,28.0,26-35,No,Travel Frequently,467.0,Sales,7.0,3.0,Life Science,1.0,1507,3.0,Male,55.0,3.0,2.0,Sales Executive,1.0,Single,4898.0,Upto 5k,11827.0,0.0,Y,No,14.0,0.14,3.0,4.0,80,3,0.23519641493273583
RM1344,29.0,26-35,No,Travel Rarely,592.0,Research & Development,7.0,3.0,Life Science,1.0,1883,4.0,Male,59.0,3.0,1.0,Laboratory Technician,1.0,Single,2062.0,Upto 5k,19384.0,3.0,Y,No,14.0,0.14,3.0,2.0,80,3,0.4082593009852886
RM904,29.0,26-35,No,Travel Rarely,1329.0,Research & Development,7.0,3.0,Life Science,1.0,1260,3.0,Male,82.0,3.0,2.0,Healthcare Representative,4.0,Divorced,6623.0,5k-10k,4204.0,1.0,Y,Yes,11.0,0.11,3.0,2.0,80,3,0.10351073260857878
RM933,29.0,26-35,Yes,Travel Rarely,806.0,Research & Development,7.0,3.0,Technical Degree,1.0,1299,2.0,Female,39.0,3.0,1.0,Laboratory Technician,3.0,Divorced,3339.0,Upto 5k,17285.0,3.0,Y,Yes,13.0,0.13,3.0,1.0,80,3,0.7700413407166011
RM1053,30.0,26-35,No,Non Travel,990.0,Research & Development,7.0,3.0,Technical Degree,1.0,1482,3.0,Male,64.0,3.0,1.0,Research Scientist,3.0,Divorced,1274.0,Upto 5k,7152.0,1.0,Y,No,13.0,0.13,3.0,2.0,80,3,0.20716748510491453
RM322,31.0,26-35,No,Travel Rarely,691.0,Sales,7.0,3.0,Marketing,1.0,438,4.0,Male,73.0,3.0,2.0,Sales Executive,4.0,Divorced,7547.0,5k-10k,7143.0,4.0,Y,No,12.0,0.12,3.0,4.0,80,3,0.16377708528894053
RM1048,33.0,26-35,No,Travel Frequently,430.0,Sales,7.0,3.0,Medical,1.0,1477,4.0,Male,54.0,3.0,2.0,Sales Executive,1.0,Married,4373.0,Upto 5k,17456.0,0.0,Y,No,14.0,0.14,3.0,1.0,80,3,0.19320864519386938
RM591,33.0,26-35,No,Travel Rarely,213.0,Research & Development,7.0,3.0,Medical,1.0,817,3.0,Male,49.0,3.0,3.0,Research Director,3.0,Married,11691.0,10k-15k,25995.0,0.0,Y,No,11.0,0.11,3.0,4.0,80,3,0.11635113018181639
RM803,33.0,26-35,No,Travel Frequently,970.0,Sales,7.0,3.0,Life Science,1.0,1114,4.0,Female,30.0,3.0,2.0,Sales Executive,2.0,Married,4302.0,Upto 5k,13401.0,0.0,Y,No,17.0,0.17,3.0,3.0,80,3,0.12291576500927358
RM612,35.0,26-35,No,Travel Rarely,950.0,Research & Development,7.0,3.0,Other,1.0,845,3.0,Male,59.0,3.0,3.0,Manufacturing Director,3.0,Single,10221.0,10k-15k,18869.0,3.0,Y,No,21.0,0.21,4.0,2.0,80,0,0.08676962291573914
RM1181,36.0,36-45,No,Travel Rarely,311.0,Research & Development,7.0,3.0,Life Science,1.0,1659,1.0,Male,77.0,3.0,1.0,Laboratory Technician,2.0,Single,2013.0,Upto 5k,10950.0,2.0,Y,No,11.0,0.11,3.0,3.0,80,3,0.3789366367263836
RM1172,40.0,36-45,Yes,Travel Rarely,1329.0,Research & Development,7.0,3.0,Life Science,1.0,1649,1.0,Male,73.0,3.0,1.0,Laboratory Technician,1.0,Single,2166.0,Upto 5k,3339.0,3.0,Y,Yes,14.0,0.14,3.0,2.0,80,1,0.7929200093742513
RM334,43.0,36-45,No,Travel Rarely,1001.0,Research & Development,7.0,3.0,Life Science,1.0,451,3.0,Female,43.0,3.0,3.0,Healthcare Representative,1.0,Married,9985.0,5k-10k,9262.0,8.0,Y,No,16.0,0.16,3.0,1.0,80,1,0.13450056842938052
RM1141,44.0,36-45,No,Travel Rarely,1313.0,Research & Development,7.0,3.0,Medical,1.0,1608,2.0,Female,31.0,3.0,5.0,Research Director,4.0,Divorced,19049.0,15k+,3549.0,0.0,Y,Yes,14.0,0.14,3.0,4.0,80,2,0.04504593432421192
RM068,45.0,36-45,No,Travel Rarely,1339.0,Research & Development,7.0,3.0,Life Science,1.0,86,2.0,Male,59.0,3.0,3.0,Research Scientist,1.0,Divorced,9724.0,5k-10k,18787.0,2.0,Y,No,17.0,0.17,3.0,3.0,80,2,0.08764440763491095
RM312,45.0,36-45,No,Travel Frequently,1249.0,Research & Development,7.0,3.0,Life Science,1.0,425,1.0,Male,97.0,3.0,3.0,Laboratory Technician,1.0,Divorced,5210.0,5k-10k,20308.0,1.0,Y,No,18.0,0.18,3.0,1.0,80,0,0.19709589036622854
RM855,45.0,36-45,No,Travel Rarely,1457.0,Research & Development,7.0,3.0,Medical,1.0,1195,1.0,Female,83.0,3.0,1.0,Research Scientist,3.0,Married,4477.0,Upto 5k,20100.0,4.0,Y,Yes,19.0,0.19,3.0,3.0,80,0,0.38000942930373005
RM1039,48.0,46-55,No,Travel Rarely,1221.0,Sales,7.0,3.0,Marketing,1.0,1466,3.0,Male,96.0,3.0,2.0,Sales Executive,1.0,Divorced,5486.0,5k-10k,24795.0,4.0,Y,No,11.0,0.11,3.0,1.0,80,1,0.16264527322455316
RM412,60.0,55+,No,Travel Rarely,422.0,Research & Development,7.0,3.0,Life Science,1.0,549,1.0,Female,41.0,3.0,5.0,Manager,1.0,Married,19566.0,15k+,3854.0,5.0,Y,No,11.0,0.11,3.0,4.0,80,2,0.09686695807250863
RM044,27.0,26-35,No,Travel Frequently,994.0,Sales,8.0,3.0,Life Science,1.0,56,4.0,Male,37.0,3.0,3.0,Sales Executive,3.0,Single,8726.0,5k-10k,2975.0,1.0,Y,No,15.0,0.15,3.0,4.0,80,3,0.15380378460343408
RM1249,27.0,26-35,No,Travel Rarely,1054.0,Research & Development,8.0,3.0,Medical,1.0,1751,3.0,Female,67.0,3.0,1.0,Research Scientist,4.0,Single,3445.0,Upto 5k,6152.0,1.0,Y,No,11.0,0.11,3.0,3.0,80,3,0.253366056996972
RM155,32.0,26-35,No,Travel Frequently,967.0,Sales,8.0,3.0,Marketing,1.0,207,2.0,Female,43.0,3.0,3.0,Sales Executive,4.0,Single,8998.0,5k-10k,15589.0,1.0,Y,No,14.0,0.14,3.0,4.0,80,3,0.1744714615207869
RM065,36.0,36-45,No,Travel Rarely,1223.0,Research & Development,8.0,3.0,Technical Degree,1.0,83,3.0,Female,59.0,3.0,3.0,Healthcare Representative,3.0,Divorced,10096.0,10k-15k,8202.0,1.0,Y,No,13.0,0.13,3.0,2.0,80,3,0.10101953375918399
RM1357,41.0,36-45,No,Travel Rarely,337.0,Sales,8.0,3.0,Marketing,1.0,1909,3.0,Female,54.0,3.0,2.0,Sales Executive,2.0,Married,4393.0,Upto 5k,26841.0,5.0,Y,No,21.0,0.21,4.0,3.0,80,1,0.1852927657204309
RM1326,42.0,36-45,No,Travel Rarely,1142.0,Research & Development,8.0,3.0,Life Science,1.0,1860,4.0,Male,81.0,3.0,1.0,Laboratory Technician,3.0,Single,3968.0,Upto 5k,13624.0,4.0,Y,No,13.0,0.13,3.0,4.0,80,1,0.18802667049480767
RM585,42.0,36-45,No,Travel Frequently,570.0,Research & Development,8.0,3.0,Life Science,1.0,809,2.0,Male,66.0,3.0,5.0,Manager,4.0,Divorced,18430.0,15k+,16225.0,1.0,Y,No,13.0,0.13,3.0,2.0,80,2,0.05049046514555639
RM662,43.0,36-45,No,Travel Rarely,177.0,Research & Development,8.0,3.0,Life Science,1.0,920,1.0,Female,55.0,3.0,2.0,Manufacturing Director,2.0,Divorced,4765.0,Upto 5k,23814.0,4.0,Y,No,21.0,0.21,4.0,3.0,80,0,0.11639449245079632
RM647,53.0,46-55,No,Travel Rarely,868.0,Sales,8.0,3.0,Marketing,1.0,897,1.0,Male,73.0,3.0,4.0,Sales Executive,4.0,Married,11836.0,10k-15k,22789.0,5.0,Y,No,14.0,0.14,3.0,3.0,80,2,0.19612389505476607
RM066,55.0,46-55,No,Travel Rarely,836.0,Research & Development,8.0,3.0,Medical,1.0,84,4.0,Female,33.0,3.0,4.0,Manager,3.0,Divorced,14756.0,10k-15k,19730.0,2.0,Y,Yes,14.0,0.14,3.0,3.0,80,2,0.05827177321510749
RM176,56.0,55+,No,Travel Rarely,713.0,Research & Development,8.0,3.0,Life Science,1.0,241,3.0,Female,67.0,3.0,1.0,Research Scientist,1.0,Divorced,4257.0,Upto 5k,13939.0,4.0,Y,Yes,18.0,0.18,3.0,3.0,80,1,0.37383265719806
RM777,20.0,18-25,Yes,Travel Frequently,769.0,Sales,9.0,3.0,Marketing,1.0,1077,4.0,Female,54.0,3.0,1.0,Sales Representative,4.0,Single,2323.0,Upto 5k,17205.0,1.0,Y,Yes,14.0,0.14,3.0,2.0,80,3,0.8510297690604905
RM1439,23.0,18-25,Yes,Travel Frequently,638.0,Sales,9.0,3.0,Marketing,1.0,2023,4.0,Male,33.0,3.0,1.0,Sales Representative,1.0,Married,1790.0,Upto 5k,26956.0,1.0,Y,No,19.0,0.19,3.0,1.0,80,0,0.34241011025713747
RM1061,24.0,18-25,Yes,Travel Frequently,381.0,Research & Development,9.0,3.0,Medical,1.0,1494,2.0,Male,89.0,3.0,1.0,Laboratory Technician,1.0,Single,3172.0,Upto 5k,16998.0,2.0,Y,Yes,11.0,0.11,3.0,3.0,80,3,0.8450317233611013
RM1394,27.0,26-35,No,Travel Rarely,954.0,Sales,9.0,3.0,Marketing,1.0,1965,4.0,Male,44.0,3.0,2.0,Sales Executive,4.0,Single,4105.0,Upto 5k,5099.0,1.0,Y,No,14.0,0.14,3.0,1.0,80,3,0.19331722465659265
RM162,27.0,26-35,No,Non Travel,691.0,Research & Development,9.0,3.0,Medical,1.0,218,4.0,Male,57.0,3.0,1.0,Research Scientist,2.0,Divorced,2024.0,Upto 5k,5970.0,6.0,Y,No,18.0,0.18,3.0,4.0,80,1,0.2510307733915743
RM192,27.0,26-35,No,Travel Rarely,894.0,Research & Development,9.0,3.0,Medical,1.0,260,4.0,Female,99.0,3.0,1.0,Research Scientist,2.0,Single,2279.0,Upto 5k,11781.0,1.0,Y,No,16.0,0.16,3.0,4.0,80,3,0.21855092284487834
RM273,28.0,26-35,No,Travel Rarely,1158.0,Research & Development,9.0,3.0,Medical,1.0,377,4.0,Male,94.0,3.0,1.0,Research Scientist,4.0,Married,2070.0,Upto 5k,2613.0,1.0,Y,No,23.0,0.23,4.0,4.0,80,0,0.11423912143378462
RM669,28.0,26-35,No,Travel Rarely,995.0,Research & Development,9.0,3.0,Medical,1.0,930,3.0,Female,77.0,3.0,1.0,Research Scientist,3.0,Divorced,2377.0,Upto 5k,9834.0,5.0,Y,No,18.0,0.18,3.0,2.0,80,0,0.2915381236796227
RM1339,30.0,26-35,Yes,Travel Rarely,945.0,Sales,9.0,3.0,Medical,1.0,1876,2.0,Male,89.0,3.0,1.0,Sales Representative,4.0,Single,1081.0,Upto 5k,16019.0,1.0,Y,No,13.0,0.13,3.0,3.0,80,3,0.6976853782016406
RM140,30.0,26-35,No,Travel Rarely,1240.0,Human Resources,9.0,3.0,Human Resources,1.0,184,3.0,Male,48.0,3.0,2.0,Human Resources,4.0,Married,6347.0,5k-10k,13982.0,0.0,Y,Yes,19.0,0.19,3.0,4.0,80,0,0.1261851763383549
RM174,30.0,26-35,No,Non Travel,111.0,Research & Development,9.0,3.0,Medical,1.0,239,3.0,Male,66.0,3.0,2.0,Laboratory Technician,1.0,Divorced,3072.0,Upto 5k,11012.0,1.0,Y,No,11.0,0.11,3.0,3.0,80,3,0.22583460480757434
RM141,32.0,26-35,Yes,Travel Rarely,1033.0,Research & Development,9.0,3.0,Medical,1.0,190,1.0,Female,41.0,3.0,1.0,Laboratory Technician,1.0,Single,4200.0,Upto 5k,10224.0,7.0,Y,No,22.0,0.22,4.0,1.0,80,1,0.659409652520263
RM884,33.0,26-35,No,Travel Rarely,117.0,Research & Development,9.0,3.0,Medical,1.0,1238,1.0,Male,60.0,3.0,1.0,Research Scientist,4.0,Married,2781.0,Upto 5k,6311.0,0.0,Y,No,13.0,0.13,3.0,2.0,80,3,0.18558490357503285
RM959,34.0,26-35,No,Travel Rarely,943.0,Research & Development,9.0,3.0,Life Science,1.0,1344,4.0,Male,86.0,3.0,3.0,Healthcare Representative,4.0,Divorced,8500.0,5k-10k,5494.0,0.0,Y,No,11.0,0.11,3.0,4.0,80,3,0.1574248873117948
RM295,37.0,36-45,No,Travel Frequently,889.0,Research & Development,9.0,3.0,Medical,1.0,403,2.0,Male,53.0,3.0,1.0,Research Scientist,4.0,Married,2326.0,Upto 5k,11411.0,1.0,Y,Yes,12.0,0.12,3.0,3.0,80,3,0.5102623837556176
RM1438,39.0,36-45,No,Non Travel,105.0,Research & Development,9.0,3.0,Life Science,1.0,2022,4.0,Male,87.0,3.0,5.0,Manager,4.0,Single,19431.0,15k+,15302.0,2.0,Y,No,13.0,0.13,3.0,3.0,80,2,0.05451050997859552
RM817,39.0,36-45,No,Non Travel,439.0,Research & Development,9.0,3.0,Life Science,1.0,1132,3.0,Male,70.0,3.0,2.0,Laboratory Technician,2.0,Single,6782.0,5k-10k,8770.0,9.0,Y,No,15.0,0.15,3.0,3.0,80,1,0.12881677567590308
RM717,41.0,36-45,No,Travel Frequently,840.0,Research & Development,9.0,3.0,Medical,1.0,999,1.0,Male,64.0,3.0,5.0,Research Director,3.0,Divorced,19419.0,15k+,3735.0,2.0,Y,No,17.0,0.17,3.0,2.0,80,2,0.07506185831742816
RM1294,43.0,36-45,No,Non Travel,343.0,Research & Development,9.0,3.0,Life Science,1.0,1813,1.0,Male,52.0,3.0,1.0,Research Scientist,3.0,Single,2438.0,Upto 5k,24978.0,4.0,Y,No,13.0,0.13,3.0,3.0,80,1,0.2942287155413805
RM154,45.0,36-45,No,Travel Rarely,194.0,Research & Development,9.0,3.0,Life Science,1.0,206,2.0,Male,60.0,3.0,2.0,Laboratory Technician,2.0,Divorced,2348.0,Upto 5k,10901.0,8.0,Y,No,18.0,0.18,3.0,3.0,80,1,0.20176002439016583
RM626,45.0,36-45,No,Travel Rarely,930.0,Sales,9.0,3.0,Marketing,1.0,864,4.0,Male,74.0,3.0,3.0,Sales Executive,1.0,Divorced,10761.0,10k-15k,19239.0,4.0,Y,Yes,12.0,0.12,3.0,3.0,80,2,0.17013406295249914
RM1032,46.0,46-55,Yes,Travel Rarely,377.0,Sales,9.0,3.0,Marketing,1.0,1457,1.0,Male,52.0,3.0,3.0,Sales Executive,4.0,Divorced,10096.0,10k-15k,15986.0,4.0,Y,No,11.0,0.11,3.0,1.0,80,2,0.5906942787901396
RM1127,50.0,46-55,No,Travel Rarely,264.0,Sales,9.0,3.0,Marketing,1.0,1591,3.0,Male,59.0,3.0,5.0,Manager,3.0,Married,19331.0,15k+,19519.0,4.0,Y,Yes,16.0,0.16,3.0,3.0,80,2,0.09583407178472711
RM743,50.0,46-55,No,Travel Rarely,804.0,Research & Development,9.0,3.0,Life Science,1.0,1030,1.0,Male,64.0,3.0,1.0,Laboratory Technician,4.0,Married,2380.0,Upto 5k,20165.0,4.0,Y,No,18.0,0.18,3.0,2.0,80,0,0.32696445221405396
RM919,51.0,46-55,No,Travel Frequently,237.0,Sales,9.0,3.0,Life Science,1.0,1282,4.0,Male,83.0,3.0,5.0,Manager,2.0,Divorced,19847.0,15k+,19196.0,4.0,Y,Yes,24.0,0.24,4.0,1.0,80,2,0.07531877495534067
RM553,56.0,55+,No,Travel Rarely,832.0,Research & Development,9.0,3.0,Medical,1.0,762,3.0,Male,81.0,3.0,4.0,Healthcare Representative,4.0,Married,11103.0,10k-15k,20420.0,7.0,Y,No,11.0,0.11,3.0,3.0,80,2,0.18071069783241014
RM773,56.0,55+,No,Travel Frequently,1240.0,Research & Development,9.0,3.0,Medical,1.0,1071,1.0,Female,63.0,3.0,1.0,Research Scientist,3.0,Married,2942.0,Upto 5k,12154.0,2.0,Y,No,19.0,0.19,3.0,2.0,80,0,0.306550351984451
RM1246,24.0,18-25,No,Travel Frequently,897.0,Human Resources,10.0,3.0,Medical,1.0,1746,1.0,Male,59.0,3.0,1.0,Human Resources,4.0,Married,2145.0,Upto 5k,2097.0,0.0,Y,No,14.0,0.14,3.0,4.0,80,3,0.22600257840772106
RM1310,26.0,26-35,No,Travel Rarely,572.0,Sales,10.0,3.0,Medical,1.0,1836,3.0,Male,46.0,3.0,2.0,Sales Executive,4.0,Single,4684.0,Upto 5k,9125.0,1.0,Y,No,13.0,0.13,3.0,1.0,80,3,0.21552068775541325
RM789,28.0,26-35,No,Travel Rarely,857.0,Research & Development,10.0,3.0,Other,1.0,1097,3.0,Female,59.0,3.0,2.0,Research Scientist,3.0,Single,3660.0,Upto 5k,7909.0,3.0,Y,No,13.0,0.13,3.0,4.0,80,3,0.2129307364450566
RM547,29.0,26-35,No,Travel Rarely,1396.0,Sales,10.0,3.0,Life Science,1.0,749,3.0,Male,99.0,3.0,1.0,Sales Representative,3.0,Single,2642.0,Upto 5k,2755.0,1.0,Y,No,11.0,0.11,3.0,3.0,80,3,0.27717372395417006
RM556,29.0,26-35,No,Travel Rarely,1090.0,Sales,10.0,3.0,Marketing,1.0,766,4.0,Male,83.0,3.0,1.0,Sales Representative,2.0,Divorced,2297.0,Upto 5k,17967.0,1.0,Y,No,14.0,0.14,3.0,4.0,80,3,0.23704859173510287
RM824,29.0,26-35,No,Travel Frequently,490.0,Research & Development,10.0,3.0,Life Science,1.0,1143,4.0,Female,61.0,3.0,1.0,Research Scientist,2.0,Divorced,3291.0,Upto 5k,17940.0,0.0,Y,No,14.0,0.14,3.0,4.0,80,3,0.24228083652324556
RM1297,30.0,26-35,No,Travel Rarely,1092.0,Research & Development,10.0,3.0,Medical,1.0,1816,1.0,Female,64.0,3.0,3.0,Manufacturing Director,3.0,Single,9667.0,5k-10k,2739.0,9.0,Y,No,14.0,0.14,3.0,2.0,80,1,0.24101047309018744
RM1406,31.0,26-35,No,Non Travel,697.0,Research & Development,10.0,3.0,Medical,1.0,1979,3.0,Female,40.0,3.0,3.0,Research Director,3.0,Married,11031.0,10k-15k,26862.0,4.0,Y,No,20.0,0.2,4.0,3.0,80,0,0.06985386544759531
RM1076,32.0,26-35,No,Travel Rarely,495.0,Research & Development,10.0,3.0,Medical,1.0,1516,3.0,Male,64.0,3.0,3.0,Manager,4.0,Single,11244.0,10k-15k,21072.0,2.0,Y,No,25.0,0.25,4.0,2.0,80,0,0.113934975068691
RM1227,32.0,26-35,No,Travel Frequently,585.0,Research & Development,10.0,3.0,Life Science,1.0,1720,1.0,Male,56.0,3.0,1.0,Research Scientist,3.0,Married,3433.0,Upto 5k,17360.0,6.0,Y,No,13.0,0.13,3.0,1.0,80,1,0.47033679516647053
RM528,32.0,26-35,No,Travel Rarely,929.0,Sales,10.0,3.0,Marketing,1.0,722,4.0,Male,55.0,3.0,2.0,Sales Executive,4.0,Single,5396.0,5k-10k,21703.0,1.0,Y,No,12.0,0.12,3.0,4.0,80,3,0.1864674296796214
RM1268,34.0,26-35,No,Non Travel,1375.0,Sales,10.0,3.0,Life Science,1.0,1774,4.0,Male,87.0,3.0,2.0,Sales Executive,3.0,Divorced,4001.0,Upto 5k,12313.0,1.0,Y,Yes,14.0,0.14,3.0,3.0,80,3,0.13887989495945768
RM672,34.0,26-35,No,Travel Rarely,546.0,Research & Development,10.0,3.0,Life Science,1.0,934,2.0,Male,83.0,3.0,1.0,Laboratory Technician,2.0,Divorced,2008.0,Upto 5k,6896.0,1.0,Y,No,14.0,0.14,3.0,2.0,80,3,0.3103348258493995
RM741,35.0,26-35,No,Travel Rarely,802.0,Research & Development,10.0,3.0,Other,1.0,1028,2.0,Male,45.0,3.0,1.0,Laboratory Technician,4.0,Divorced,3917.0,Upto 5k,9541.0,1.0,Y,No,20.0,0.2,4.0,1.0,80,0,0.1658319825045735
RM1279,36.0,36-45,No,Travel Rarely,1383.0,Research & Development,10.0,3.0,Life Science,1.0,1790,4.0,Male,90.0,3.0,3.0,Healthcare Representative,1.0,Married,8321.0,5k-10k,25949.0,7.0,Y,Yes,13.0,0.13,3.0,4.0,80,1,0.14470802302749317
RM1164,37.0,36-45,No,Travel Rarely,1470.0,Research & Development,10.0,3.0,Medical,1.0,1640,2.0,Female,71.0,3.0,1.0,Research Scientist,2.0,Married,3936.0,Upto 5k,9953.0,1.0,Y,No,11.0,0.11,3.0,1.0,80,3,0.21897934900351657
RM251,37.0,36-45,Yes,Travel Frequently,504.0,Research & Development,10.0,3.0,Medical,1.0,342,1.0,Male,61.0,3.0,3.0,Manufacturing Director,3.0,Divorced,10048.0,10k-15k,22573.0,6.0,Y,No,11.0,0.11,3.0,2.0,80,1,0.5710809414844947
RM365,37.0,36-45,No,Travel Rarely,921.0,Research & Development,10.0,3.0,Medical,1.0,486,3.0,Female,98.0,3.0,1.0,Laboratory Technician,1.0,Married,3452.0,Upto 5k,17663.0,6.0,Y,No,20.0,0.2,4.0,2.0,80,1,0.25351073428423004
RM472,38.0,36-45,No,Travel Rarely,1495.0,Research & Development,10.0,3.0,Medical,1.0,634,3.0,Female,76.0,3.0,2.0,Healthcare Representative,3.0,Married,9824.0,5k-10k,22174.0,3.0,Y,No,19.0,0.19,3.0,3.0,80,0,0.10945510455308789
RM704,38.0,36-45,No,Non Travel,152.0,Sales,10.0,3.0,Technical Degree,1.0,983,3.0,Female,85.0,3.0,2.0,Sales Executive,4.0,Single,5666.0,5k-10k,19899.0,1.0,Y,Yes,13.0,0.13,3.0,2.0,80,3,0.23611276925706232
RM1000,42.0,36-45,No,Travel Rarely,1147.0,Human Resources,10.0,3.0,Human Resources,1.0,1408,3.0,Female,31.0,3.0,4.0,Manager,1.0,Married,16799.0,15k+,16616.0,0.0,Y,No,14.0,0.14,3.0,3.0,80,2,0.05102817308371439
RM1334,46.0,46-55,Yes,Travel Rarely,1254.0,Sales,10.0,3.0,Life Science,1.0,1869,3.0,Female,64.0,3.0,3.0,Sales Executive,2.0,Married,7314.0,5k-10k,14011.0,5.0,Y,No,21.0,0.21,4.0,3.0,80,1,0.16415561029685816
RM1407,54.0,46-55,No,Travel Rarely,157.0,Research & Development,10.0,3.0,Medical,1.0,1980,3.0,Female,77.0,3.0,2.0,Manufacturing Director,1.0,Single,4440.0,Upto 5k,25198.0,6.0,Y,Yes,19.0,0.19,3.0,4.0,80,1,0.140183782092135
RM384,22.0,18-25,No,Travel Rarely,253.0,Research & Development,11.0,3.0,Medical,1.0,511,1.0,Female,43.0,3.0,1.0,Research Scientist,2.0,Married,2244.0,Upto 5k,24440.0,1.0,Y,No,13.0,0.13,3.0,4.0,80,3,0.3158045118855492
RM1002,37.0,36-45,No,Travel Rarely,1462.0,Research & Development,11.0,3.0,Medical,1.0,1411,1.0,Female,94.0,3.0,1.0,Laboratory Technician,3.0,Single,3629.0,Upto 5k,19106.0,4.0,Y,No,18.0,0.18,3.0,1.0,80,0,0.3429011083041268
RM223,37.0,36-45,No,Travel Frequently,663.0,Research & Development,11.0,3.0,Other,1.0,306,2.0,Male,47.0,3.0,3.0,Research Director,4.0,Divorced,12185.0,10k-15k,10056.0,1.0,Y,Yes,14.0,0.14,3.0,3.0,80,2,0.1066448605696693
RM1410,40.0,36-45,No,Travel Frequently,692.0,Research & Development,11.0,3.0,Technical Degree,1.0,1985,4.0,Female,73.0,3.0,2.0,Laboratory Technician,3.0,Married,6323.0,5k-10k,26849.0,1.0,Y,No,11.0,0.11,3.0,1.0,80,3,0.17686519657008304
RM1400,43.0,36-45,No,Travel Rarely,574.0,Research & Development,11.0,3.0,Life Science,1.0,1971,1.0,Male,30.0,3.0,3.0,Healthcare Representative,3.0,Married,7510.0,5k-10k,16873.0,1.0,Y,No,17.0,0.17,3.0,2.0,80,0,0.1766153484087756
RM608,49.0,46-55,Yes,Travel Rarely,1184.0,Sales,11.0,3.0,Marketing,1.0,840,3.0,Female,43.0,3.0,3.0,Sales Executive,4.0,Married,7654.0,5k-10k,5860.0,1.0,Y,No,18.0,0.18,3.0,1.0,80,0,0.4566746005911079
RM166,50.0,46-55,No,Travel Rarely,1452.0,Research & Development,11.0,3.0,Life Science,1.0,226,3.0,Female,53.0,3.0,5.0,Manager,2.0,Single,19926.0,15k+,17053.0,3.0,Y,No,15.0,0.15,3.0,2.0,80,2,0.08465717952341921
RM403,30.0,26-35,No,Travel Rarely,1082.0,Sales,12.0,3.0,Technical Degree,1.0,533,2.0,Female,83.0,3.0,2.0,Sales Executive,3.0,Single,6577.0,5k-10k,19558.0,0.0,Y,No,11.0,0.11,3.0,2.0,80,3,0.3012004967221873
RM691,31.0,26-35,No,Travel Rarely,616.0,Research & Development,12.0,3.0,Medical,1.0,961,4.0,Female,41.0,3.0,2.0,Healthcare Representative,4.0,Married,5855.0,5k-10k,17369.0,0.0,Y,Yes,11.0,0.11,3.0,3.0,80,3,0.24357702149456434
RM1176,39.0,36-45,No,Travel Rarely,492.0,Research & Development,12.0,3.0,Medical,1.0,1654,4.0,Male,66.0,3.0,2.0,Manufacturing Director,2.0,Married,5295.0,5k-10k,7693.0,4.0,Y,No,21.0,0.21,4.0,3.0,80,0,0.2049069369036299
RM1305,40.0,36-45,No,Travel Rarely,750.0,Research & Development,12.0,3.0,Life Science,1.0,1829,2.0,Female,47.0,3.0,2.0,Healthcare Representative,1.0,Divorced,4448.0,Upto 5k,10748.0,2.0,Y,No,12.0,0.12,3.0,2.0,80,3,0.20797930415832985
RM046,41.0,36-45,Yes,Travel Rarely,1360.0,Research & Development,12.0,3.0,Technical Degree,1.0,58,2.0,Female,49.0,3.0,5.0,Research Director,3.0,Married,19545.0,15k+,16280.0,1.0,Y,No,12.0,0.12,3.0,4.0,80,2,0.46978353491575203
RM1264,42.0,36-45,No,Travel Rarely,855.0,Research & Development,12.0,3.0,Medical,1.0,1768,2.0,Male,57.0,3.0,1.0,Laboratory Technician,2.0,Divorced,2766.0,Upto 5k,8952.0,8.0,Y,No,22.0,0.22,4.0,2.0,80,1,0.32577690699516654
RM839,42.0,36-45,Yes,Travel Frequently,481.0,Sales,12.0,3.0,Life Science,1.0,1167,3.0,Male,44.0,3.0,4.0,Sales Executive,1.0,Single,13758.0,10k-15k,2447.0,0.0,Y,Yes,12.0,0.12,3.0,2.0,80,2,0.6524056199650418
RM132,50.0,46-55,No,Travel Frequently,809.0,Sales,12.0,3.0,Marketing,1.0,174,3.0,Female,77.0,3.0,3.0,Sales Executive,4.0,Single,9208.0,5k-10k,6645.0,4.0,Y,No,11.0,0.11,3.0,4.0,80,2,0.19455032926371915
RM1058,29.0,26-35,Yes,Travel Frequently,115.0,Sales,13.0,3.0,Technical Degree,1.0,1487,1.0,Female,51.0,3.0,2.0,Sales Executive,2.0,Single,5765.0,5k-10k,17485.0,5.0,Y,No,11.0,0.11,3.0,1.0,80,1,0.7426916630802822
RM600,36.0,36-45,No,Travel Rarely,1041.0,Human Resources,13.0,3.0,Human Resources,1.0,829,3.0,Male,36.0,3.0,1.0,Human Resources,2.0,Married,2143.0,Upto 5k,25527.0,4.0,Y,No,13.0,0.13,3.0,2.0,80,1,0.26579760303614414
RM1090,37.0,36-45,No,Travel Rarely,674.0,Research & Development,13.0,3.0,Medical,1.0,1543,1.0,Male,47.0,3.0,2.0,Research Scientist,4.0,Married,4285.0,Upto 5k,3031.0,1.0,Y,No,17.0,0.17,3.0,1.0,80,0,0.19954504746436974
RM1312,18.0,18-25,No,Non Travel,1431.0,Research & Development,14.0,3.0,Medical,1.0,1839,2.0,Female,33.0,3.0,1.0,Research Scientist,3.0,Single,1514.0,Upto 5k,8018.0,1.0,Y,No,16.0,0.16,3.0,3.0,80,3,0.2128349274750874
RM890,27.0,26-35,No,Travel Rarely,1103.0,Research & Development,14.0,3.0,Life Science,1.0,1244,1.0,Male,42.0,3.0,1.0,Research Scientist,1.0,Married,2235.0,Upto 5k,14377.0,1.0,Y,Yes,14.0,0.14,3.0,4.0,80,3,0.6775186092455627
RM186,33.0,26-35,No,Travel Rarely,931.0,Research & Development,14.0,3.0,Medical,1.0,252,4.0,Female,72.0,3.0,1.0,Research Scientist,2.0,Married,2756.0,Upto 5k,4673.0,1.0,Y,No,13.0,0.13,3.0,4.0,80,3,0.1988506005904515
RM235,33.0,26-35,Yes,Travel Rarely,813.0,Research & Development,14.0,3.0,Medical,1.0,325,3.0,Male,58.0,3.0,1.0,Laboratory Technician,4.0,Married,2436.0,Upto 5k,22149.0,5.0,Y,Yes,13.0,0.13,3.0,3.0,80,1,0.751318976633942
RM495,34.0,26-35,No,Travel Rarely,204.0,Sales,14.0,3.0,Technical Degree,1.0,666,3.0,Female,31.0,3.0,1.0,Sales Representative,3.0,Divorced,2579.0,Upto 5k,2912.0,1.0,Y,Yes,18.0,0.18,3.0,4.0,80,0,0.2761686607714371
RM387,37.0,36-45,No,Travel Rarely,1107.0,Research & Development,14.0,3.0,Life Science,1.0,515,4.0,Female,95.0,3.0,1.0,Laboratory Technician,1.0,Divorced,3034.0,Upto 5k,26914.0,1.0,Y,No,12.0,0.12,3.0,3.0,80,3,0.174966433685163
RM1120,38.0,36-45,No,Travel Rarely,1245.0,Sales,14.0,3.0,Life Science,1.0,1582,3.0,Male,80.0,3.0,2.0,Sales Executive,2.0,Married,9924.0,5k-10k,12355.0,0.0,Y,No,11.0,0.11,3.0,4.0,80,3,0.1562088379216846
RM167,41.0,36-45,No,Travel Rarely,465.0,Research & Development,14.0,3.0,Life Science,1.0,227,1.0,Male,56.0,3.0,1.0,Research Scientist,3.0,Divorced,2451.0,Upto 5k,4609.0,4.0,Y,No,12.0,0.12,3.0,1.0,80,1,0.3426768605487872
RM1068,47.0,46-55,No,Travel Rarely,571.0,Sales,14.0,3.0,Medical,1.0,1503,3.0,Female,78.0,3.0,2.0,Sales Executive,3.0,Married,4591.0,Upto 5k,24200.0,3.0,Y,Yes,17.0,0.17,3.0,3.0,80,0,0.35197278972920165
RM110,22.0,18-25,No,Travel Rarely,534.0,Research & Development,15.0,3.0,Medical,1.0,144,2.0,Female,59.0,3.0,1.0,Laboratory Technician,4.0,Single,2871.0,Upto 5k,23785.0,1.0,Y,No,15.0,0.15,3.0,3.0,80,3,0.3434814781323868
RM253,29.0,26-35,No,Travel Rarely,665.0,Research & Development,15.0,3.0,Life Science,1.0,346,3.0,Male,60.0,3.0,1.0,Research Scientist,4.0,Single,2340.0,Upto 5k,22673.0,1.0,Y,No,19.0,0.19,3.0,1.0,80,0,0.3082839931810185
RM832,31.0,26-35,Yes,Travel Frequently,874.0,Research & Development,15.0,3.0,Medical,1.0,1160,3.0,Male,72.0,3.0,1.0,Laboratory Technician,3.0,Married,2610.0,Upto 5k,6233.0,1.0,Y,No,12.0,0.12,3.0,3.0,80,3,0.5232094510276091
RM1056,34.0,26-35,No,Travel Frequently,829.0,Research & Development,15.0,3.0,Medical,1.0,1485,2.0,Male,71.0,3.0,4.0,Research Director,1.0,Divorced,17007.0,15k+,11929.0,7.0,Y,No,14.0,0.14,3.0,4.0,80,2,0.12437359395024448
RM762,36.0,36-45,Yes,Travel Rarely,660.0,Research & Development,15.0,3.0,Other,1.0,1052,1.0,Male,81.0,3.0,2.0,Laboratory Technician,3.0,Divorced,4834.0,Upto 5k,7858.0,7.0,Y,No,14.0,0.14,3.0,2.0,80,1,0.5813846984454972
RM929,44.0,36-45,Yes,Travel Rarely,621.0,Research & Development,15.0,3.0,Medical,1.0,1295,1.0,Female,73.0,3.0,3.0,Healthcare Representative,4.0,Married,7978.0,5k-10k,14075.0,1.0,Y,No,11.0,0.11,3.0,4.0,80,3,0.5430998225811816
RM1382,28.0,26-35,No,Non Travel,1103.0,Research & Development,16.0,3.0,Medical,1.0,1947,3.0,Male,49.0,3.0,1.0,Research Scientist,3.0,Single,2144.0,Upto 5k,2122.0,1.0,Y,No,14.0,0.14,3.0,3.0,80,3,0.19375182656623036
RM1199,33.0,26-35,No,Non Travel,530.0,Sales,16.0,3.0,Life Science,1.0,1681,3.0,Female,36.0,3.0,2.0,Sales Executive,4.0,Divorced,5368.0,5k-10k,16130.0,1.0,Y,Yes,25.0,0.25,4.0,3.0,80,0,0.19386262769611837
RM1256,33.0,26-35,Yes,Travel Rarely,211.0,Sales,16.0,3.0,Life Science,1.0,1758,1.0,Female,74.0,3.0,3.0,Sales Executive,1.0,Single,8564.0,5k-10k,10092.0,2.0,Y,Yes,20.0,0.2,4.0,3.0,80,0,0.749799246056676
RM592,33.0,26-35,Yes,Travel Rarely,118.0,Sales,16.0,3.0,Marketing,1.0,819,1.0,Female,69.0,3.0,2.0,Sales Executive,1.0,Single,5324.0,5k-10k,26507.0,5.0,Y,No,15.0,0.15,3.0,3.0,80,1,0.7508645186710684
RM298,35.0,26-35,No,Travel Rarely,1232.0,Sales,16.0,3.0,Marketing,1.0,406,3.0,Male,96.0,3.0,3.0,Sales Executive,2.0,Married,8020.0,5k-10k,5100.0,0.0,Y,No,15.0,0.15,3.0,3.0,80,3,0.11457525585071787
RM439,35.0,26-35,No,Travel Rarely,1276.0,Research & Development,16.0,3.0,Life Science,1.0,586,4.0,Male,72.0,3.0,3.0,Healthcare Representative,3.0,Married,7632.0,5k-10k,14295.0,4.0,Y,Yes,12.0,0.12,3.0,3.0,80,3,0.15641704397866074
RM1121,38.0,36-45,No,Travel Rarely,437.0,Sales,16.0,3.0,Life Science,1.0,1583,2.0,Female,90.0,3.0,2.0,Sales Executive,2.0,Single,4198.0,Upto 5k,16379.0,2.0,Y,No,12.0,0.12,3.0,2.0,80,3,0.3033856686471072
RM1165,40.0,36-45,No,Travel Rarely,448.0,Research & Development,16.0,3.0,Life Science,1.0,1641,3.0,Female,84.0,3.0,3.0,Manufacturing Director,4.0,Single,7945.0,5k-10k,19948.0,6.0,Y,Yes,15.0,0.15,3.0,4.0,80,1,0.22043177938382366
RM236,43.0,36-45,No,Travel Rarely,1034.0,Sales,16.0,3.0,Marketing,1.0,327,4.0,Female,80.0,3.0,4.0,Manager,4.0,Married,16064.0,15k+,7744.0,5.0,Y,Yes,22.0,0.22,4.0,3.0,80,2,0.0635979526119492
RM1193,49.0,46-55,No,Travel Rarely,464.0,Research & Development,16.0,3.0,Medical,1.0,1674,4.0,Female,74.0,3.0,1.0,Laboratory Technician,1.0,Divorced,2587.0,Upto 5k,24941.0,4.0,Y,Yes,16.0,0.16,3.0,2.0,80,1,0.3452804101096596
RM171,27.0,26-35,No,Travel Rarely,1157.0,Research & Development,17.0,3.0,Technical Degree,1.0,233,3.0,Male,51.0,3.0,1.0,Research Scientist,2.0,Married,3058.0,Upto 5k,13364.0,0.0,Y,Yes,16.0,0.16,3.0,4.0,80,3,0.4253008768260948
RM711,33.0,26-35,No,Non Travel,722.0,Sales,17.0,3.0,Life Science,1.0,992,4.0,Male,38.0,3.0,4.0,Manager,3.0,Single,17444.0,15k+,20489.0,1.0,Y,No,11.0,0.11,3.0,4.0,80,2,0.07809452878326968
RM729,54.0,46-55,No,Travel Rarely,1441.0,Research & Development,17.0,3.0,Technical Degree,1.0,1013,3.0,Female,56.0,3.0,3.0,Manufacturing Director,3.0,Married,10739.0,10k-15k,13943.0,8.0,Y,No,11.0,0.11,3.0,3.0,80,1,0.14803698268025053
RM144,30.0,26-35,No,Travel Rarely,438.0,Research & Development,18.0,3.0,Life Science,1.0,194,1.0,Female,75.0,3.0,1.0,Research Scientist,3.0,Single,2632.0,Upto 5k,23910.0,1.0,Y,No,14.0,0.14,3.0,3.0,80,3,0.5607532732100262
RM699,35.0,26-35,No,Travel Rarely,1219.0,Sales,18.0,3.0,Medical,1.0,975,3.0,Female,86.0,3.0,2.0,Sales Executive,3.0,Married,4601.0,Upto 5k,6179.0,1.0,Y,No,16.0,0.16,3.0,2.0,80,3,0.12722591379054687
RM413,46.0,46-55,No,Travel Rarely,1485.0,Research & Development,18.0,3.0,Medical,1.0,550,3.0,Female,87.0,3.0,2.0,Manufacturing Director,3.0,Divorced,4810.0,Upto 5k,26314.0,2.0,Y,No,14.0,0.14,3.0,3.0,80,3,0.10560247485996553
RM455,29.0,26-35,No,Travel Rarely,232.0,Research & Development,19.0,3.0,Technical Degree,1.0,611,4.0,Male,34.0,3.0,2.0,Manufacturing Director,4.0,Divorced,4262.0,Upto 5k,22645.0,4.0,Y,No,12.0,0.12,3.0,2.0,80,3,0.1454598783795685
RM921,34.0,26-35,No,Travel Frequently,135.0,Research & Development,19.0,3.0,Medical,1.0,1285,3.0,Female,46.0,3.0,2.0,Laboratory Technician,2.0,Divorced,4444.0,Upto 5k,22534.0,4.0,Y,No,13.0,0.13,3.0,3.0,80,3,0.18068079664490436
RM1159,37.0,36-45,No,Travel Rarely,671.0,Research & Development,19.0,3.0,Life Science,1.0,1631,3.0,Male,85.0,3.0,2.0,Manufacturing Director,3.0,Married,5768.0,5k-10k,26493.0,3.0,Y,No,17.0,0.17,3.0,1.0,80,0,0.18337138905896244
RM213,27.0,26-35,No,Travel Frequently,1242.0,Sales,20.0,3.0,Life Science,1.0,293,4.0,Female,90.0,3.0,2.0,Sales Executive,3.0,Single,9981.0,5k-10k,12916.0,1.0,Y,No,14.0,0.14,3.0,4.0,80,3,0.12604569184754877
RM698,29.0,26-35,No,Travel Frequently,1404.0,Sales,20.0,3.0,Technical Degree,1.0,974,3.0,Female,84.0,3.0,1.0,Sales Representative,4.0,Married,2157.0,Upto 5k,18203.0,1.0,Y,No,15.0,0.15,3.0,2.0,80,3,0.31355360934198906
RM783,30.0,26-35,No,Travel Rarely,1176.0,Research & Development,20.0,3.0,Other,1.0,1084,3.0,Male,85.0,3.0,2.0,Manufacturing Director,1.0,Married,9957.0,5k-10k,9096.0,0.0,Y,No,15.0,0.15,3.0,3.0,80,3,0.1419085125115016
RM1342,31.0,26-35,No,Travel Rarely,311.0,Research & Development,20.0,3.0,Life Science,1.0,1881,2.0,Male,89.0,3.0,2.0,Laboratory Technician,3.0,Divorced,4197.0,Upto 5k,18624.0,1.0,Y,No,11.0,0.11,3.0,1.0,80,3,0.28728360688557647
RM440,31.0,26-35,Yes,Travel Frequently,534.0,Research & Development,20.0,3.0,Life Science,1.0,587,1.0,Male,66.0,3.0,3.0,Healthcare Representative,3.0,Married,9824.0,5k-10k,22908.0,3.0,Y,No,12.0,0.12,3.0,1.0,80,3,0.619755760629895
RM1293,39.0,36-45,No,Travel Frequently,766.0,Sales,20.0,3.0,Life Science,1.0,1812,3.0,Male,83.0,3.0,2.0,Sales Executive,4.0,Divorced,4127.0,Upto 5k,19188.0,2.0,Y,No,18.0,0.18,3.0,4.0,80,0,0.1883394274551659
RM1047,44.0,36-45,No,Travel Rarely,1467.0,Research & Development,20.0,3.0,Life Science,1.0,1475,4.0,Male,49.0,3.0,1.0,Research Scientist,2.0,Single,3420.0,Upto 5k,21158.0,1.0,Y,No,13.0,0.13,3.0,3.0,80,3,0.21084134290051276
RM1455,45.0,36-45,No,Travel Rarely,374.0,Sales,20.0,3.0,Life Science,1.0,2046,4.0,Female,50.0,3.0,2.0,Sales Executive,3.0,Single,4850.0,Upto 5k,23333.0,8.0,Y,No,15.0,0.15,3.0,3.0,80,1,0.2676366608478697
RM798,26.0,26-35,Yes,Travel Rarely,1330.0,Research & Development,21.0,3.0,Medical,1.0,1107,1.0,Male,37.0,3.0,1.0,Laboratory Technician,3.0,Divorced,2377.0,Upto 5k,19373.0,1.0,Y,No,20.0,0.2,4.0,3.0,80,0,0.6316633171884672
RM163,28.0,26-35,No,Travel Rarely,440.0,Research & Development,21.0,3.0,Medical,1.0,221,3.0,Male,42.0,3.0,1.0,Research Scientist,4.0,Married,2713.0,Upto 5k,6672.0,1.0,Y,No,11.0,0.11,3.0,3.0,80,3,0.2095595100132836
RM396,43.0,36-45,No,Travel Frequently,313.0,Research & Development,21.0,3.0,Medical,1.0,525,4.0,Male,61.0,3.0,1.0,Laboratory Technician,4.0,Married,2258.0,Upto 5k,15238.0,7.0,Y,No,20.0,0.2,4.0,1.0,80,1,0.29115330276489026
RM1375,58.0,55+,No,Travel Rarely,605.0,Sales,21.0,3.0,Life Science,1.0,1938,4.0,Female,72.0,3.0,4.0,Manager,4.0,Married,17875.0,15k+,11761.0,4.0,Y,Yes,13.0,0.13,3.0,3.0,80,2,0.10662471146658975
RM721,30.0,26-35,Yes,Travel Rarely,138.0,Research & Development,22.0,3.0,Life Science,1.0,1004,1.0,Female,48.0,3.0,1.0,Research Scientist,3.0,Married,2132.0,Upto 5k,11539.0,4.0,Y,Yes,11.0,0.11,3.0,2.0,80,3,0.7986685115280912
RM754,39.0,36-45,No,Travel Frequently,945.0,Research & Development,22.0,3.0,Medical,1.0,1043,4.0,Female,82.0,3.0,3.0,Manufacturing Director,1.0,Single,10880.0,10k-15k,5083.0,1.0,Y,Yes,13.0,0.13,3.0,3.0,80,3,0.19439597651118148
RM989,41.0,36-45,No,Travel Frequently,1200.0,Research & Development,22.0,3.0,Life Science,1.0,1392,4.0,Female,75.0,3.0,2.0,Research Scientist,4.0,Divorced,5467.0,5k-10k,13953.0,3.0,Y,Yes,14.0,0.14,3.0,1.0,80,3,0.13697166986189277
RM1352,48.0,46-55,No,Travel Frequently,117.0,Research & Development,22.0,3.0,Medical,1.0,1900,4.0,Female,58.0,3.0,4.0,Manager,4.0,Divorced,17174.0,15k+,2437.0,3.0,Y,No,11.0,0.11,3.0,2.0,80,2,0.06539690874709655
RM419,26.0,26-35,No,Travel Rarely,1349.0,Research & Development,23.0,3.0,Life Science,1.0,560,1.0,Female,90.0,3.0,1.0,Research Scientist,4.0,Divorced,2886.0,Upto 5k,3032.0,1.0,Y,No,22.0,0.22,4.0,2.0,80,0,0.18417789528453252
RM372,29.0,26-35,No,Travel Rarely,1283.0,Research & Development,23.0,3.0,Life Science,1.0,495,4.0,Male,54.0,3.0,1.0,Research Scientist,4.0,Single,2201.0,Upto 5k,18168.0,9.0,Y,No,16.0,0.16,3.0,4.0,80,1,0.19882141201119244
RM441,34.0,26-35,Yes,Travel Frequently,988.0,Human Resources,23.0,3.0,Human Resources,1.0,590,2.0,Female,43.0,3.0,3.0,Human Resources,1.0,Divorced,9950.0,5k-10k,11533.0,9.0,Y,Yes,15.0,0.15,3.0,3.0,80,1,0.20052308304089791
RM941,39.0,36-45,Yes,Travel Rarely,360.0,Research & Development,23.0,3.0,Medical,1.0,1310,3.0,Male,93.0,3.0,1.0,Research Scientist,1.0,Single,3904.0,Upto 5k,22154.0,0.0,Y,No,13.0,0.13,3.0,1.0,80,3,0.6123714320929937
RM100,44.0,36-45,No,Non Travel,489.0,Research & Development,23.0,3.0,Medical,1.0,132,2.0,Male,67.0,3.0,2.0,Laboratory Technician,2.0,Married,2042.0,Upto 5k,25043.0,4.0,Y,No,12.0,0.12,3.0,3.0,80,1,0.1710635801612028
RM977,56.0,55+,No,Travel Rarely,1369.0,Research & Development,23.0,3.0,Life Science,1.0,1373,4.0,Male,68.0,3.0,4.0,Manufacturing Director,2.0,Married,13402.0,10k-15k,18235.0,4.0,Y,Yes,12.0,0.12,3.0,1.0,80,2,0.09004906629335697
RM471,24.0,18-25,No,Travel Frequently,535.0,Sales,24.0,3.0,Medical,1.0,632,4.0,Male,38.0,3.0,1.0,Sales Representative,4.0,Married,2400.0,Upto 5k,5530.0,0.0,Y,No,13.0,0.13,3.0,3.0,80,3,0.18221491560498343
RM842,24.0,18-25,No,Travel Rarely,477.0,Research & Development,24.0,3.0,Medical,1.0,1173,4.0,Male,49.0,3.0,1.0,Laboratory Technician,2.0,Single,3597.0,Upto 5k,6409.0,8.0,Y,No,22.0,0.22,4.0,4.0,80,1,0.19833381942997377
RM1137,28.0,26-35,Yes,Travel Rarely,329.0,Research & Development,24.0,3.0,Medical,1.0,1604,3.0,Male,51.0,3.0,1.0,Laboratory Technician,2.0,Married,2408.0,Upto 5k,7324.0,1.0,Y,Yes,17.0,0.17,3.0,3.0,80,3,0.6951656220464139
RM452,42.0,36-45,No,Travel Rarely,319.0,Research & Development,24.0,3.0,Medical,1.0,605,4.0,Male,56.0,3.0,3.0,Manufacturing Director,1.0,Married,7406.0,5k-10k,6950.0,1.0,Y,Yes,21.0,0.21,4.0,4.0,80,0,0.25311052504194465
RM287,44.0,36-45,Yes,Travel Frequently,920.0,Research & Development,24.0,3.0,Life Science,1.0,392,4.0,Male,43.0,3.0,1.0,Laboratory Technician,3.0,Divorced,3161.0,Upto 5k,19920.0,3.0,Y,Yes,22.0,0.22,4.0,4.0,80,0,0.7302524730413535
RM722,50.0,46-55,No,Travel Rarely,939.0,Research & Development,24.0,3.0,Life Science,1.0,1005,4.0,Male,95.0,3.0,4.0,Manufacturing Director,3.0,Married,13973.0,10k-15k,4161.0,3.0,Y,Yes,18.0,0.18,3.0,4.0,80,2,0.10294435043757254
RM873,33.0,26-35,No,Travel Frequently,1146.0,Sales,25.0,3.0,Medical,1.0,1220,2.0,Female,82.0,3.0,2.0,Sales Executive,3.0,Married,4539.0,Upto 5k,4905.0,1.0,Y,No,12.0,0.12,3.0,1.0,80,3,0.20749981414089652
RM937,45.0,36-45,No,Travel Frequently,364.0,Research & Development,25.0,3.0,Medical,1.0,1306,2.0,Female,83.0,3.0,5.0,Manager,2.0,Single,18061.0,15k+,13035.0,3.0,Y,No,22.0,0.22,4.0,3.0,80,2,0.07360988399721566
RM1415,47.0,46-55,No,Travel Rarely,1180.0,Research & Development,25.0,3.0,Medical,1.0,1993,1.0,Male,84.0,3.0,3.0,Healthcare Representative,3.0,Single,8633.0,5k-10k,13084.0,2.0,Y,No,23.0,0.23,4.0,2.0,80,0,0.2023126876994816
RM064,59.0,55+,No,Travel Rarely,1435.0,Sales,25.0,3.0,Life Science,1.0,81,1.0,Female,99.0,3.0,3.0,Sales Executive,1.0,Single,7637.0,5k-10k,2354.0,7.0,Y,No,11.0,0.11,3.0,4.0,80,1,0.3277697602258955
RM151,40.0,36-45,No,Travel Frequently,1395.0,Research & Development,26.0,3.0,Medical,1.0,202,2.0,Female,54.0,3.0,2.0,Research Scientist,2.0,Divorced,5605.0,5k-10k,8504.0,1.0,Y,No,11.0,0.11,3.0,1.0,80,3,0.16483439402346897
RM769,40.0,36-45,No,Travel Rarely,300.0,Sales,26.0,3.0,Marketing,1.0,1066,3.0,Male,74.0,3.0,2.0,Sales Executive,1.0,Married,8396.0,5k-10k,22217.0,1.0,Y,No,14.0,0.14,3.0,2.0,80,3,0.29953814962232006
RM296,42.0,36-45,No,Travel Frequently,555.0,Sales,26.0,3.0,Marketing,1.0,404,3.0,Female,77.0,3.0,4.0,Sales Executive,2.0,Married,13525.0,10k-15k,14864.0,5.0,Y,No,14.0,0.14,3.0,4.0,80,2,0.1995128613059592
RM206,29.0,26-35,Yes,Travel Rarely,121.0,Sales,27.0,3.0,Marketing,1.0,283,2.0,Female,35.0,3.0,3.0,Sales Executive,4.0,Married,7639.0,5k-10k,24525.0,1.0,Y,No,22.0,0.22,4.0,4.0,80,0,0.6345946447152783
RM573,29.0,26-35,No,Travel Rarely,657.0,Research & Development,27.0,3.0,Medical,1.0,793,2.0,Female,66.0,3.0,2.0,Healthcare Representative,3.0,Married,4335.0,Upto 5k,25549.0,4.0,Y,No,12.0,0.12,3.0,1.0,80,3,0.2533755889676861
RM1282,35.0,26-35,Yes,Travel Rarely,303.0,Sales,27.0,3.0,Life Science,1.0,1797,3.0,Male,84.0,3.0,2.0,Sales Executive,4.0,Single,5813.0,5k-10k,13492.0,1.0,Y,Yes,18.0,0.18,3.0,4.0,80,0,0.6721737860126188
RM010,36.0,36-45,No,Travel Rarely,1299.0,Research & Development,27.0,3.0,Medical,1.0,13,3.0,Male,94.0,3.0,2.0,Healthcare Representative,3.0,Married,5237.0,5k-10k,16577.0,6.0,Y,No,13.0,0.13,3.0,2.0,80,1,0.21624973279608808
RM813,43.0,36-45,No,Travel Frequently,1082.0,Research & Development,27.0,3.0,Life Science,1.0,1126,3.0,Female,83.0,3.0,3.0,Manufacturing Director,1.0,Married,10820.0,10k-15k,11535.0,8.0,Y,No,11.0,0.11,3.0,3.0,80,1,0.13224397412344635
RM1079,44.0,36-45,No,Travel Rarely,136.0,Research & Development,28.0,3.0,Life Science,1.0,1523,4.0,Male,32.0,3.0,4.0,Research Director,1.0,Married,16328.0,15k+,22074.0,3.0,Y,No,13.0,0.13,3.0,3.0,80,2,0.06576454562688742
RM1093,45.0,36-45,No,Travel Rarely,950.0,Research & Development,28.0,3.0,Technical Degree,1.0,1546,4.0,Male,97.0,3.0,1.0,Research Scientist,4.0,Married,2132.0,Upto 5k,4585.0,4.0,Y,No,20.0,0.2,4.0,4.0,80,0,0.14469045877634654
RM946,50.0,46-55,No,Travel Rarely,1322.0,Research & Development,28.0,3.0,Life Science,1.0,1317,4.0,Female,43.0,3.0,4.0,Research Director,1.0,Married,16880.0,15k+,22422.0,4.0,Y,Yes,11.0,0.11,3.0,2.0,80,2,0.09201211018666981
RM980,34.0,26-35,No,Travel Rarely,285.0,Research & Development,29.0,3.0,Medical,1.0,1377,2.0,Male,86.0,3.0,2.0,Laboratory Technician,3.0,Married,5429.0,5k-10k,17491.0,4.0,Y,No,13.0,0.13,3.0,1.0,80,3,0.2897977829649699
RM200,38.0,36-45,No,Travel Rarely,1084.0,Research & Development,29.0,3.0,Technical Degree,1.0,273,4.0,Male,54.0,3.0,2.0,Manufacturing Director,4.0,Married,6261.0,5k-10k,4185.0,3.0,Y,No,18.0,0.18,3.0,1.0,80,0,0.13263096765961563
RM605,42.0,36-45,No,Travel Rarely,933.0,Research & Development,29.0,3.0,Life Science,1.0,836,2.0,Male,98.0,3.0,2.0,Manufacturing Director,2.0,Married,4434.0,Upto 5k,11806.0,1.0,Y,No,13.0,0.13,3.0,4.0,80,3,0.19923638007944888
RM1038,45.0,36-45,No,Travel Rarely,1448.0,Research & Development,29.0,3.0,Technical Degree,1.0,1465,2.0,Male,55.0,3.0,3.0,Manufacturing Director,4.0,Married,9380.0,5k-10k,14720.0,4.0,Y,Yes,18.0,0.18,3.0,4.0,80,0,0.17555684444818465
RM142,45.0,36-45,No,Travel Rarely,1316.0,Research & Development,29.0,3.0,Medical,1.0,192,3.0,Male,83.0,3.0,1.0,Research Scientist,4.0,Single,3452.0,Upto 5k,9752.0,5.0,Y,No,13.0,0.13,3.0,2.0,80,1,0.1806470908499065
RM922,28.0,26-35,No,Travel Frequently,791.0,Research & Development,1.0,4.0,Medical,1.0,1286,4.0,Male,44.0,3.0,1.0,Laboratory Technician,3.0,Single,2154.0,Upto 5k,6842.0,0.0,Y,Yes,11.0,0.11,3.0,3.0,80,3,0.37676228268088763
RM1443,29.0,26-35,Yes,Travel Rarely,1092.0,Research & Development,1.0,4.0,Medical,1.0,2027,1.0,Male,36.0,3.0,1.0,Research Scientist,4.0,Married,4787.0,Upto 5k,26124.0,9.0,Y,Yes,14.0,0.14,3.0,2.0,80,1,0.6588745945136633
RM073,31.0,26-35,No,Travel Rarely,1082.0,Research & Development,1.0,4.0,Medical,1.0,95,3.0,Male,87.0,3.0,1.0,Research Scientist,2.0,Single,2501.0,Upto 5k,18775.0,1.0,Y,No,17.0,0.17,3.0,2.0,80,3,0.3865914372252657
RM1114,32.0,26-35,No,Non Travel,1200.0,Research & Development,1.0,4.0,Technical Degree,1.0,1574,4.0,Male,62.0,3.0,2.0,Research Scientist,1.0,Married,4087.0,Upto 5k,25174.0,4.0,Y,No,14.0,0.14,3.0,2.0,80,1,0.10583720063655928
RM1432,32.0,26-35,No,Travel Rarely,801.0,Sales,1.0,4.0,Marketing,1.0,2016,3.0,Female,48.0,3.0,3.0,Sales Executive,4.0,Married,10422.0,10k-15k,24032.0,1.0,Y,No,19.0,0.19,3.0,3.0,80,0,0.13907209566757572
RM563,33.0,26-35,Yes,Travel Rarely,527.0,Research & Development,1.0,4.0,Other,1.0,780,4.0,Male,63.0,3.0,1.0,Research Scientist,4.0,Single,2686.0,Upto 5k,5207.0,1.0,Y,Yes,13.0,0.13,3.0,3.0,80,3,0.7199208848349988
RM1016,34.0,26-35,No,Travel Frequently,560.0,Research & Development,1.0,4.0,Other,1.0,1431,4.0,Male,91.0,3.0,1.0,Research Scientist,1.0,Divorced,2996.0,Upto 5k,20284.0,5.0,Y,No,14.0,0.14,3.0,3.0,80,1,0.2562436622664458
RM1118,34.0,26-35,No,Travel Rarely,1351.0,Research & Development,1.0,4.0,Life Science,1.0,1580,2.0,Male,45.0,3.0,2.0,Research Scientist,4.0,Married,5484.0,5k-10k,13008.0,9.0,Y,No,17.0,0.17,3.0,2.0,80,1,0.11742525259244509
RM1122,36.0,36-45,No,Travel Rarely,884.0,Sales,1.0,4.0,Life Science,1.0,1585,2.0,Female,73.0,3.0,2.0,Sales Executive,3.0,Single,6815.0,5k-10k,21447.0,6.0,Y,No,13.0,0.13,3.0,1.0,80,1,0.22868836459443045
RM276,37.0,36-45,No,Non Travel,728.0,Research & Development,1.0,4.0,Medical,1.0,380,1.0,Female,80.0,3.0,3.0,Research Director,4.0,Divorced,13603.0,10k-15k,11677.0,2.0,Y,Yes,18.0,0.18,3.0,1.0,80,2,0.0874293082870379
RM473,37.0,36-45,No,Travel Rarely,446.0,Research & Development,1.0,4.0,Life Science,1.0,635,2.0,Female,65.0,3.0,2.0,Manufacturing Director,2.0,Married,6447.0,5k-10k,15701.0,6.0,Y,No,12.0,0.12,3.0,2.0,80,1,0.16866077247405836
RM1401,38.0,36-45,No,Travel Frequently,1444.0,Human Resources,1.0,4.0,Other,1.0,1972,4.0,Male,88.0,3.0,1.0,Human Resources,2.0,Married,2991.0,Upto 5k,5224.0,0.0,Y,Yes,11.0,0.11,3.0,2.0,80,3,0.16377392323309645
RM1417,38.0,36-45,No,Travel Rarely,1321.0,Sales,1.0,4.0,Life Science,1.0,1995,4.0,Male,86.0,3.0,2.0,Sales Executive,2.0,Married,4440.0,Upto 5k,7636.0,0.0,Y,No,15.0,0.15,3.0,1.0,80,3,0.13205242024142655
RM241,39.0,36-45,No,Travel Rarely,1431.0,Research & Development,1.0,4.0,Medical,1.0,332,3.0,Female,96.0,3.0,1.0,Laboratory Technician,3.0,Divorced,2232.0,Upto 5k,15417.0,7.0,Y,No,14.0,0.14,3.0,3.0,80,1,0.23160001135981972
RM1349,40.0,36-45,No,Travel Rarely,1137.0,Research & Development,1.0,4.0,Life Science,1.0,1892,1.0,Male,98.0,3.0,4.0,Manager,1.0,Divorced,16823.0,15k+,18991.0,2.0,Y,No,11.0,0.11,3.0,1.0,80,2,0.11655882048323563
RM1428,40.0,36-45,No,Travel Rarely,543.0,Research & Development,1.0,4.0,Life Science,1.0,2012,1.0,Male,83.0,3.0,1.0,Laboratory Technician,4.0,Married,2406.0,Upto 5k,4060.0,8.0,Y,No,19.0,0.19,3.0,3.0,80,1,0.25542539857529967
RM968,40.0,36-45,No,Travel Rarely,329.0,Research & Development,1.0,4.0,Life Science,1.0,1361,2.0,Male,88.0,3.0,1.0,Laboratory Technician,2.0,Married,2387.0,Upto 5k,6762.0,3.0,Y,No,22.0,0.22,4.0,3.0,80,0,0.20918914901646862
RM389,42.0,36-45,No,Travel Rarely,201.0,Research & Development,1.0,4.0,Life Science,1.0,517,2.0,Female,95.0,3.0,1.0,Laboratory Technician,1.0,Divorced,2576.0,Upto 5k,20490.0,3.0,Y,No,16.0,0.16,3.0,2.0,80,1,0.19491134589273737
RM1100,45.0,36-45,No,Travel Rarely,538.0,Research & Development,1.0,4.0,Technical Degree,1.0,1553,1.0,Male,66.0,3.0,3.0,Healthcare Representative,2.0,Divorced,7441.0,5k-10k,20933.0,1.0,Y,No,12.0,0.12,3.0,1.0,80,3,0.21956739284636845
RM1363,45.0,36-45,No,Travel Frequently,1297.0,Research & Development,1.0,4.0,Medical,1.0,1922,2.0,Male,44.0,3.0,2.0,Healthcare Representative,3.0,Single,5399.0,5k-10k,14511.0,4.0,Y,No,12.0,0.12,3.0,3.0,80,1,0.11660118998327425
RM714,45.0,36-45,No,Travel Rarely,974.0,Research & Development,1.0,4.0,Medical,1.0,996,4.0,Female,91.0,3.0,1.0,Laboratory Technician,4.0,Divorced,2270.0,Upto 5k,11005.0,3.0,Y,No,14.0,0.14,3.0,4.0,80,3,0.13292814958890148
RM210,46.0,46-55,No,Travel Rarely,644.0,Research & Development,1.0,4.0,Medical,1.0,288,4.0,Male,97.0,3.0,3.0,Healthcare Representative,1.0,Divorced,9396.0,5k-10k,12368.0,7.0,Y,No,16.0,0.16,3.0,3.0,80,1,0.13893881583643014
RM771,46.0,46-55,No,Travel Rarely,430.0,Research & Development,1.0,4.0,Medical,1.0,1069,4.0,Male,40.0,3.0,5.0,Research Director,4.0,Divorced,19627.0,15k+,21445.0,9.0,Y,No,17.0,0.17,3.0,4.0,80,2,0.06565763984570412
RM1453,50.0,46-55,Yes,Travel Frequently,878.0,Sales,1.0,4.0,Life Science,1.0,2044,2.0,Male,94.0,3.0,2.0,Sales Executive,3.0,Divorced,6728.0,5k-10k,14255.0,7.0,Y,No,12.0,0.12,3.0,4.0,80,1,0.5189038498689498
RM234,50.0,46-55,No,Travel Rarely,854.0,Sales,1.0,4.0,Medical,1.0,323,4.0,Female,68.0,3.0,5.0,Manager,4.0,Divorced,19517.0,15k+,24118.0,3.0,Y,No,11.0,0.11,3.0,3.0,80,2,0.03514008421839587
RM802,50.0,46-55,Yes,Travel Frequently,959.0,Sales,1.0,4.0,Other,1.0,1113,4.0,Male,81.0,3.0,2.0,Sales Executive,3.0,Single,4728.0,Upto 5k,17251.0,3.0,Y,Yes,14.0,0.14,3.0,4.0,80,1,0.3032500396542506
RM891,54.0,46-55,No,Travel Frequently,966.0,Research & Development,1.0,4.0,Life Science,1.0,1245,4.0,Female,53.0,3.0,3.0,Manufacturing Director,3.0,Divorced,10502.0,10k-15k,9659.0,7.0,Y,No,17.0,0.17,3.0,1.0,80,1,0.09254393721573494
RM1442,56.0,55+,No,Non Travel,667.0,Research & Development,1.0,4.0,Life Science,1.0,2026,3.0,Male,57.0,3.0,2.0,Healthcare Representative,3.0,Divorced,6306.0,5k-10k,26236.0,1.0,Y,No,21.0,0.21,4.0,1.0,80,0,0.08203145081425056
RM361,57.0,55+,No,Travel Rarely,593.0,Research & Development,1.0,4.0,Medical,1.0,482,4.0,Male,88.0,3.0,2.0,Healthcare Representative,3.0,Married,6755.0,5k-10k,2967.0,2.0,Y,No,11.0,0.11,3.0,3.0,80,2,0.1728962003560946
RM042,27.0,26-35,No,Travel Rarely,1240.0,Research & Development,2.0,4.0,Life Science,1.0,54,4.0,Female,33.0,3.0,1.0,Laboratory Technician,1.0,Divorced,2341.0,Upto 5k,19715.0,1.0,Y,No,13.0,0.13,3.0,4.0,80,3,0.256628282319402
RM1368,27.0,26-35,No,Travel Rarely,1354.0,Research & Development,2.0,4.0,Technical Degree,1.0,1931,2.0,Male,41.0,3.0,1.0,Research Scientist,2.0,Married,2226.0,Upto 5k,6073.0,1.0,Y,No,11.0,0.11,3.0,3.0,80,3,0.25060689448501716
RM740,27.0,26-35,No,Travel Rarely,1055.0,Research & Development,2.0,4.0,Life Science,1.0,1027,1.0,Female,47.0,3.0,2.0,Manufacturing Director,4.0,Married,4227.0,Upto 5k,4658.0,0.0,Y,No,18.0,0.18,3.0,2.0,80,0,0.11585316809987162
RM265,28.0,26-35,Yes,Travel Rarely,529.0,Research & Development,2.0,4.0,Life Science,1.0,364,1.0,Male,79.0,3.0,1.0,Laboratory Technician,3.0,Single,3485.0,Upto 5k,14935.0,2.0,Y,No,11.0,0.11,3.0,3.0,80,3,0.6420023323844082
RM599,28.0,26-35,Yes,Travel Rarely,890.0,Research & Development,2.0,4.0,Medical,1.0,828,3.0,Male,46.0,3.0,1.0,Research Scientist,3.0,Single,4382.0,Upto 5k,16374.0,6.0,Y,No,17.0,0.17,3.0,4.0,80,1,0.2547429560551169
RM613,28.0,26-35,No,Travel Rarely,760.0,Sales,2.0,4.0,Marketing,1.0,846,2.0,Female,81.0,3.0,2.0,Sales Executive,2.0,Married,4779.0,Upto 5k,3698.0,1.0,Y,Yes,20.0,0.2,4.0,1.0,80,0,0.1987083542332328
RM1145,31.0,26-35,No,Travel Frequently,715.0,Sales,2.0,4.0,Other,1.0,1613,4.0,Male,54.0,3.0,2.0,Sales Executive,1.0,Single,5332.0,5k-10k,21602.0,7.0,Y,No,13.0,0.13,3.0,4.0,80,1,0.35487976141688937
RM1228,31.0,26-35,No,Travel Rarely,741.0,Research & Development,2.0,4.0,Life Science,1.0,1721,2.0,Male,69.0,3.0,1.0,Laboratory Technician,3.0,Married,3477.0,Upto 5k,18103.0,1.0,Y,No,14.0,0.14,3.0,4.0,80,3,0.3091774455100386
RM313,31.0,26-35,No,Travel Rarely,192.0,Research & Development,2.0,4.0,Life Science,1.0,426,3.0,Male,32.0,3.0,1.0,Research Scientist,4.0,Divorced,2695.0,Upto 5k,7747.0,0.0,Y,Yes,18.0,0.18,3.0,2.0,80,0,0.2460303314073481
RM951,31.0,26-35,No,Non Travel,587.0,Sales,2.0,4.0,Life Science,1.0,1324,4.0,Female,57.0,3.0,3.0,Sales Executive,3.0,Divorced,9852.0,5k-10k,8935.0,1.0,Y,Yes,19.0,0.19,3.0,1.0,80,0,0.13629391735985266
RM1206,32.0,26-35,Yes,Travel Rarely,1259.0,Research & Development,2.0,4.0,Life Science,1.0,1692,4.0,Male,95.0,3.0,1.0,Laboratory Technician,2.0,Single,1393.0,Upto 5k,24852.0,1.0,Y,No,12.0,0.12,3.0,1.0,80,3,0.6343863318758554
RM1190,33.0,26-35,No,Travel Rarely,392.0,Sales,2.0,4.0,Medical,1.0,1670,4.0,Male,93.0,3.0,2.0,Sales Executive,4.0,Divorced,5505.0,5k-10k,3921.0,1.0,Y,No,14.0,0.14,3.0,3.0,80,3,0.11107868749959936
RM160,34.0,26-35,No,Travel Frequently,303.0,Sales,2.0,4.0,Marketing,1.0,216,3.0,Female,75.0,3.0,1.0,Sales Representative,3.0,Married,2231.0,Upto 5k,11314.0,6.0,Y,No,18.0,0.18,3.0,4.0,80,1,0.16590849772279148
RM984,34.0,26-35,No,Travel Rarely,404.0,Research & Development,2.0,4.0,Technical Degree,1.0,1383,3.0,Female,98.0,3.0,2.0,Healthcare Representative,4.0,Single,6687.0,5k-10k,6163.0,1.0,Y,No,11.0,0.11,3.0,4.0,80,3,0.14269231910041608
RM558,35.0,26-35,No,Non Travel,1225.0,Research & Development,2.0,4.0,Life Science,1.0,771,4.0,Female,61.0,3.0,2.0,Healthcare Representative,1.0,Divorced,5093.0,5k-10k,4761.0,2.0,Y,No,11.0,0.11,3.0,1.0,80,3,0.08238577645118296
RM1103,36.0,36-45,No,Travel Rarely,1157.0,Sales,2.0,4.0,Life Science,1.0,1556,3.0,Male,70.0,3.0,1.0,Sales Representative,4.0,Single,2644.0,Upto 5k,17001.0,3.0,Y,Yes,21.0,0.21,4.0,4.0,80,0,0.3727753718643182
RM1221,36.0,36-45,No,Travel Rarely,530.0,Sales,2.0,4.0,Life Science,1.0,1710,3.0,Female,51.0,3.0,2.0,Sales Representative,4.0,Single,4502.0,Upto 5k,7439.0,3.0,Y,No,15.0,0.15,3.0,3.0,80,3,0.1704822494177756
RM1316,36.0,36-45,No,Travel Rarely,430.0,Research & Development,2.0,4.0,Other,1.0,1847,4.0,Female,73.0,3.0,2.0,Research Scientist,2.0,Married,6962.0,5k-10k,19573.0,4.0,Y,Yes,22.0,0.22,4.0,4.0,80,0,0.15214778004388854
RM688,36.0,36-45,No,Travel Rarely,938.0,Research & Development,2.0,4.0,Medical,1.0,958,3.0,Male,79.0,3.0,1.0,Laboratory Technician,3.0,Single,2519.0,Upto 5k,12287.0,4.0,Y,No,21.0,0.21,4.0,3.0,80,0,0.28308891987804147
RM928,36.0,36-45,No,Travel Rarely,429.0,Research & Development,2.0,4.0,Life Science,1.0,1294,3.0,Female,53.0,3.0,2.0,Manufacturing Director,2.0,Single,5410.0,5k-10k,2323.0,9.0,Y,Yes,11.0,0.11,3.0,4.0,80,1,0.15742236234301601
RM199,38.0,36-45,No,Travel Rarely,1261.0,Research & Development,2.0,4.0,Life Science,1.0,271,4.0,Male,88.0,3.0,2.0,Manufacturing Director,3.0,Married,6553.0,5k-10k,7259.0,9.0,Y,No,14.0,0.14,3.0,2.0,80,1,0.138473622119498
RM252,39.0,36-45,No,Travel Frequently,505.0,Research & Development,2.0,4.0,Technical Degree,1.0,343,3.0,Female,64.0,3.0,3.0,Healthcare Representative,3.0,Single,10938.0,10k-15k,6420.0,0.0,Y,No,25.0,0.25,4.0,4.0,80,0,0.09897639386912845
RM1458,40.0,36-45,No,Travel Rarely,1194.0,Research & Development,2.0,4.0,Medical,1.0,2051,3.0,Female,98.0,3.0,1.0,Research Scientist,3.0,Married,2001.0,Upto 5k,12549.0,2.0,Y,No,14.0,0.14,3.0,2.0,80,3,0.18264242772211758
RM418,40.0,36-45,No,Travel Rarely,1398.0,Sales,2.0,4.0,Life Science,1.0,558,3.0,Female,79.0,3.0,5.0,Manager,3.0,Married,18041.0,15k+,13022.0,0.0,Y,No,14.0,0.14,3.0,4.0,80,2,0.05598645663254144
RM867,40.0,36-45,No,Travel Frequently,1184.0,Sales,2.0,4.0,Medical,1.0,1212,2.0,Male,62.0,3.0,2.0,Sales Executive,2.0,Married,4327.0,Upto 5k,25440.0,5.0,Y,No,12.0,0.12,3.0,4.0,80,1,0.19914907227181392
RM301,41.0,36-45,No,Travel Rarely,334.0,Sales,2.0,4.0,Life Science,1.0,410,4.0,Male,88.0,3.0,4.0,Manager,2.0,Single,16015.0,15k+,15896.0,1.0,Y,No,19.0,0.19,3.0,2.0,80,2,0.07592077858187697
RM489,42.0,36-45,No,Travel Rarely,622.0,Research & Development,2.0,4.0,Life Science,1.0,659,3.0,Female,81.0,3.0,2.0,Healthcare Representative,4.0,Married,4089.0,Upto 5k,5718.0,1.0,Y,No,13.0,0.13,3.0,2.0,80,3,0.13433747818969727
RM1317,43.0,36-45,No,Travel Frequently,1422.0,Sales,2.0,4.0,Life Science,1.0,1849,1.0,Male,92.0,3.0,2.0,Sales Executive,4.0,Married,5675.0,5k-10k,19246.0,1.0,Y,No,20.0,0.2,4.0,3.0,80,0,0.12495011977030003
RM1315,45.0,36-45,No,Non Travel,589.0,Sales,2.0,4.0,Life Science,1.0,1845,3.0,Female,67.0,3.0,2.0,Sales Executive,3.0,Married,5154.0,5k-10k,19665.0,4.0,Y,No,22.0,0.22,4.0,2.0,80,0,0.0993464845742512
RM030,46.0,46-55,No,Travel Rarely,705.0,Sales,2.0,4.0,Marketing,1.0,38,2.0,Female,83.0,3.0,5.0,Manager,1.0,Single,18947.0,15k+,22822.0,3.0,Y,No,12.0,0.12,3.0,4.0,80,2,0.08098893283219134
RM1278,46.0,46-55,No,Travel Rarely,734.0,Research & Development,2.0,4.0,Medical,1.0,1789,3.0,Male,46.0,3.0,5.0,Research Director,4.0,Divorced,19328.0,15k+,14218.0,7.0,Y,Yes,17.0,0.17,3.0,3.0,80,2,0.06776219674385531
RM878,46.0,46-55,No,Travel Rarely,150.0,Research & Development,2.0,4.0,Technical Degree,1.0,1228,4.0,Male,60.0,3.0,2.0,Manufacturing Director,4.0,Divorced,7379.0,5k-10k,17433.0,2.0,Y,No,11.0,0.11,3.0,3.0,80,3,0.10136470116164872
RM1025,47.0,46-55,No,Travel Rarely,359.0,Research & Development,2.0,4.0,Medical,1.0,1443,1.0,Female,82.0,3.0,4.0,Research Director,3.0,Married,17169.0,15k+,26703.0,3.0,Y,No,19.0,0.19,3.0,2.0,80,2,0.04385786742274923
RM1235,47.0,46-55,No,Non Travel,543.0,Sales,2.0,4.0,Marketing,1.0,1731,3.0,Male,87.0,3.0,2.0,Sales Executive,2.0,Married,4978.0,Upto 5k,3536.0,7.0,Y,No,11.0,0.11,3.0,4.0,80,1,0.16298997379457758
RM654,50.0,46-55,No,Non Travel,881.0,Research & Development,2.0,4.0,Life Science,1.0,905,1.0,Male,98.0,3.0,4.0,Manager,1.0,Divorced,17924.0,15k+,4544.0,1.0,Y,No,11.0,0.11,3.0,4.0,80,2,0.09496127861656432
RM767,50.0,46-55,No,Travel Rarely,1464.0,Research & Development,2.0,4.0,Medical,1.0,1061,2.0,Male,62.0,3.0,5.0,Research Director,3.0,Married,19237.0,15k+,12853.0,2.0,Y,Yes,11.0,0.11,3.0,4.0,80,2,0.11480040407976827
RM096,54.0,46-55,No,Travel Rarely,1217.0,Research & Development,2.0,4.0,Technical Degree,1.0,126,1.0,Female,60.0,3.0,3.0,Research Director,3.0,Married,13549.0,10k-15k,24001.0,9.0,Y,No,12.0,0.12,3.0,1.0,80,2,0.08099420780846839
RM596,58.0,55+,Yes,Travel Rarely,286.0,Research & Development,2.0,4.0,Life Science,1.0,825,4.0,Male,31.0,3.0,5.0,Research Director,2.0,Single,19246.0,15k+,25761.0,7.0,Y,Yes,12.0,0.12,3.0,4.0,80,2,0.13008089138885548
RM246,31.0,26-35,No,Travel Frequently,1327.0,Research & Development,3.0,4.0,Medical,1.0,337,2.0,Male,73.0,3.0,3.0,Research Director,3.0,Divorced,13675.0,10k-15k,13523.0,9.0,Y,No,12.0,0.12,3.0,1.0,80,1,0.13127884624696243
RM693,32.0,26-35,No,Travel Rarely,498.0,Research & Development,3.0,4.0,Medical,1.0,966,3.0,Female,93.0,3.0,2.0,Manufacturing Director,1.0,Married,6725.0,5k-10k,13554.0,1.0,Y,No,12.0,0.12,3.0,3.0,80,3,0.18489582931649837
RM004,33.0,26-35,No,Travel Frequently,1392.0,Research & Development,3.0,4.0,Life Science,1.0,5,4.0,Female,56.0,3.0,1.0,Research Scientist,3.0,Married,2909.0,Upto 5k,23159.0,1.0,Y,Yes,11.0,0.11,3.0,3.0,80,3,0.39770585963210264
RM705,35.0,26-35,No,Travel Rarely,882.0,Sales,3.0,4.0,Life Science,1.0,984,4.0,Male,92.0,3.0,3.0,Sales Executive,4.0,Divorced,7823.0,5k-10k,6812.0,6.0,Y,No,13.0,0.13,3.0,2.0,80,1,0.16335118675108679
RM1012,36.0,36-45,No,Travel Rarely,1174.0,Sales,3.0,4.0,Marketing,1.0,1425,1.0,Female,99.0,3.0,2.0,Sales Executive,2.0,Single,9278.0,5k-10k,20763.0,3.0,Y,Yes,16.0,0.16,3.0,4.0,80,1,0.40476151456589016
RM748,38.0,36-45,No,Travel Rarely,1035.0,Sales,3.0,4.0,Life Science,1.0,1036,2.0,Male,42.0,3.0,2.0,Sales Executive,4.0,Single,6861.0,5k-10k,4981.0,8.0,Y,Yes,12.0,0.12,3.0,3.0,80,1,0.32609473000945455
RM766,38.0,36-45,No,Travel Frequently,1186.0,Research & Development,3.0,4.0,Other,1.0,1060,3.0,Male,44.0,3.0,1.0,Research Scientist,3.0,Married,2821.0,Upto 5k,2997.0,3.0,Y,No,16.0,0.16,3.0,1.0,80,3,0.1691223808151003
RM498,44.0,36-45,No,Travel Rarely,1315.0,Research & Development,3.0,4.0,Other,1.0,671,4.0,Male,35.0,3.0,5.0,Manager,4.0,Married,19513.0,15k+,9358.0,4.0,Y,Yes,12.0,0.12,3.0,1.0,80,2,0.07510474626190279
RM281,53.0,46-55,No,Travel Rarely,1070.0,Research & Development,3.0,4.0,Medical,1.0,386,3.0,Male,45.0,3.0,4.0,Research Director,3.0,Married,17584.0,15k+,21016.0,3.0,Y,Yes,16.0,0.16,3.0,4.0,80,2,0.09183030181873755
RM394,34.0,26-35,No,Non Travel,1381.0,Sales,4.0,4.0,Marketing,1.0,523,3.0,Female,72.0,3.0,2.0,Sales Executive,3.0,Married,6538.0,5k-10k,12740.0,9.0,Y,No,15.0,0.15,3.0,1.0,80,1,0.1372872458711698
RM962,35.0,26-35,No,Travel Frequently,482.0,Research & Development,4.0,4.0,Life Science,1.0,1350,3.0,Male,87.0,3.0,2.0,Research Scientist,3.0,Single,4249.0,Upto 5k,2690.0,1.0,Y,Yes,11.0,0.11,3.0,2.0,80,3,0.24664375070739447
RM227,37.0,36-45,No,Travel Frequently,319.0,Sales,4.0,4.0,Marketing,1.0,311,1.0,Male,41.0,3.0,1.0,Sales Representative,4.0,Divorced,2793.0,Upto 5k,2539.0,4.0,Y,No,17.0,0.17,3.0,3.0,80,0,0.14287305779180645
RM840,42.0,36-45,No,Travel Rarely,647.0,Sales,4.0,4.0,Marketing,1.0,1171,2.0,Male,45.0,3.0,2.0,Sales Executive,1.0,Single,5155.0,5k-10k,2253.0,7.0,Y,No,13.0,0.13,3.0,4.0,80,1,0.18271219728093924
RM780,51.0,46-55,Yes,Travel Rarely,1323.0,Research & Development,4.0,4.0,Life Science,1.0,1081,1.0,Male,34.0,3.0,1.0,Research Scientist,3.0,Married,2461.0,Upto 5k,10332.0,9.0,Y,Yes,12.0,0.12,3.0,3.0,80,1,0.6625282327847234
RM1066,55.0,46-55,No,Travel Rarely,1229.0,Research & Development,4.0,4.0,Life Science,1.0,1501,4.0,Male,30.0,3.0,2.0,Healthcare Representative,3.0,Married,4035.0,Upto 5k,16143.0,0.0,Y,Yes,16.0,0.16,3.0,2.0,80,3,0.09968714102685915
RM852,56.0,55+,No,Travel Rarely,718.0,Research & Development,4.0,4.0,Technical Degree,1.0,1191,4.0,Female,92.0,3.0,5.0,Manager,1.0,Divorced,19943.0,15k+,18575.0,4.0,Y,No,13.0,0.13,3.0,4.0,80,2,0.12088958362181797
RM052,28.0,26-35,Yes,Travel Rarely,1434.0,Research & Development,5.0,4.0,Technical Degree,1.0,65,3.0,Male,50.0,3.0,1.0,Laboratory Technician,3.0,Single,3441.0,Upto 5k,11179.0,1.0,Y,Yes,13.0,0.13,3.0,3.0,80,3,0.718281018234087
RM660,28.0,26-35,No,Travel Rarely,821.0,Sales,5.0,4.0,Medical,1.0,916,1.0,Male,98.0,3.0,2.0,Sales Executive,4.0,Single,4908.0,Upto 5k,24252.0,1.0,Y,No,14.0,0.14,3.0,2.0,80,3,0.2040209498985282
RM1192,31.0,26-35,No,Travel Rarely,1112.0,Sales,5.0,4.0,Life Science,1.0,1673,1.0,Female,67.0,3.0,2.0,Sales Executive,4.0,Married,5476.0,5k-10k,22589.0,1.0,Y,No,11.0,0.11,3.0,1.0,80,3,0.20432201859706067
RM310,31.0,26-35,No,Travel Rarely,691.0,Research & Development,5.0,4.0,Technical Degree,1.0,423,3.0,Male,86.0,3.0,1.0,Research Scientist,4.0,Married,4821.0,Upto 5k,10077.0,0.0,Y,Yes,12.0,0.12,3.0,3.0,80,3,0.2952863986902942
RM1261,32.0,26-35,No,Non Travel,953.0,Research & Development,5.0,4.0,Technical Degree,1.0,1764,2.0,Male,65.0,3.0,1.0,Research Scientist,2.0,Single,2718.0,Upto 5k,17674.0,2.0,Y,No,14.0,0.14,3.0,2.0,80,3,0.28626196377743846
RM314,33.0,26-35,No,Travel Frequently,553.0,Research & Development,5.0,4.0,Life Science,1.0,428,4.0,Female,74.0,3.0,3.0,Manager,2.0,Married,11878.0,10k-15k,23364.0,6.0,Y,No,11.0,0.11,3.0,2.0,80,1,0.15302934938833743
RM345,35.0,26-35,No,Travel Rarely,1296.0,Research & Development,5.0,4.0,Technical Degree,1.0,464,3.0,Male,62.0,3.0,3.0,Manufacturing Director,2.0,Single,8095.0,5k-10k,18264.0,0.0,Y,No,13.0,0.13,3.0,4.0,80,3,0.10622747574966167
RM1174,36.0,36-45,No,Travel Rarely,711.0,Research & Development,5.0,4.0,Life Science,1.0,1651,2.0,Female,42.0,3.0,3.0,Healthcare Representative,1.0,Married,8008.0,5k-10k,22792.0,4.0,Y,No,12.0,0.12,3.0,3.0,80,1,0.11911234879154703
RM049,46.0,46-55,No,Travel Frequently,1211.0,Sales,5.0,4.0,Marketing,1.0,62,1.0,Male,98.0,3.0,2.0,Sales Executive,4.0,Single,5772.0,5k-10k,20445.0,4.0,Y,Yes,21.0,0.21,4.0,3.0,80,0,0.2756788998743215
RM1045,49.0,46-55,No,Travel Rarely,1495.0,Research & Development,5.0,4.0,Technical Degree,1.0,1473,1.0,Male,96.0,3.0,2.0,Healthcare Representative,3.0,Married,6651.0,5k-10k,21534.0,2.0,Y,No,14.0,0.14,3.0,2.0,80,3,0.15070393052453576
RM095,32.0,26-35,No,Travel Rarely,1093.0,Sales,6.0,4.0,Medical,1.0,125,2.0,Male,87.0,3.0,2.0,Sales Executive,3.0,Single,5010.0,5k-10k,24301.0,1.0,Y,No,16.0,0.16,3.0,1.0,80,3,0.24854367760860574
RM104,34.0,26-35,No,Travel Rarely,665.0,Research & Development,6.0,4.0,Other,1.0,138,1.0,Female,41.0,3.0,2.0,Research Scientist,3.0,Single,4809.0,Upto 5k,12482.0,1.0,Y,No,14.0,0.14,3.0,3.0,80,3,0.16921787322638418
RM101,37.0,36-45,Yes,Travel Rarely,807.0,Human Resources,6.0,4.0,Human Resources,1.0,133,3.0,Male,63.0,3.0,1.0,Human Resources,1.0,Divorced,2073.0,Upto 5k,23648.0,4.0,Y,Yes,22.0,0.22,4.0,4.0,80,0,0.3874771811864819
RM274,37.0,36-45,No,Travel Rarely,228.0,Sales,6.0,4.0,Medical,1.0,378,3.0,Male,98.0,3.0,2.0,Sales Executive,4.0,Married,6502.0,5k-10k,22825.0,4.0,Y,No,14.0,0.14,3.0,2.0,80,1,0.15542129529681523
RM078,45.0,36-45,No,Travel Rarely,193.0,Research & Development,6.0,4.0,Other,1.0,101,4.0,Male,52.0,3.0,3.0,Research Director,1.0,Married,13245.0,10k-15k,15067.0,4.0,Y,Yes,14.0,0.14,3.0,2.0,80,2,0.11984267401977908
RM1014,30.0,26-35,No,Travel Rarely,855.0,Sales,7.0,4.0,Marketing,1.0,1428,4.0,Female,73.0,3.0,2.0,Sales Executive,1.0,Divorced,4779.0,Upto 5k,12761.0,7.0,Y,No,14.0,0.14,3.0,2.0,80,1,0.18378216562795427
RM875,30.0,26-35,No,Travel Rarely,853.0,Research & Development,7.0,4.0,Life Science,1.0,1224,3.0,Male,49.0,3.0,2.0,Laboratory Technician,3.0,Divorced,3491.0,Upto 5k,11309.0,1.0,Y,No,13.0,0.13,3.0,1.0,80,3,0.2577075495859949
RM059,31.0,26-35,No,Travel Rarely,655.0,Research & Development,7.0,4.0,Life Science,1.0,76,4.0,Male,48.0,3.0,2.0,Laboratory Technician,4.0,Divorced,5915.0,5k-10k,9528.0,3.0,Y,No,22.0,0.22,4.0,4.0,80,0,0.1042097295049552
RM1307,31.0,26-35,No,Travel Frequently,1125.0,Sales,7.0,4.0,Marketing,1.0,1833,1.0,Female,68.0,3.0,3.0,Sales Executive,1.0,Married,9637.0,5k-10k,8277.0,2.0,Y,No,14.0,0.14,3.0,4.0,80,3,0.21886394344009644
RM343,31.0,26-35,No,Travel Rarely,1232.0,Research & Development,7.0,4.0,Medical,1.0,462,3.0,Female,39.0,3.0,3.0,Manufacturing Director,4.0,Single,7143.0,5k-10k,25713.0,1.0,Y,Yes,14.0,0.14,3.0,3.0,80,3,0.2137019467815071
RM023,34.0,26-35,No,Travel Rarely,419.0,Research & Development,7.0,4.0,Life Science,1.0,28,1.0,Female,53.0,3.0,3.0,Research Director,2.0,Single,11994.0,10k-15k,21293.0,0.0,Y,No,11.0,0.11,3.0,3.0,80,3,0.13513044706955593
RM1116,34.0,26-35,No,Travel Rarely,479.0,Research & Development,7.0,4.0,Medical,1.0,1577,1.0,Male,35.0,3.0,1.0,Research Scientist,4.0,Single,2972.0,Upto 5k,22061.0,1.0,Y,No,13.0,0.13,3.0,3.0,80,3,0.2928403346334096
RM1393,35.0,26-35,No,Travel Rarely,1224.0,Sales,7.0,4.0,Life Science,1.0,1962,3.0,Female,55.0,3.0,2.0,Sales Executive,4.0,Married,5204.0,5k-10k,13586.0,1.0,Y,Yes,11.0,0.11,3.0,4.0,80,3,0.24325279700738545
RM681,36.0,36-45,No,Travel Rarely,188.0,Research & Development,7.0,4.0,Other,1.0,949,2.0,Male,65.0,3.0,1.0,Research Scientist,4.0,Single,4678.0,Upto 5k,23293.0,2.0,Y,No,18.0,0.18,3.0,3.0,80,0,0.15007639138024848
RM079,37.0,36-45,No,Travel Rarely,397.0,Research & Development,7.0,4.0,Medical,1.0,102,1.0,Male,30.0,3.0,3.0,Research Director,3.0,Single,13664.0,10k-15k,25258.0,4.0,Y,No,13.0,0.13,3.0,1.0,80,2,0.08158168184967349
RM1345,37.0,36-45,No,Travel Rarely,783.0,Research & Development,7.0,4.0,Medical,1.0,1885,4.0,Male,78.0,3.0,2.0,Research Scientist,1.0,Married,4284.0,Upto 5k,13588.0,5.0,Y,Yes,22.0,0.22,4.0,3.0,80,1,0.22122515589676675
RM1243,40.0,36-45,No,Travel Rarely,611.0,Sales,7.0,4.0,Medical,1.0,1740,2.0,Male,88.0,3.0,5.0,Manager,2.0,Single,19833.0,15k+,4349.0,1.0,Y,No,14.0,0.14,3.0,2.0,80,2,0.11563656205684512
RM366,46.0,46-55,No,Non Travel,1144.0,Research & Development,7.0,4.0,Medical,1.0,487,3.0,Female,30.0,3.0,2.0,Manufacturing Director,3.0,Married,5258.0,5k-10k,16044.0,2.0,Y,No,14.0,0.14,3.0,3.0,80,3,0.06263679841614944
RM1055,49.0,46-55,No,Travel Rarely,1490.0,Research & Development,7.0,4.0,Life Science,1.0,1484,3.0,Male,35.0,3.0,3.0,Healthcare Representative,2.0,Divorced,10466.0,10k-15k,20948.0,3.0,Y,No,14.0,0.14,3.0,2.0,80,2,0.050729457343071944
RM807,52.0,46-55,No,Travel Rarely,994.0,Research & Development,7.0,4.0,Life Science,1.0,1118,2.0,Male,87.0,3.0,3.0,Healthcare Representative,2.0,Single,10445.0,10k-15k,15322.0,7.0,Y,No,19.0,0.19,3.0,4.0,80,1,0.13755797448064286
RM1306,54.0,46-55,No,Travel Rarely,431.0,Research & Development,7.0,4.0,Medical,1.0,1830,4.0,Female,68.0,3.0,2.0,Research Scientist,4.0,Married,6854.0,5k-10k,15696.0,4.0,Y,No,15.0,0.15,3.0,2.0,80,2,0.19297572671363722
RM340,27.0,26-35,No,Travel Rarely,1130.0,Sales,8.0,4.0,Marketing,1.0,458,2.0,Female,56.0,3.0,2.0,Sales Executive,2.0,Married,6214.0,5k-10k,3415.0,1.0,Y,No,18.0,0.18,3.0,1.0,80,0,0.19614171400538566
RM076,31.0,26-35,No,Travel Rarely,746.0,Research & Development,8.0,4.0,Life Science,1.0,98,3.0,Female,61.0,3.0,2.0,Manufacturing Director,4.0,Single,4424.0,Upto 5k,20682.0,1.0,Y,No,23.0,0.23,4.0,4.0,80,0,0.11372585853651965
RM1106,33.0,26-35,No,Travel Rarely,1242.0,Sales,8.0,4.0,Life Science,1.0,1560,1.0,Male,46.0,3.0,2.0,Sales Executive,1.0,Married,6392.0,5k-10k,10589.0,2.0,Y,No,13.0,0.13,3.0,4.0,80,3,0.19585836767301976
RM500,33.0,26-35,No,Travel Rarely,1216.0,Sales,8.0,4.0,Marketing,1.0,677,3.0,Male,39.0,3.0,2.0,Sales Executive,3.0,Divorced,7104.0,5k-10k,20431.0,0.0,Y,No,12.0,0.12,3.0,4.0,80,3,0.12793186858746555
RM1158,35.0,26-35,No,Non Travel,208.0,Research & Development,8.0,4.0,Life Science,1.0,1630,3.0,Female,52.0,3.0,2.0,Healthcare Representative,3.0,Married,4148.0,Upto 5k,12250.0,1.0,Y,No,12.0,0.12,3.0,4.0,80,3,0.12411693120820165
RM581,35.0,26-35,No,Travel Rarely,384.0,Sales,8.0,4.0,Life Science,1.0,805,1.0,Female,72.0,3.0,1.0,Sales Representative,4.0,Married,2572.0,Upto 5k,20317.0,1.0,Y,No,16.0,0.16,3.0,2.0,80,0,0.21871206719403338
RM836,35.0,26-35,No,Travel Rarely,528.0,Human Resources,8.0,4.0,Technical Degree,1.0,1164,3.0,Male,100.0,3.0,1.0,Human Resources,3.0,Single,4323.0,Upto 5k,7108.0,1.0,Y,No,17.0,0.17,3.0,2.0,80,0,0.29951721373984375
RM709,36.0,36-45,No,Non Travel,1229.0,Sales,8.0,4.0,Technical Degree,1.0,990,1.0,Male,84.0,3.0,2.0,Sales Executive,4.0,Divorced,5079.0,5k-10k,25952.0,4.0,Y,No,13.0,0.13,3.0,4.0,80,3,0.12612141342186414
RM028,42.0,36-45,No,Travel Rarely,691.0,Sales,8.0,4.0,Marketing,1.0,35,3.0,Male,48.0,3.0,2.0,Sales Executive,2.0,Married,6825.0,5k-10k,21173.0,0.0,Y,No,11.0,0.11,3.0,4.0,80,3,0.17689759047325995
RM397,43.0,36-45,No,Travel Rarely,1473.0,Research & Development,8.0,4.0,Other,1.0,526,3.0,Female,74.0,3.0,2.0,Healthcare Representative,3.0,Divorced,4522.0,Upto 5k,2227.0,4.0,Y,Yes,14.0,0.14,3.0,4.0,80,1,0.08141284701499803
RM335,45.0,36-45,No,Travel Rarely,549.0,Research & Development,8.0,4.0,Other,1.0,452,4.0,Male,75.0,3.0,2.0,Research Scientist,4.0,Married,3697.0,Upto 5k,9278.0,9.0,Y,No,14.0,0.14,3.0,1.0,80,1,0.16638452696775338
RM540,50.0,46-55,No,Travel Rarely,316.0,Sales,8.0,4.0,Marketing,1.0,738,4.0,Male,54.0,3.0,1.0,Sales Representative,2.0,Married,3875.0,Upto 5k,9983.0,7.0,Y,No,15.0,0.15,3.0,4.0,80,1,0.21588876975941115
RM1001,52.0,46-55,No,Travel Rarely,258.0,Research & Development,8.0,4.0,Other,1.0,1409,3.0,Female,54.0,3.0,1.0,Laboratory Technician,1.0,Married,2950.0,Upto 5k,17363.0,9.0,Y,No,13.0,0.13,3.0,3.0,80,1,0.281795794028426
RM432,54.0,46-55,No,Travel Rarely,548.0,Research & Development,8.0,4.0,Life Science,1.0,578,3.0,Female,42.0,3.0,2.0,Laboratory Technician,3.0,Single,3780.0,Upto 5k,23428.0,7.0,Y,No,11.0,0.11,3.0,3.0,80,1,0.12227666946334985
RM957,56.0,55+,No,Travel Rarely,206.0,Human Resources,8.0,4.0,Life Science,1.0,1338,4.0,Male,99.0,3.0,5.0,Manager,2.0,Single,19717.0,15k+,4022.0,6.0,Y,No,14.0,0.14,3.0,1.0,80,2,0.09514466309235237
RM375,28.0,26-35,No,Travel Rarely,304.0,Sales,9.0,4.0,Life Science,1.0,498,2.0,Male,92.0,3.0,2.0,Sales Executive,4.0,Single,5253.0,5k-10k,20750.0,1.0,Y,No,16.0,0.16,3.0,4.0,80,3,0.21442661707666852
RM1220,29.0,26-35,No,Travel Rarely,1082.0,Research & Development,9.0,4.0,Medical,1.0,1709,4.0,Female,43.0,3.0,1.0,Laboratory Technician,3.0,Married,2974.0,Upto 5k,25412.0,9.0,Y,No,17.0,0.17,3.0,3.0,80,1,0.23568165303491886
RM501,32.0,26-35,No,Travel Rarely,646.0,Research & Development,9.0,4.0,Life Science,1.0,679,1.0,Female,92.0,3.0,2.0,Research Scientist,4.0,Married,6322.0,5k-10k,18089.0,1.0,Y,Yes,12.0,0.12,3.0,4.0,80,3,0.24056601474075467
RM830,33.0,26-35,Yes,Travel Rarely,603.0,Sales,9.0,4.0,Marketing,1.0,1157,1.0,Female,77.0,3.0,2.0,Sales Executive,1.0,Single,8224.0,5k-10k,18385.0,0.0,Y,Yes,17.0,0.17,3.0,1.0,80,3,0.722390965001325
RM1040,34.0,26-35,Yes,Travel Rarely,1107.0,Human Resources,9.0,4.0,Technical Degree,1.0,1467,1.0,Female,52.0,3.0,1.0,Human Resources,3.0,Married,2742.0,Upto 5k,3072.0,1.0,Y,No,15.0,0.15,3.0,4.0,80,3,0.5730377433572945
RM1291,34.0,26-35,Yes,Travel Frequently,234.0,Research & Development,9.0,4.0,Life Science,1.0,1807,4.0,Male,93.0,3.0,2.0,Laboratory Technician,1.0,Married,5346.0,5k-10k,6208.0,4.0,Y,No,17.0,0.17,3.0,3.0,80,1,0.46980751445581026
RM1425,35.0,26-35,No,Travel Rarely,1395.0,Research & Development,9.0,4.0,Medical,1.0,2008,2.0,Male,48.0,3.0,2.0,Research Scientist,3.0,Single,5098.0,5k-10k,18698.0,1.0,Y,No,19.0,0.19,3.0,2.0,80,0,0.12447301496798727
RM468,37.0,36-45,No,Non Travel,142.0,Sales,9.0,4.0,Medical,1.0,626,1.0,Male,69.0,3.0,3.0,Sales Executive,2.0,Divorced,8834.0,5k-10k,24666.0,1.0,Y,No,13.0,0.13,3.0,4.0,80,3,0.14826179088020242
RM1030,40.0,36-45,No,Non Travel,663.0,Research & Development,9.0,4.0,Other,1.0,1449,3.0,Male,81.0,3.0,2.0,Laboratory Technician,3.0,Divorced,3975.0,Upto 5k,23099.0,3.0,Y,No,11.0,0.11,3.0,3.0,80,3,0.15986769460456168
RM1084,40.0,36-45,Yes,Travel Rarely,676.0,Research & Development,9.0,4.0,Life Science,1.0,1534,4.0,Male,86.0,3.0,1.0,Laboratory Technician,1.0,Single,2018.0,Upto 5k,21831.0,3.0,Y,No,14.0,0.14,3.0,2.0,80,1,0.6285403106846736
RM692,40.0,36-45,No,Travel Frequently,1469.0,Research & Development,9.0,4.0,Medical,1.0,964,4.0,Male,35.0,3.0,1.0,Research Scientist,2.0,Divorced,3617.0,Upto 5k,25063.0,8.0,Y,Yes,14.0,0.14,3.0,4.0,80,1,0.26567313394872927
RM838,40.0,36-45,No,Travel Frequently,593.0,Research & Development,9.0,4.0,Medical,1.0,1166,2.0,Female,88.0,3.0,3.0,Research Director,3.0,Single,13499.0,10k-15k,13782.0,9.0,Y,No,17.0,0.17,3.0,3.0,80,1,0.09869436933639233
RM1267,41.0,36-45,No,Travel Rarely,548.0,Research & Development,9.0,4.0,Life Science,1.0,1772,3.0,Male,94.0,3.0,1.0,Laboratory Technician,1.0,Divorced,2289.0,Upto 5k,20520.0,1.0,Y,No,20.0,0.2,4.0,2.0,80,0,0.2565887193838401
RM149,41.0,36-45,No,Travel Rarely,933.0,Research & Development,9.0,4.0,Life Science,1.0,200,3.0,Male,94.0,3.0,1.0,Laboratory Technician,1.0,Married,2238.0,Upto 5k,6961.0,2.0,Y,No,21.0,0.21,4.0,4.0,80,0,0.21687495136129792
RM1322,47.0,46-55,No,Travel Rarely,207.0,Research & Development,9.0,4.0,Life Science,1.0,1856,2.0,Female,64.0,3.0,1.0,Laboratory Technician,3.0,Single,2105.0,Upto 5k,5411.0,4.0,Y,No,12.0,0.12,3.0,3.0,80,1,0.2721476075701681
RM088,51.0,46-55,No,Travel Rarely,432.0,Research & Development,9.0,4.0,Life Science,1.0,116,4.0,Male,96.0,3.0,1.0,Laboratory Technician,4.0,Married,2075.0,Upto 5k,18725.0,3.0,Y,No,23.0,0.23,4.0,2.0,80,0,0.23925309854388288
RM381,24.0,18-25,No,Travel Rarely,1371.0,Sales,10.0,4.0,Marketing,1.0,507,4.0,Female,77.0,3.0,2.0,Sales Executive,3.0,Divorced,4260.0,Upto 5k,5915.0,1.0,Y,Yes,12.0,0.12,3.0,4.0,80,3,0.14702563018484904
RM886,25.0,18-25,No,Travel Rarely,1356.0,Sales,10.0,4.0,Life Science,1.0,1240,3.0,Male,57.0,3.0,2.0,Sales Executive,4.0,Single,4950.0,Upto 5k,20623.0,0.0,Y,No,14.0,0.14,3.0,2.0,80,3,0.18177286441058105
RM1320,32.0,26-35,No,Travel Frequently,1318.0,Sales,10.0,4.0,Marketing,1.0,1853,4.0,Male,79.0,3.0,2.0,Sales Executive,4.0,Single,4648.0,Upto 5k,26075.0,8.0,Y,No,13.0,0.13,3.0,3.0,80,1,0.33811728787367923
RM1364,33.0,26-35,No,Travel Rarely,217.0,Sales,10.0,4.0,Marketing,1.0,1924,2.0,Male,43.0,3.0,2.0,Sales Executive,3.0,Single,5487.0,5k-10k,10410.0,1.0,Y,No,14.0,0.14,3.0,2.0,80,3,0.3123325523696462
RM203,34.0,26-35,No,Travel Frequently,878.0,Research & Development,10.0,4.0,Medical,1.0,277,4.0,Male,43.0,3.0,1.0,Research Scientist,3.0,Divorced,3815.0,Upto 5k,5972.0,1.0,Y,Yes,17.0,0.17,3.0,4.0,80,0,0.3199281252249479
RM764,34.0,26-35,No,Travel Rarely,1333.0,Sales,10.0,4.0,Life Science,1.0,1055,3.0,Female,87.0,3.0,1.0,Sales Representative,3.0,Married,2220.0,Upto 5k,18410.0,1.0,Y,Yes,19.0,0.19,3.0,4.0,80,0,0.3695059777610386
RM1124,35.0,26-35,No,Travel Rarely,670.0,Research & Development,10.0,4.0,Medical,1.0,1587,1.0,Female,51.0,3.0,2.0,Healthcare Representative,3.0,Single,6142.0,5k-10k,4223.0,3.0,Y,Yes,16.0,0.16,3.0,3.0,80,0,0.22673256388051455
RM443,36.0,36-45,No,Non Travel,635.0,Sales,10.0,4.0,Medical,1.0,592,2.0,Male,32.0,3.0,3.0,Sales Executive,4.0,Single,9980.0,5k-10k,15318.0,1.0,Y,No,14.0,0.14,3.0,4.0,80,3,0.13711120125158982
RM943,36.0,36-45,No,Travel Rarely,325.0,Research & Development,10.0,4.0,Technical Degree,1.0,1312,4.0,Female,63.0,3.0,3.0,Healthcare Representative,3.0,Married,7094.0,5k-10k,5747.0,3.0,Y,No,12.0,0.12,3.0,1.0,80,3,0.19957837801148903
RM1292,37.0,36-45,Yes,Travel Rarely,370.0,Research & Development,10.0,4.0,Medical,1.0,1809,4.0,Male,58.0,3.0,2.0,Manufacturing Director,1.0,Single,4213.0,Upto 5k,4992.0,1.0,Y,No,15.0,0.15,3.0,2.0,80,3,0.4663780546741826
RM390,37.0,36-45,No,Travel Rarely,1305.0,Research & Development,10.0,4.0,Life Science,1.0,518,3.0,Male,49.0,3.0,2.0,Manufacturing Director,2.0,Single,4197.0,Upto 5k,21123.0,2.0,Y,Yes,12.0,0.12,3.0,4.0,80,3,0.18381918073693618
RM1108,38.0,36-45,No,Travel Frequently,888.0,Human Resources,10.0,4.0,Human Resources,1.0,1563,3.0,Male,71.0,3.0,2.0,Human Resources,3.0,Married,6077.0,5k-10k,14814.0,3.0,Y,No,11.0,0.11,3.0,3.0,80,3,0.1577705315701086
RM1321,42.0,36-45,No,Non Travel,355.0,Research & Development,10.0,4.0,Technical Degree,1.0,1854,3.0,Male,38.0,3.0,1.0,Research Scientist,3.0,Married,2936.0,Upto 5k,6161.0,3.0,Y,No,22.0,0.22,4.0,2.0,80,0,0.17164610593487972
RM316,43.0,36-45,No,Travel Frequently,185.0,Research & Development,10.0,4.0,Life Science,1.0,430,3.0,Female,33.0,3.0,1.0,Laboratory Technician,4.0,Single,2455.0,Upto 5k,10675.0,0.0,Y,No,19.0,0.19,3.0,1.0,80,0,0.15913213132473172
RM032,44.0,36-45,No,Travel Rarely,1459.0,Research & Development,10.0,4.0,Other,1.0,40,4.0,Male,41.0,3.0,2.0,Healthcare Representative,4.0,Married,6465.0,5k-10k,19121.0,2.0,Y,Yes,13.0,0.13,3.0,4.0,80,3,0.10358213965036037
RM858,44.0,36-45,Yes,Travel Rarely,1097.0,Research & Development,10.0,4.0,Life Science,1.0,1200,3.0,Male,96.0,3.0,1.0,Research Scientist,3.0,Single,2936.0,Upto 5k,10826.0,1.0,Y,Yes,11.0,0.11,3.0,3.0,80,3,0.7237152990475526
RM291,49.0,46-55,No,Travel Frequently,636.0,Research & Development,10.0,4.0,Life Science,1.0,396,3.0,Female,35.0,3.0,5.0,Research Director,1.0,Single,18665.0,15k+,25594.0,9.0,Y,Yes,11.0,0.11,3.0,4.0,80,2,0.10777264987850255
RM099,58.0,55+,No,Travel Rarely,682.0,Sales,10.0,4.0,Medical,1.0,131,4.0,Male,37.0,3.0,4.0,Sales Executive,3.0,Single,13872.0,10k-15k,24409.0,0.0,Y,No,13.0,0.13,3.0,3.0,80,2,0.15271242442615043
RM645,31.0,26-35,No,Travel Rarely,1222.0,Research & Development,11.0,4.0,Life Science,1.0,895,4.0,Male,48.0,3.0,1.0,Research Scientist,4.0,Married,2356.0,Upto 5k,14871.0,3.0,Y,Yes,19.0,0.19,3.0,2.0,80,0,0.5801375036162087
RM1423,35.0,26-35,No,Travel Rarely,1490.0,Research & Development,11.0,4.0,Medical,1.0,2003,4.0,Male,43.0,3.0,1.0,Laboratory Technician,3.0,Married,2660.0,Upto 5k,20232.0,7.0,Y,Yes,11.0,0.11,3.0,3.0,80,1,0.47452644383910986
RM1255,49.0,46-55,No,Travel Rarely,1313.0,Sales,11.0,4.0,Marketing,1.0,1757,4.0,Female,80.0,3.0,2.0,Sales Executive,4.0,Single,4507.0,Upto 5k,8191.0,3.0,Y,No,12.0,0.12,3.0,3.0,80,3,0.17294113302918226
RM588,52.0,46-55,No,Travel Rarely,1325.0,Research & Development,11.0,4.0,Life Science,1.0,813,4.0,Female,82.0,3.0,2.0,Laboratory Technician,3.0,Married,3149.0,Upto 5k,21821.0,8.0,Y,No,20.0,0.2,4.0,2.0,80,1,0.1489120693171544
RM1077,54.0,46-55,No,Travel Frequently,1050.0,Research & Development,11.0,4.0,Medical,1.0,1520,2.0,Female,87.0,3.0,4.0,Manager,4.0,Divorced,16032.0,15k+,24456.0,3.0,Y,No,20.0,0.2,4.0,1.0,80,2,0.07016040319898674
RM1187,35.0,26-35,Yes,Travel Frequently,880.0,Sales,12.0,4.0,Other,1.0,1667,4.0,Male,36.0,3.0,2.0,Sales Executive,4.0,Single,4581.0,Upto 5k,10414.0,3.0,Y,Yes,24.0,0.24,4.0,1.0,80,0,0.6986231754758698
RM1146,36.0,36-45,No,Travel Rarely,559.0,Research & Development,12.0,4.0,Life Science,1.0,1614,3.0,Female,76.0,3.0,2.0,Manufacturing Director,3.0,Married,4663.0,Upto 5k,12421.0,9.0,Y,Yes,12.0,0.12,3.0,2.0,80,1,0.3446481803949816
RM831,41.0,36-45,No,Travel Rarely,167.0,Research & Development,12.0,4.0,Life Science,1.0,1158,2.0,Male,46.0,3.0,1.0,Laboratory Technician,4.0,Married,4766.0,Upto 5k,9051.0,3.0,Y,Yes,11.0,0.11,3.0,1.0,80,3,0.23306354739857188
RM1379,42.0,36-45,No,Travel Rarely,419.0,Sales,12.0,4.0,Marketing,1.0,1943,2.0,Male,77.0,3.0,2.0,Sales Executive,4.0,Divorced,5087.0,5k-10k,2900.0,3.0,Y,Yes,12.0,0.12,3.0,3.0,80,3,0.2221901830970946
RM483,31.0,26-35,Yes,Travel Rarely,1365.0,Sales,13.0,4.0,Medical,1.0,650,2.0,Male,46.0,3.0,2.0,Sales Executive,1.0,Divorced,4233.0,Upto 5k,11512.0,2.0,Y,No,17.0,0.17,3.0,3.0,80,3,0.5075808366915272
RM623,32.0,26-35,No,Travel Rarely,117.0,Sales,13.0,4.0,Life Science,1.0,859,2.0,Male,73.0,3.0,2.0,Sales Executive,4.0,Divorced,4403.0,Upto 5k,9250.0,2.0,Y,No,11.0,0.11,3.0,3.0,80,3,0.2581067821146061
RM1386,34.0,26-35,No,Travel Rarely,1239.0,Sales,13.0,4.0,Medical,1.0,1951,4.0,Male,39.0,3.0,3.0,Sales Executive,3.0,Divorced,8628.0,5k-10k,22914.0,1.0,Y,No,18.0,0.18,3.0,3.0,80,0,0.21120762639768473
RM1232,46.0,46-55,No,Travel Rarely,717.0,Research & Development,13.0,4.0,Life Science,1.0,1727,3.0,Male,34.0,3.0,2.0,Healthcare Representative,2.0,Single,5562.0,5k-10k,9697.0,6.0,Y,No,14.0,0.14,3.0,4.0,80,1,0.10813265814605987
RM1371,47.0,46-55,No,Non Travel,1169.0,Research & Development,14.0,4.0,Technical Degree,1.0,1934,3.0,Male,64.0,3.0,2.0,Research Scientist,2.0,Married,5467.0,5k-10k,2125.0,8.0,Y,No,18.0,0.18,3.0,3.0,80,1,0.1456155892143966
RM533,47.0,46-55,No,Travel Rarely,703.0,Sales,14.0,4.0,Marketing,1.0,728,4.0,Male,42.0,3.0,2.0,Sales Executive,1.0,Single,4960.0,Upto 5k,11825.0,2.0,Y,No,12.0,0.12,3.0,4.0,80,3,0.23058641640305785
RM123,56.0,55+,Yes,Travel Rarely,441.0,Research & Development,14.0,4.0,Life Science,1.0,161,2.0,Female,72.0,3.0,1.0,Research Scientist,2.0,Married,4963.0,Upto 5k,4510.0,9.0,Y,Yes,18.0,0.18,3.0,1.0,80,1,0.7166443484889021
RM1389,32.0,26-35,No,Non Travel,1146.0,Research & Development,15.0,4.0,Medical,1.0,1955,3.0,Female,34.0,3.0,2.0,Healthcare Representative,4.0,Divorced,6667.0,5k-10k,16542.0,5.0,Y,No,18.0,0.18,3.0,2.0,80,0,0.1043060666391808
RM1404,39.0,36-45,No,Travel Rarely,119.0,Sales,15.0,4.0,Marketing,1.0,1975,2.0,Male,77.0,3.0,4.0,Sales Executive,1.0,Single,13341.0,10k-15k,25098.0,0.0,Y,No,12.0,0.12,3.0,1.0,80,2,0.18960769690322535
RM1115,48.0,46-55,No,Travel Rarely,1108.0,Research & Development,15.0,4.0,Other,1.0,1576,3.0,Female,65.0,3.0,1.0,Research Scientist,1.0,Married,2367.0,Upto 5k,16530.0,8.0,Y,No,12.0,0.12,3.0,4.0,80,1,0.2504755675776104
RM1311,58.0,55+,No,Travel Frequently,1216.0,Research & Development,15.0,4.0,Life Science,1.0,1837,1.0,Male,87.0,3.0,4.0,Research Director,3.0,Married,15787.0,15k+,21624.0,2.0,Y,Yes,14.0,0.14,3.0,2.0,80,2,0.1828565147491147
RM289,26.0,26-35,Yes,Travel Rarely,1449.0,Research & Development,16.0,4.0,Medical,1.0,394,1.0,Male,45.0,3.0,1.0,Laboratory Technician,2.0,Divorced,2373.0,Upto 5k,14180.0,2.0,Y,Yes,13.0,0.13,3.0,4.0,80,3,0.7777798495613725
RM718,27.0,26-35,No,Travel Rarely,1134.0,Research & Development,16.0,4.0,Technical Degree,1.0,1001,3.0,Female,37.0,3.0,1.0,Laboratory Technician,2.0,Married,2811.0,Upto 5k,12086.0,9.0,Y,No,14.0,0.14,3.0,2.0,80,1,0.25263099172385867
RM1258,31.0,26-35,Yes,Travel Rarely,1079.0,Sales,16.0,4.0,Marketing,1.0,1761,1.0,Male,70.0,3.0,3.0,Sales Executive,3.0,Married,8161.0,5k-10k,19002.0,2.0,Y,No,13.0,0.13,3.0,1.0,80,3,0.3426397201051527
RM1104,48.0,46-55,No,Travel Rarely,492.0,Sales,16.0,4.0,Life Science,1.0,1557,3.0,Female,96.0,3.0,2.0,Sales Executive,3.0,Divorced,6439.0,5k-10k,13693.0,8.0,Y,No,14.0,0.14,3.0,3.0,80,1,0.17428480774376653
RM537,60.0,55+,No,Travel Rarely,1179.0,Sales,16.0,4.0,Marketing,1.0,732,1.0,Male,84.0,3.0,2.0,Sales Executive,1.0,Single,5405.0,5k-10k,11924.0,8.0,Y,No,14.0,0.14,3.0,4.0,80,1,0.3521664374075784
RM454,26.0,26-35,Yes,Travel Frequently,426.0,Human Resources,17.0,4.0,Life Science,1.0,608,2.0,Female,58.0,3.0,1.0,Human Resources,3.0,Divorced,2741.0,Upto 5k,22808.0,0.0,Y,Yes,11.0,0.11,3.0,2.0,80,3,0.7096970863724633
RM998,27.0,26-35,Yes,Travel Rarely,135.0,Research & Development,17.0,4.0,Life Science,1.0,1405,4.0,Female,51.0,3.0,1.0,Research Scientist,3.0,Single,2394.0,Upto 5k,25681.0,1.0,Y,Yes,13.0,0.13,3.0,4.0,80,3,0.5258779875458198
RM949,30.0,26-35,No,Travel Rarely,634.0,Research & Development,17.0,4.0,Medical,1.0,1321,2.0,Female,95.0,3.0,3.0,Manager,1.0,Married,11916.0,10k-15k,25927.0,1.0,Y,Yes,23.0,0.23,4.0,4.0,80,0,0.18500413213988895
RM871,35.0,26-35,No,Travel Rarely,1361.0,Sales,17.0,4.0,Life Science,1.0,1218,3.0,Male,94.0,3.0,2.0,Sales Executive,1.0,Married,8966.0,5k-10k,21026.0,3.0,Y,Yes,15.0,0.15,3.0,4.0,80,3,0.22869935207506667
RM1381,35.0,26-35,No,Travel Rarely,682.0,Sales,18.0,4.0,Medical,1.0,1945,2.0,Male,71.0,3.0,2.0,Sales Executive,1.0,Married,5561.0,5k-10k,15975.0,0.0,Y,No,16.0,0.16,3.0,4.0,80,3,0.2934186946313791
RM1457,35.0,26-35,No,Travel Frequently,1199.0,Research & Development,18.0,4.0,Life Science,1.0,2049,3.0,Male,80.0,3.0,2.0,Healthcare Representative,3.0,Married,5689.0,5k-10k,24594.0,1.0,Y,Yes,14.0,0.14,3.0,4.0,80,3,0.17348607073429542
RM982,35.0,26-35,Yes,Travel Frequently,662.0,Sales,18.0,4.0,Marketing,1.0,1380,4.0,Female,67.0,3.0,2.0,Sales Executive,3.0,Married,4614.0,Upto 5k,23288.0,0.0,Y,Yes,18.0,0.18,3.0,3.0,80,0,0.5887971229234656
RM818,36.0,36-45,No,Non Travel,217.0,Research & Development,18.0,4.0,Life Science,1.0,1133,1.0,Male,78.0,3.0,2.0,Manufacturing Director,4.0,Single,7779.0,5k-10k,23238.0,2.0,Y,No,20.0,0.2,4.0,1.0,80,0,0.170994501752843
RM1420,42.0,36-45,No,Travel Rarely,557.0,Research & Development,18.0,4.0,Life Science,1.0,1998,4.0,Male,35.0,3.0,2.0,Research Scientist,1.0,Divorced,5410.0,5k-10k,11189.0,6.0,Y,Yes,17.0,0.17,3.0,3.0,80,1,0.20489348013346959
RM202,49.0,46-55,No,Non Travel,1002.0,Research & Development,18.0,4.0,Life Science,1.0,275,4.0,Male,92.0,3.0,2.0,Manufacturing Director,4.0,Divorced,6804.0,5k-10k,23793.0,1.0,Y,Yes,15.0,0.15,3.0,1.0,80,3,0.12928583913440905
RM746,55.0,46-55,No,Travel Frequently,135.0,Research & Development,18.0,4.0,Medical,1.0,1034,3.0,Male,62.0,3.0,2.0,Healthcare Representative,2.0,Married,6385.0,5k-10k,12992.0,3.0,Y,Yes,14.0,0.14,3.0,4.0,80,2,0.22304262642971012
RM920,59.0,55+,No,Travel Rarely,1429.0,Research & Development,18.0,4.0,Medical,1.0,1283,4.0,Male,67.0,3.0,3.0,Manufacturing Director,4.0,Single,10512.0,10k-15k,20002.0,6.0,Y,No,12.0,0.12,3.0,4.0,80,2,0.11018006859250559
RM1336,39.0,36-45,No,Travel Rarely,835.0,Research & Development,19.0,4.0,Other,1.0,1871,4.0,Male,41.0,3.0,2.0,Research Scientist,4.0,Divorced,3902.0,Upto 5k,5141.0,8.0,Y,No,14.0,0.14,3.0,2.0,80,1,0.14969229298807277
RM571,52.0,46-55,No,Non Travel,715.0,Research & Development,19.0,4.0,Medical,1.0,791,4.0,Male,41.0,3.0,1.0,Research Scientist,4.0,Married,4258.0,Upto 5k,26589.0,0.0,Y,No,18.0,0.18,3.0,1.0,80,0,0.1593429020448105
RM511,54.0,46-55,No,Travel Rarely,397.0,Human Resources,19.0,4.0,Medical,1.0,698,3.0,Male,88.0,3.0,3.0,Human Resources,2.0,Married,10725.0,10k-15k,6729.0,2.0,Y,No,15.0,0.15,3.0,3.0,80,2,0.17982470274080822
RM576,54.0,46-55,No,Travel Rarely,376.0,Research & Development,19.0,4.0,Medical,1.0,799,4.0,Female,95.0,3.0,2.0,Manufacturing Director,1.0,Divorced,5485.0,5k-10k,22670.0,9.0,Y,Yes,11.0,0.11,3.0,2.0,80,1,0.2533697933588845
RM786,40.0,36-45,No,Travel Rarely,1492.0,Research & Development,20.0,4.0,Technical Degree,1.0,1092,1.0,Male,61.0,3.0,3.0,Healthcare Representative,4.0,Married,10322.0,10k-15k,26542.0,4.0,Y,No,20.0,0.2,4.0,4.0,80,0,0.2124531169678775
RM679,48.0,46-55,No,Travel Rarely,1469.0,Research & Development,20.0,4.0,Medical,1.0,945,4.0,Male,51.0,3.0,1.0,Research Scientist,3.0,Married,2259.0,Upto 5k,5543.0,4.0,Y,No,17.0,0.17,3.0,1.0,80,1,0.17868754191068378
RM130,49.0,46-55,No,Travel Rarely,470.0,Research & Development,20.0,4.0,Medical,1.0,170,3.0,Female,96.0,3.0,2.0,Manufacturing Director,1.0,Married,6567.0,5k-10k,5549.0,1.0,Y,No,14.0,0.14,3.0,3.0,80,3,0.21515943639216312
RM333,54.0,46-55,No,Travel Frequently,928.0,Research & Development,20.0,4.0,Life Science,1.0,450,4.0,Female,31.0,3.0,2.0,Research Scientist,3.0,Single,4869.0,Upto 5k,16885.0,3.0,Y,No,12.0,0.12,3.0,4.0,80,1,0.13736266012989992
RM092,51.0,46-55,No,Travel Rarely,632.0,Sales,21.0,4.0,Marketing,1.0,120,3.0,Male,71.0,3.0,2.0,Sales Executive,4.0,Single,5441.0,5k-10k,8423.0,0.0,Y,Yes,22.0,0.22,4.0,4.0,80,0,0.3664729643106654
RM424,30.0,26-35,No,Non Travel,1398.0,Sales,22.0,4.0,Other,1.0,567,3.0,Female,69.0,3.0,3.0,Sales Executive,1.0,Married,8412.0,5k-10k,2890.0,0.0,Y,No,11.0,0.11,3.0,3.0,80,3,0.1443960754780973
RM986,31.0,26-35,Yes,Travel Rarely,330.0,Research & Development,22.0,4.0,Medical,1.0,1389,4.0,Male,98.0,3.0,2.0,Manufacturing Director,3.0,Married,6179.0,5k-10k,21057.0,1.0,Y,Yes,15.0,0.15,3.0,4.0,80,3,0.5874764586361074
RM1177,49.0,46-55,No,Travel Rarely,301.0,Research & Development,22.0,4.0,Other,1.0,1655,1.0,Female,72.0,3.0,4.0,Research Director,2.0,Married,16413.0,15k+,3498.0,3.0,Y,No,16.0,0.16,3.0,2.0,80,2,0.13200951485416154
RM047,34.0,26-35,No,Non Travel,1065.0,Sales,23.0,4.0,Marketing,1.0,60,2.0,Male,72.0,3.0,2.0,Sales Executive,3.0,Single,4568.0,Upto 5k,10034.0,0.0,Y,No,20.0,0.2,4.0,3.0,80,0,0.17387234818443395
RM058,35.0,26-35,No,Travel Rarely,1142.0,Research & Development,23.0,4.0,Medical,1.0,75,3.0,Female,30.0,3.0,1.0,Laboratory Technician,1.0,Married,4014.0,Upto 5k,16002.0,3.0,Y,Yes,15.0,0.15,3.0,3.0,80,3,0.3365815935581463
RM288,38.0,36-45,No,Travel Rarely,688.0,Research & Development,23.0,4.0,Life Science,1.0,393,4.0,Male,82.0,3.0,2.0,Healthcare Representative,4.0,Divorced,5745.0,5k-10k,18899.0,9.0,Y,No,14.0,0.14,3.0,2.0,80,1,0.15702767767337006
RM650,53.0,46-55,No,Travel Rarely,102.0,Research & Development,23.0,4.0,Life Science,1.0,901,4.0,Female,72.0,3.0,4.0,Research Director,4.0,Single,14275.0,10k-15k,20206.0,6.0,Y,No,18.0,0.18,3.0,3.0,80,2,0.08215243057129556
RM127,58.0,55+,Yes,Travel Rarely,147.0,Research & Development,23.0,4.0,Medical,1.0,165,4.0,Female,94.0,3.0,3.0,Healthcare Representative,4.0,Married,10312.0,10k-15k,3465.0,1.0,Y,No,12.0,0.12,3.0,4.0,80,2,0.6113347930810382
RM939,58.0,55+,No,Travel Rarely,848.0,Research & Development,23.0,4.0,Life Science,1.0,1308,1.0,Male,88.0,3.0,1.0,Research Scientist,3.0,Divorced,2372.0,Upto 5k,26076.0,1.0,Y,No,12.0,0.12,3.0,4.0,80,3,0.31254247014979314
RM559,32.0,26-35,No,Travel Frequently,430.0,Research & Development,24.0,4.0,Life Science,1.0,772,1.0,Male,80.0,3.0,2.0,Laboratory Technician,4.0,Married,5309.0,5k-10k,21146.0,1.0,Y,No,15.0,0.15,3.0,4.0,80,3,0.2688878192062297
RM306,36.0,36-45,No,Non Travel,1105.0,Research & Development,24.0,4.0,Life Science,1.0,419,2.0,Female,47.0,3.0,2.0,Laboratory Technician,2.0,Married,5674.0,5k-10k,6927.0,7.0,Y,No,15.0,0.15,3.0,3.0,80,1,0.13293696963608603
RM760,45.0,36-45,No,Travel Rarely,788.0,Human Resources,24.0,4.0,Medical,1.0,1049,2.0,Male,36.0,3.0,1.0,Human Resources,2.0,Single,2177.0,Upto 5k,8318.0,1.0,Y,No,16.0,0.16,3.0,1.0,80,3,0.32693020274246015
RM1397,53.0,46-55,Yes,Travel Rarely,1168.0,Sales,24.0,4.0,Life Science,1.0,1968,1.0,Male,66.0,3.0,3.0,Sales Executive,1.0,Single,10448.0,10k-15k,5843.0,6.0,Y,Yes,13.0,0.13,3.0,2.0,80,2,0.7754647742788294
RM657,32.0,26-35,Yes,Travel Rarely,374.0,Research & Development,25.0,4.0,Life Science,1.0,911,1.0,Male,87.0,3.0,1.0,Laboratory Technician,4.0,Single,2795.0,Upto 5k,18016.0,1.0,Y,Yes,24.0,0.24,4.0,3.0,80,0,0.8273218854239967
RM637,35.0,26-35,Yes,Travel Frequently,130.0,Research & Development,25.0,4.0,Life Science,1.0,881,4.0,Female,96.0,3.0,1.0,Research Scientist,2.0,Divorced,2022.0,Upto 5k,16612.0,1.0,Y,Yes,19.0,0.19,3.0,1.0,80,0,0.7014854695192434
RM730,35.0,26-35,No,Travel Rarely,583.0,Research & Development,25.0,4.0,Medical,1.0,1014,3.0,Female,57.0,3.0,3.0,Healthcare Representative,3.0,Divorced,10388.0,10k-15k,6975.0,1.0,Y,Yes,11.0,0.11,3.0,3.0,80,3,0.2411070407644192
RM1148,49.0,46-55,No,Travel Rarely,722.0,Research & Development,25.0,4.0,Life Science,1.0,1617,3.0,Female,84.0,3.0,1.0,Laboratory Technician,1.0,Married,3211.0,Upto 5k,22102.0,1.0,Y,No,14.0,0.14,3.0,4.0,80,3,0.26509798458882294
RM1396,31.0,26-35,Yes,Travel Frequently,754.0,Sales,26.0,4.0,Marketing,1.0,1967,1.0,Male,63.0,3.0,2.0,Sales Executive,4.0,Married,5617.0,5k-10k,21075.0,1.0,Y,Yes,11.0,0.11,3.0,3.0,80,3,0.6705554741693692
RM242,32.0,26-35,No,Non Travel,976.0,Sales,26.0,4.0,Marketing,1.0,333,3.0,Male,100.0,3.0,2.0,Sales Executive,4.0,Married,4465.0,Upto 5k,12069.0,0.0,Y,No,18.0,0.18,3.0,1.0,80,0,0.1408234877798737
RM1451,35.0,26-35,No,Travel Rarely,1146.0,Human Resources,26.0,4.0,Life Science,1.0,2040,3.0,Female,31.0,3.0,3.0,Human Resources,4.0,Single,8837.0,5k-10k,16642.0,1.0,Y,Yes,16.0,0.16,3.0,3.0,80,0,0.12392853096845918
RM1200,36.0,36-45,No,Travel Rarely,1351.0,Research & Development,26.0,4.0,Life Science,1.0,1682,1.0,Male,80.0,3.0,2.0,Healthcare Representative,3.0,Married,5347.0,5k-10k,7419.0,6.0,Y,No,14.0,0.14,3.0,2.0,80,1,0.29090448920298184
RM505,45.0,36-45,Yes,Travel Frequently,306.0,Sales,26.0,4.0,Life Science,1.0,684,1.0,Female,100.0,3.0,2.0,Sales Executive,1.0,Married,4286.0,Upto 5k,5630.0,2.0,Y,No,14.0,0.14,3.0,4.0,80,3,0.5706999401432048
RM1155,47.0,46-55,No,Travel Rarely,1176.0,Human Resources,26.0,4.0,Life Science,1.0,1625,4.0,Female,98.0,3.0,5.0,Manager,3.0,Married,19658.0,15k+,5220.0,3.0,Y,No,11.0,0.11,3.0,3.0,80,2,0.07897567128095745
RM617,51.0,46-55,No,Travel Rarely,1318.0,Sales,26.0,4.0,Marketing,1.0,851,1.0,Female,66.0,3.0,4.0,Manager,3.0,Married,16307.0,15k+,5594.0,2.0,Y,No,14.0,0.14,3.0,3.0,80,2,0.11162933225666731
RM1233,35.0,26-35,No,Travel Rarely,1370.0,Research & Development,27.0,4.0,Life Science,1.0,1728,4.0,Male,49.0,3.0,2.0,Manufacturing Director,3.0,Married,6883.0,5k-10k,5151.0,2.0,Y,No,16.0,0.16,3.0,2.0,80,3,0.10803743601069546
RM809,29.0,26-35,No,Travel Rarely,1107.0,Research & Development,28.0,4.0,Life Science,1.0,1120,3.0,Female,93.0,3.0,1.0,Research Scientist,4.0,Divorced,2514.0,Upto 5k,26968.0,4.0,Y,No,22.0,0.22,4.0,1.0,80,0,0.11567812435058791
RM1096,33.0,26-35,No,Travel Rarely,589.0,Research & Development,28.0,4.0,Life Science,1.0,1549,2.0,Male,79.0,3.0,2.0,Laboratory Technician,3.0,Married,5207.0,5k-10k,22949.0,1.0,Y,Yes,12.0,0.12,3.0,2.0,80,3,0.4620114098802973
RM1110,30.0,26-35,No,Travel Rarely,1288.0,Sales,29.0,4.0,Technical Degree,1.0,1568,3.0,Male,33.0,3.0,3.0,Sales Executive,2.0,Married,9250.0,5k-10k,17799.0,3.0,Y,No,12.0,0.12,3.0,2.0,80,3,0.2152615824104401
RM866,30.0,26-35,No,Travel Rarely,1329.0,Sales,29.0,4.0,Life Science,1.0,1211,3.0,Male,61.0,3.0,2.0,Sales Executive,1.0,Divorced,4115.0,Upto 5k,13192.0,8.0,Y,No,19.0,0.19,3.0,3.0,80,1,0.2357788908088711
RM757,32.0,26-35,No,Non Travel,1109.0,Research & Development,29.0,4.0,Medical,1.0,1046,4.0,Female,69.0,3.0,1.0,Laboratory Technician,3.0,Single,4025.0,Upto 5k,11135.0,9.0,Y,No,12.0,0.12,3.0,2.0,80,1,0.21737271786832565
RM876,44.0,36-45,No,Travel Rarely,200.0,Research & Development,29.0,4.0,Other,1.0,1225,4.0,Male,32.0,3.0,2.0,Research Scientist,4.0,Single,4541.0,Upto 5k,7744.0,1.0,Y,No,25.0,0.25,4.0,2.0,80,0,0.10747598690992637
RM272,47.0,46-55,Yes,Non Travel,666.0,Research & Development,29.0,4.0,Life Science,1.0,376,1.0,Male,88.0,3.0,3.0,Manager,2.0,Married,11849.0,10k-15k,10268.0,1.0,Y,Yes,12.0,0.12,3.0,4.0,80,2,0.5775868894451887
RM1435,52.0,46-55,No,Non Travel,585.0,Sales,29.0,4.0,Life Science,1.0,2019,1.0,Male,40.0,3.0,1.0,Sales Representative,4.0,Divorced,3482.0,Upto 5k,19788.0,2.0,Y,No,15.0,0.15,3.0,2.0,80,0,0.15293896285789269
RM504,34.0,26-35,No,Travel Rarely,1397.0,Research & Development,1.0,5.0,Life Science,1.0,683,2.0,Male,42.0,3.0,1.0,Research Scientist,4.0,Married,2691.0,Upto 5k,7660.0,1.0,Y,No,12.0,0.12,3.0,4.0,80,3,0.14417628818046696
RM152,35.0,26-35,No,Travel Rarely,662.0,Sales,1.0,5.0,Marketing,1.0,204,3.0,Male,94.0,3.0,3.0,Sales Executive,2.0,Married,7295.0,5k-10k,11439.0,1.0,Y,No,13.0,0.13,3.0,1.0,80,3,0.2018927896947293
RM359,36.0,36-45,No,Non Travel,845.0,Sales,1.0,5.0,Medical,1.0,479,4.0,Female,45.0,3.0,2.0,Sales Executive,4.0,Single,6653.0,5k-10k,15276.0,4.0,Y,No,15.0,0.15,3.0,2.0,80,1,0.17670402152273487
RM053,44.0,36-45,No,Travel Rarely,1488.0,Sales,1.0,5.0,Marketing,1.0,68,2.0,Female,75.0,3.0,2.0,Sales Executive,1.0,Divorced,5454.0,5k-10k,4009.0,5.0,Y,Yes,21.0,0.21,4.0,3.0,80,1,0.09291762100571202
RM1052,44.0,36-45,No,Travel Frequently,383.0,Sales,1.0,5.0,Marketing,1.0,1481,1.0,Female,79.0,3.0,2.0,Sales Executive,3.0,Married,4768.0,Upto 5k,9282.0,7.0,Y,No,12.0,0.12,3.0,3.0,80,1,0.24987995164795782
RM1166,44.0,36-45,No,Travel Frequently,602.0,Human Resources,1.0,5.0,Human Resources,1.0,1642,1.0,Male,37.0,3.0,2.0,Human Resources,4.0,Married,5743.0,5k-10k,10503.0,4.0,Y,Yes,11.0,0.11,3.0,3.0,80,1,0.1369569941834577
RM560,38.0,36-45,No,Travel Rarely,268.0,Research & Development,2.0,5.0,Medical,1.0,773,4.0,Male,92.0,3.0,1.0,Research Scientist,3.0,Married,3057.0,Upto 5k,20471.0,6.0,Y,Yes,13.0,0.13,3.0,2.0,80,1,0.3356346238166677
RM467,41.0,36-45,No,Travel Rarely,1276.0,Sales,2.0,5.0,Life Science,1.0,625,2.0,Female,91.0,3.0,4.0,Manager,1.0,Married,16595.0,15k+,5626.0,7.0,Y,No,16.0,0.16,3.0,2.0,80,2,0.10893033675103155
RM445,48.0,46-55,No,Travel Rarely,163.0,Sales,2.0,5.0,Marketing,1.0,595,2.0,Female,37.0,3.0,2.0,Sales Executive,4.0,Married,4051.0,Upto 5k,19658.0,2.0,Y,No,14.0,0.14,3.0,1.0,80,3,0.1734243553466293
RM143,38.0,36-45,No,Travel Rarely,364.0,Research & Development,3.0,5.0,Technical Degree,1.0,193,4.0,Female,32.0,3.0,2.0,Research Scientist,3.0,Single,4317.0,Upto 5k,2302.0,3.0,Y,Yes,20.0,0.2,4.0,2.0,80,0,0.1451746746834551
RM330,47.0,46-55,No,Travel Rarely,1482.0,Research & Development,5.0,5.0,Life Science,1.0,447,4.0,Male,42.0,3.0,5.0,Research Director,3.0,Married,18300.0,15k+,16375.0,4.0,Y,No,11.0,0.11,3.0,2.0,80,2,0.04829104155751219
RM170,32.0,26-35,No,Travel Rarely,120.0,Research & Development,6.0,5.0,Life Science,1.0,231,3.0,Male,43.0,3.0,1.0,Research Scientist,3.0,Single,3038.0,Upto 5k,12430.0,3.0,Y,No,20.0,0.2,4.0,1.0,80,0,0.32829472189031833
RM1027,32.0,26-35,No,Travel Rarely,601.0,Sales,7.0,5.0,Marketing,1.0,1446,4.0,Male,97.0,3.0,2.0,Sales Executive,4.0,Married,9204.0,5k-10k,23343.0,4.0,Y,No,12.0,0.12,3.0,3.0,80,3,0.17568280653016305
RM1015,31.0,26-35,No,Travel Rarely,182.0,Research & Development,8.0,5.0,Life Science,1.0,1430,1.0,Female,93.0,3.0,4.0,Research Director,2.0,Single,16422.0,15k+,8847.0,3.0,Y,No,11.0,0.11,3.0,3.0,80,2,0.13351504890577073
RM1075,33.0,26-35,No,Travel Rarely,516.0,Research & Development,8.0,5.0,Life Science,1.0,1515,4.0,Male,69.0,3.0,2.0,Healthcare Representative,3.0,Single,6388.0,5k-10k,22049.0,2.0,Y,Yes,17.0,0.17,3.0,1.0,80,0,0.23011191977111836
RM561,34.0,26-35,No,Travel Rarely,167.0,Research & Development,8.0,5.0,Life Science,1.0,775,2.0,Female,32.0,3.0,2.0,Manufacturing Director,1.0,Divorced,5121.0,5k-10k,4187.0,3.0,Y,No,14.0,0.14,3.0,3.0,80,3,0.12073303887527224
RM492,43.0,36-45,No,Travel Frequently,1001.0,Research & Development,9.0,5.0,Medical,1.0,663,4.0,Male,72.0,3.0,2.0,Laboratory Technician,3.0,Divorced,5679.0,5k-10k,19627.0,3.0,Y,Yes,13.0,0.13,3.0,2.0,80,3,0.16553582250509333
RM1149,39.0,36-45,No,Travel Rarely,1387.0,Research & Development,10.0,5.0,Medical,1.0,1618,2.0,Male,76.0,3.0,2.0,Manufacturing Director,1.0,Married,5377.0,5k-10k,3835.0,2.0,Y,No,13.0,0.13,3.0,4.0,80,3,0.13221830539806084
RM057,35.0,26-35,No,Travel Frequently,853.0,Sales,18.0,5.0,Life Science,1.0,74,2.0,Male,71.0,3.0,3.0,Sales Executive,1.0,Married,9069.0,5k-10k,11031.0,1.0,Y,No,22.0,0.22,4.0,4.0,80,0,0.19888762637896604
RM446,55.0,46-55,No,Travel Rarely,1117.0,Sales,18.0,5.0,Life Science,1.0,597,1.0,Female,83.0,3.0,4.0,Manager,2.0,Single,16835.0,15k+,9873.0,3.0,Y,No,23.0,0.23,4.0,4.0,80,2,0.07555210964953848
RM1139,50.0,46-55,No,Travel Frequently,1234.0,Research & Development,20.0,5.0,Medical,1.0,1606,2.0,Male,41.0,3.0,4.0,Healthcare Representative,3.0,Married,11245.0,10k-15k,20689.0,2.0,Y,Yes,15.0,0.15,3.0,3.0,80,2,0.14566055437941405
RM1185,54.0,46-55,No,Travel Rarely,584.0,Research & Development,22.0,5.0,Medical,1.0,1665,2.0,Female,91.0,3.0,4.0,Manager,3.0,Married,17426.0,15k+,18685.0,3.0,Y,No,25.0,0.25,4.0,3.0,80,2,0.07146429793199972
RM349,42.0,36-45,No,Travel Rarely,810.0,Research & Development,23.0,5.0,Life Science,1.0,468,1.0,Female,44.0,3.0,4.0,Research Director,4.0,Single,15992.0,15k+,15901.0,2.0,Y,No,14.0,0.14,3.0,2.0,80,2,0.06560313746686515
RM399,37.0,36-45,No,Non Travel,1063.0,Research & Development,25.0,5.0,Medical,1.0,529,2.0,Female,72.0,3.0,2.0,Research Scientist,3.0,Married,4449.0,Upto 5k,23866.0,3.0,Y,Yes,15.0,0.15,3.0,1.0,80,3,0.21781305943574789
RM888,42.0,36-45,No,Travel Frequently,458.0,Research & Development,26.0,5.0,Medical,1.0,1242,1.0,Female,60.0,3.0,3.0,Research Director,1.0,Married,13191.0,10k-15k,23281.0,3.0,Y,Yes,17.0,0.17,3.0,3.0,80,2,0.17830579444551456
RM546,30.0,26-35,No,Travel Rarely,501.0,Sales,27.0,5.0,Marketing,1.0,747,3.0,Male,99.0,3.0,2.0,Sales Executive,4.0,Divorced,5304.0,5k-10k,25275.0,7.0,Y,No,23.0,0.23,4.0,4.0,80,0,0.17146922523516203
RM062,38.0,36-45,No,Travel Frequently,653.0,Research & Development,29.0,5.0,Life Science,1.0,79,4.0,Female,50.0,3.0,2.0,Laboratory Technician,4.0,Single,2406.0,Upto 5k,5456.0,1.0,Y,No,11.0,0.11,3.0,4.0,80,3,0.12412146761635595
RM1175,25.0,18-25,No,Travel Frequently,772.0,Research & Development,2.0,1.0,Life Science,1.0,1653,4.0,Male,77.0,4.0,2.0,Manufacturing Director,3.0,Divorced,5206.0,5k-10k,4973.0,1.0,Y,No,17.0,0.17,3.0,3.0,80,3,0.09073556906743474
RM619,25.0,18-25,No,Travel Rarely,180.0,Research & Development,2.0,1.0,Medical,1.0,854,1.0,Male,65.0,4.0,1.0,Research Scientist,1.0,Single,3424.0,Upto 5k,21632.0,7.0,Y,No,13.0,0.13,3.0,3.0,80,1,0.338625443110982
RM979,40.0,36-45,No,Travel Rarely,1202.0,Research & Development,2.0,1.0,Medical,1.0,1375,2.0,Female,89.0,4.0,2.0,Healthcare Representative,3.0,Divorced,6377.0,5k-10k,13888.0,5.0,Y,No,20.0,0.2,4.0,2.0,80,1,0.10044267563883409
RM892,44.0,36-45,No,Travel Rarely,1117.0,Research & Development,2.0,1.0,Life Science,1.0,1246,1.0,Female,72.0,4.0,1.0,Research Scientist,4.0,Married,2011.0,Upto 5k,19982.0,1.0,Y,No,13.0,0.13,3.0,4.0,80,3,0.11491332923284785
RM521,48.0,46-55,No,Travel Rarely,817.0,Sales,2.0,1.0,Marketing,1.0,712,2.0,Male,56.0,4.0,2.0,Sales Executive,2.0,Married,8120.0,5k-10k,18597.0,3.0,Y,No,12.0,0.12,3.0,4.0,80,1,0.18284045105485247
RM522,27.0,26-35,No,Travel Frequently,1410.0,Sales,3.0,1.0,Medical,1.0,714,4.0,Female,71.0,4.0,2.0,Sales Executive,4.0,Divorced,4647.0,Upto 5k,16673.0,1.0,Y,Yes,20.0,0.2,4.0,2.0,80,0,0.10111261379984494
RM050,35.0,26-35,No,Travel Rarely,1229.0,Research & Development,8.0,1.0,Life Science,1.0,63,4.0,Male,36.0,4.0,1.0,Laboratory Technician,4.0,Married,2269.0,Upto 5k,4892.0,1.0,Y,No,19.0,0.19,3.0,4.0,80,0,0.11552335194920883
RM566,23.0,18-25,No,Travel Rarely,310.0,Research & Development,10.0,1.0,Medical,1.0,784,1.0,Male,79.0,4.0,1.0,Research Scientist,3.0,Single,3505.0,Upto 5k,19630.0,1.0,Y,No,18.0,0.18,3.0,4.0,80,0,0.31094405373821155
RM994,25.0,18-25,No,Travel Rarely,1372.0,Sales,18.0,1.0,Life Science,1.0,1399,1.0,Male,93.0,4.0,2.0,Sales Executive,3.0,Married,6232.0,5k-10k,12477.0,2.0,Y,No,11.0,0.11,3.0,2.0,80,3,0.16639603023896618
RM524,50.0,46-55,No,Travel Rarely,1207.0,Research & Development,28.0,1.0,Medical,1.0,716,4.0,Male,74.0,4.0,1.0,Laboratory Technician,3.0,Married,3221.0,Upto 5k,3297.0,1.0,Y,Yes,11.0,0.11,3.0,3.0,80,3,0.38160507751895734
RM1054,57.0,55+,No,Travel Rarely,405.0,Research & Development,1.0,2.0,Life Science,1.0,1483,2.0,Male,93.0,4.0,2.0,Research Scientist,3.0,Married,4900.0,Upto 5k,2721.0,0.0,Y,No,24.0,0.24,4.0,1.0,80,0,0.1913202955502237
RM734,26.0,26-35,No,Travel Rarely,1066.0,Research & Development,2.0,2.0,Medical,1.0,1018,4.0,Male,32.0,4.0,2.0,Manufacturing Director,4.0,Married,5472.0,5k-10k,3334.0,1.0,Y,No,12.0,0.12,3.0,2.0,80,3,0.09877469033202554
RM1351,27.0,26-35,No,Travel Rarely,511.0,Sales,2.0,2.0,Medical,1.0,1898,1.0,Female,89.0,4.0,2.0,Sales Executive,3.0,Single,6500.0,5k-10k,26997.0,0.0,Y,No,14.0,0.14,3.0,2.0,80,3,0.2072891793616807
RM583,40.0,36-45,No,Travel Frequently,791.0,Research & Development,2.0,2.0,Medical,1.0,807,3.0,Female,38.0,4.0,2.0,Healthcare Representative,2.0,Married,4244.0,Upto 5k,9931.0,1.0,Y,No,24.0,0.24,4.0,4.0,80,0,0.06940430917135133
RM036,43.0,36-45,No,Travel Rarely,1273.0,Research & Development,2.0,2.0,Medical,1.0,46,4.0,Female,72.0,4.0,1.0,Research Scientist,3.0,Divorced,2645.0,Upto 5k,21923.0,1.0,Y,No,12.0,0.12,3.0,4.0,80,3,0.10556459348425201
RM902,48.0,46-55,No,Travel Rarely,969.0,Research & Development,2.0,2.0,Technical Degree,1.0,1258,4.0,Male,76.0,4.0,1.0,Laboratory Technician,2.0,Single,2559.0,Upto 5k,16620.0,5.0,Y,No,11.0,0.11,3.0,3.0,80,1,0.2285469461548517
RM1184,36.0,36-45,No,Travel Rarely,1040.0,Research & Development,3.0,2.0,Life Science,1.0,1664,4.0,Male,79.0,4.0,2.0,Healthcare Representative,1.0,Divorced,6842.0,5k-10k,26308.0,6.0,Y,No,20.0,0.2,4.0,1.0,80,1,0.14988854985225003
RM923,44.0,36-45,No,Travel Rarely,1199.0,Research & Development,4.0,2.0,Life Science,1.0,1288,3.0,Male,92.0,4.0,5.0,Manager,1.0,Divorced,19190.0,15k+,17477.0,1.0,Y,No,14.0,0.14,3.0,4.0,80,2,0.054698507028047794
RM268,25.0,18-25,No,Non Travel,675.0,Research & Development,5.0,2.0,Life Science,1.0,369,2.0,Male,85.0,4.0,2.0,Healthcare Representative,1.0,Divorced,4000.0,Upto 5k,18384.0,1.0,Y,No,12.0,0.12,3.0,4.0,80,3,0.10530081882050192
RM017,32.0,26-35,No,Travel Rarely,334.0,Research & Development,5.0,2.0,Life Science,1.0,21,1.0,Male,80.0,4.0,1.0,Research Scientist,2.0,Divorced,3298.0,Upto 5k,15053.0,0.0,Y,Yes,12.0,0.12,3.0,4.0,80,3,0.28322091220751117
RM1376,32.0,26-35,Yes,Travel Frequently,238.0,Research & Development,5.0,2.0,Life Science,1.0,1939,1.0,Female,47.0,4.0,1.0,Research Scientist,3.0,Single,2432.0,Upto 5k,15318.0,3.0,Y,Yes,14.0,0.14,3.0,1.0,80,3,0.7738452036826586
RM1023,37.0,36-45,No,Non Travel,1413.0,Research & Development,5.0,2.0,Technical Degree,1.0,1440,3.0,Male,84.0,4.0,1.0,Laboratory Technician,3.0,Single,3500.0,Upto 5k,25470.0,0.0,Y,No,14.0,0.14,3.0,1.0,80,3,0.1827743682278249
RM278,38.0,36-45,No,Travel Rarely,322.0,Sales,7.0,2.0,Medical,1.0,382,1.0,Female,44.0,4.0,2.0,Sales Executive,1.0,Divorced,5605.0,5k-10k,19191.0,1.0,Y,Yes,24.0,0.24,4.0,3.0,80,0,0.20929289183551175
RM784,41.0,36-45,No,Travel Rarely,509.0,Research & Development,7.0,2.0,Technical Degree,1.0,1085,2.0,Female,43.0,4.0,1.0,Research Scientist,3.0,Married,3376.0,Upto 5k,18863.0,1.0,Y,No,13.0,0.13,3.0,3.0,80,3,0.18072025840507158
RM731,30.0,26-35,No,Travel Rarely,153.0,Research & Development,8.0,2.0,Life Science,1.0,1015,2.0,Female,73.0,4.0,3.0,Research Director,1.0,Married,11416.0,10k-15k,17802.0,0.0,Y,Yes,12.0,0.12,3.0,3.0,80,3,0.1126054458628689
RM1036,31.0,26-35,No,Travel Rarely,1398.0,Human Resources,8.0,2.0,Medical,1.0,1461,4.0,Female,96.0,4.0,1.0,Human Resources,2.0,Single,2109.0,Upto 5k,24609.0,9.0,Y,No,18.0,0.18,3.0,4.0,80,1,0.2735559308732341
RM627,32.0,26-35,No,Travel Rarely,638.0,Research & Development,8.0,2.0,Medical,1.0,865,3.0,Female,91.0,4.0,2.0,Research Scientist,3.0,Married,5175.0,5k-10k,22162.0,5.0,Y,No,12.0,0.12,3.0,3.0,80,1,0.21140088264500706
RM1301,34.0,26-35,No,Travel Rarely,810.0,Sales,8.0,2.0,Technical Degree,1.0,1823,2.0,Male,92.0,4.0,2.0,Sales Executive,3.0,Married,6799.0,5k-10k,22128.0,1.0,Y,No,21.0,0.21,4.0,3.0,80,0,0.1519194544478884
RM523,37.0,36-45,No,Travel Rarely,1225.0,Research & Development,10.0,2.0,Life Science,1.0,715,4.0,Male,80.0,4.0,1.0,Research Scientist,4.0,Single,4680.0,Upto 5k,15232.0,3.0,Y,No,17.0,0.17,3.0,1.0,80,0,0.17764849809128408
RM021,24.0,18-25,No,Non Travel,673.0,Research & Development,11.0,2.0,Other,1.0,26,1.0,Female,96.0,4.0,2.0,Manufacturing Director,3.0,Divorced,4011.0,Upto 5k,8232.0,0.0,Y,No,18.0,0.18,3.0,4.0,80,0,0.14322219992389995
RM185,53.0,46-55,No,Travel Rarely,1084.0,Research & Development,13.0,2.0,Medical,1.0,250,4.0,Female,57.0,4.0,2.0,Manufacturing Director,1.0,Divorced,4450.0,Upto 5k,26250.0,1.0,Y,No,11.0,0.11,3.0,3.0,80,3,0.09671309796182902
RM018,22.0,18-25,No,Non Travel,1123.0,Research & Development,16.0,2.0,Medical,1.0,22,4.0,Male,96.0,4.0,1.0,Laboratory Technician,4.0,Divorced,2935.0,Upto 5k,7324.0,1.0,Y,Yes,13.0,0.13,3.0,2.0,80,3,0.20408361111011408
RM303,28.0,26-35,No,Travel Rarely,1476.0,Research & Development,16.0,2.0,Medical,1.0,412,2.0,Male,68.0,4.0,2.0,Healthcare Representative,1.0,Single,5661.0,5k-10k,4824.0,0.0,Y,No,19.0,0.19,3.0,3.0,80,0,0.20628261980243814
RM254,42.0,36-45,No,Travel Rarely,916.0,Research & Development,17.0,2.0,Life Science,1.0,347,4.0,Female,82.0,4.0,2.0,Research Scientist,1.0,Single,6545.0,5k-10k,23016.0,3.0,Y,Yes,13.0,0.13,3.0,3.0,80,1,0.2203775023522794
RM595,29.0,26-35,No,Travel Rarely,1252.0,Research & Development,23.0,2.0,Life Science,1.0,824,3.0,Male,81.0,4.0,1.0,Research Scientist,3.0,Married,2700.0,Upto 5k,23779.0,1.0,Y,No,24.0,0.24,4.0,3.0,80,0,0.18037365804548305
RM1466,36.0,36-45,No,Travel Frequently,884.0,Research & Development,23.0,2.0,Medical,1.0,2061,3.0,Male,41.0,4.0,2.0,Laboratory Technician,4.0,Married,2571.0,Upto 5k,12290.0,4.0,Y,No,17.0,0.17,3.0,3.0,80,0,0.18155822209081568
RM164,57.0,55+,No,Travel Rarely,334.0,Research & Development,24.0,2.0,Life Science,1.0,223,3.0,Male,83.0,4.0,3.0,Healthcare Representative,4.0,Divorced,9439.0,5k-10k,23402.0,3.0,Y,Yes,16.0,0.16,3.0,2.0,80,2,0.18591324505743057
RM567,47.0,46-55,Yes,Travel Frequently,719.0,Sales,27.0,2.0,Life Science,1.0,785,2.0,Female,77.0,4.0,2.0,Sales Executive,3.0,Single,6397.0,5k-10k,10339.0,4.0,Y,Yes,12.0,0.12,3.0,4.0,80,1,0.7162934406189102
RM995,52.0,46-55,No,Travel Frequently,322.0,Research & Development,28.0,2.0,Medical,1.0,1401,4.0,Female,59.0,4.0,4.0,Manufacturing Director,3.0,Married,13247.0,10k-15k,9731.0,2.0,Y,Yes,11.0,0.11,3.0,2.0,80,2,0.0972544948271724
RM1251,29.0,26-35,No,Travel Frequently,461.0,Research & Development,1.0,3.0,Life Science,1.0,1753,4.0,Male,70.0,4.0,2.0,Healthcare Representative,3.0,Single,6294.0,5k-10k,23060.0,8.0,Y,Yes,12.0,0.12,3.0,4.0,80,1,0.21890407630050968
RM040,33.0,26-35,No,Travel Frequently,1141.0,Sales,1.0,3.0,Life Science,1.0,52,3.0,Female,42.0,4.0,2.0,Sales Executive,1.0,Married,5376.0,5k-10k,3193.0,2.0,Y,No,19.0,0.19,3.0,1.0,80,0,0.17815682267162927
RM620,33.0,26-35,No,Travel Rarely,586.0,Sales,1.0,3.0,Medical,1.0,855,1.0,Male,48.0,4.0,2.0,Sales Executive,1.0,Divorced,4037.0,Upto 5k,21816.0,1.0,Y,No,22.0,0.22,4.0,1.0,80,0,0.15245940582039202
RM827,38.0,36-45,No,Travel Rarely,433.0,Human Resources,1.0,3.0,Human Resources,1.0,1152,3.0,Male,37.0,4.0,1.0,Human Resources,3.0,Married,2844.0,Upto 5k,6004.0,1.0,Y,No,13.0,0.13,3.0,4.0,80,3,0.15444029724383695
RM305,39.0,36-45,No,Travel Rarely,1132.0,Research & Development,1.0,3.0,Medical,1.0,417,3.0,Male,48.0,4.0,3.0,Healthcare Representative,4.0,Divorced,9613.0,5k-10k,10942.0,0.0,Y,No,17.0,0.17,3.0,1.0,80,0,0.06571469052763078
RM404,41.0,36-45,No,Travel Rarely,645.0,Sales,1.0,3.0,Marketing,1.0,534,2.0,Male,49.0,4.0,3.0,Sales Executive,1.0,Married,8392.0,5k-10k,19566.0,1.0,Y,No,16.0,0.16,3.0,3.0,80,3,0.20123087704127007
RM245,45.0,36-45,No,Travel Rarely,252.0,Research & Development,1.0,3.0,Other,1.0,336,3.0,Male,70.0,4.0,5.0,Manager,4.0,Married,19202.0,15k+,15970.0,0.0,Y,No,11.0,0.11,3.0,3.0,80,2,0.05827057700124582
RM1215,44.0,36-45,No,Travel Rarely,921.0,Research & Development,2.0,3.0,Life Science,1.0,1703,3.0,Female,96.0,4.0,3.0,Healthcare Representative,4.0,Married,7879.0,5k-10k,14810.0,1.0,Y,Yes,19.0,0.19,3.0,2.0,80,0,0.08738017722132718
RM1044,53.0,46-55,No,Travel Rarely,447.0,Research & Development,2.0,3.0,Medical,1.0,1472,4.0,Male,39.0,4.0,4.0,Research Director,2.0,Single,16598.0,15k+,19764.0,4.0,Y,No,12.0,0.12,3.0,2.0,80,2,0.0593772167602918
RM552,39.0,36-45,No,Travel Rarely,141.0,Human Resources,3.0,3.0,Human Resources,1.0,760,3.0,Female,44.0,4.0,2.0,Human Resources,2.0,Married,6389.0,5k-10k,18767.0,9.0,Y,No,15.0,0.15,3.0,3.0,80,1,0.079329461080668
RM644,42.0,36-45,No,Travel Rarely,1265.0,Research & Development,3.0,3.0,Life Science,1.0,894,3.0,Female,95.0,4.0,2.0,Laboratory Technician,4.0,Married,5231.0,5k-10k,23726.0,2.0,Y,Yes,13.0,0.13,3.0,2.0,80,3,0.12284957759295305
RM1328,46.0,46-55,No,Travel Rarely,1319.0,Sales,3.0,3.0,Technical Degree,1.0,1863,1.0,Female,45.0,4.0,4.0,Sales Executive,1.0,Divorced,13225.0,10k-15k,7739.0,2.0,Y,No,12.0,0.12,3.0,4.0,80,2,0.0812111709273961
RM007,59.0,55+,No,Travel Rarely,1324.0,Research & Development,3.0,3.0,Medical,1.0,10,3.0,Female,81.0,4.0,1.0,Laboratory Technician,1.0,Married,2670.0,Upto 5k,9964.0,4.0,Y,Yes,20.0,0.2,4.0,1.0,80,1,0.27495635745908203
RM517,23.0,18-25,No,Travel Rarely,885.0,Research & Development,4.0,3.0,Medical,1.0,705,1.0,Male,58.0,4.0,1.0,Research Scientist,1.0,Married,2819.0,Upto 5k,8544.0,2.0,Y,No,16.0,0.16,3.0,1.0,80,3,0.3008881474899937
RM1468,27.0,26-35,No,Travel Rarely,155.0,Research & Development,4.0,3.0,Life Science,1.0,2064,2.0,Male,87.0,4.0,2.0,Manufacturing Director,2.0,Married,6142.0,5k-10k,5174.0,1.0,Y,Yes,20.0,0.2,4.0,2.0,80,0,0.14719941129938224
RM1361,31.0,26-35,No,Travel Rarely,471.0,Research & Development,4.0,3.0,Medical,1.0,1916,1.0,Female,62.0,4.0,1.0,Laboratory Technician,3.0,Divorced,3978.0,Upto 5k,16031.0,8.0,Y,No,12.0,0.12,3.0,2.0,80,1,0.3503273796783204
RM207,22.0,18-25,No,Travel Rarely,1136.0,Research & Development,5.0,3.0,Life Science,1.0,284,4.0,Male,60.0,4.0,1.0,Research Scientist,2.0,Divorced,2328.0,Upto 5k,12392.0,1.0,Y,Yes,16.0,0.16,3.0,1.0,80,3,0.5040915423832278
RM1295,41.0,36-45,No,Travel Rarely,447.0,Research & Development,5.0,3.0,Life Science,1.0,1814,2.0,Male,85.0,4.0,2.0,Healthcare Representative,2.0,Single,6870.0,5k-10k,15530.0,3.0,Y,No,12.0,0.12,3.0,1.0,80,1,0.16694773818292075
RM586,23.0,18-25,Yes,Travel Rarely,1243.0,Research & Development,6.0,3.0,Life Science,1.0,811,3.0,Male,63.0,4.0,1.0,Laboratory Technician,1.0,Married,1601.0,Upto 5k,3445.0,1.0,Y,Yes,21.0,0.21,4.0,3.0,80,0,0.7227685347176767
RM1362,26.0,26-35,No,Travel Frequently,1096.0,Research & Development,6.0,3.0,Other,1.0,1918,3.0,Male,61.0,4.0,1.0,Laboratory Technician,4.0,Married,2544.0,Upto 5k,7102.0,0.0,Y,No,18.0,0.18,3.0,1.0,80,0,0.20797981602710405
RM075,36.0,36-45,No,Travel Rarely,132.0,Research & Development,6.0,3.0,Life Science,1.0,97,2.0,Female,55.0,4.0,1.0,Laboratory Technician,4.0,Married,3038.0,Upto 5k,22002.0,3.0,Y,No,12.0,0.12,3.0,2.0,80,3,0.12209730235842159
RM354,37.0,36-45,No,Travel Rarely,1319.0,Research & Development,6.0,3.0,Medical,1.0,474,3.0,Male,51.0,4.0,2.0,Research Scientist,1.0,Divorced,5974.0,5k-10k,17001.0,4.0,Y,Yes,13.0,0.13,3.0,1.0,80,1,0.19290997648403113
RM1125,39.0,36-45,No,Travel Rarely,1462.0,Sales,6.0,3.0,Medical,1.0,1588,4.0,Male,38.0,4.0,3.0,Sales Executive,3.0,Married,8237.0,5k-10k,4658.0,2.0,Y,No,11.0,0.11,3.0,1.0,80,3,0.2127879205187758
RM402,56.0,55+,No,Travel Frequently,906.0,Sales,6.0,3.0,Life Science,1.0,532,3.0,Female,86.0,4.0,4.0,Sales Executive,1.0,Married,13212.0,10k-15k,18256.0,9.0,Y,No,11.0,0.11,3.0,4.0,80,1,0.24446070331495595
RM1005,26.0,26-35,No,Travel Rarely,652.0,Research & Development,7.0,3.0,Other,1.0,1417,3.0,Male,100.0,4.0,1.0,Laboratory Technician,1.0,Single,3578.0,Upto 5k,23577.0,0.0,Y,No,12.0,0.12,3.0,4.0,80,3,0.27159729932868715
RM304,31.0,26-35,No,Travel Rarely,218.0,Sales,7.0,3.0,Technical Degree,1.0,416,2.0,Male,100.0,4.0,2.0,Sales Executive,4.0,Married,6929.0,5k-10k,12241.0,4.0,Y,No,11.0,0.11,3.0,2.0,80,3,0.2111309968656113
RM261,32.0,26-35,No,Travel Frequently,1311.0,Research & Development,7.0,3.0,Life Science,1.0,359,2.0,Male,100.0,4.0,1.0,Laboratory Technician,2.0,Married,2794.0,Upto 5k,26062.0,1.0,Y,No,20.0,0.2,4.0,3.0,80,0,0.18309248267662062
RM969,36.0,36-45,No,Travel Frequently,607.0,Sales,7.0,3.0,Marketing,1.0,1362,1.0,Female,83.0,4.0,2.0,Sales Executive,1.0,Married,4639.0,Upto 5k,2261.0,2.0,Y,No,16.0,0.16,3.0,4.0,80,3,0.20755757699911373
RM983,38.0,36-45,No,Travel Frequently,693.0,Research & Development,7.0,3.0,Life Science,1.0,1382,4.0,Male,57.0,4.0,1.0,Research Scientist,3.0,Divorced,2610.0,Upto 5k,15748.0,1.0,Y,No,11.0,0.11,3.0,4.0,80,3,0.18646001948282148
RM194,43.0,36-45,No,Non Travel,1344.0,Research & Development,7.0,3.0,Medical,1.0,262,4.0,Male,37.0,4.0,1.0,Research Scientist,4.0,Divorced,2089.0,Upto 5k,5228.0,4.0,Y,No,14.0,0.14,3.0,4.0,80,1,0.07880633529953422
RM535,53.0,46-55,No,Travel Rarely,970.0,Research & Development,7.0,3.0,Life Science,1.0,730,3.0,Male,59.0,4.0,4.0,Research Director,3.0,Married,14814.0,10k-15k,13514.0,3.0,Y,No,19.0,0.19,3.0,3.0,80,2,0.03788990019760795
RM518,25.0,18-25,No,Travel Rarely,810.0,Sales,8.0,3.0,Life Science,1.0,707,4.0,Male,57.0,4.0,2.0,Sales Executive,2.0,Married,4851.0,Upto 5k,15678.0,0.0,Y,No,22.0,0.22,4.0,3.0,80,0,0.1151763746954902
RM1170,27.0,26-35,No,Travel Rarely,486.0,Research & Development,8.0,3.0,Medical,1.0,1647,2.0,Female,86.0,4.0,1.0,Research Scientist,3.0,Married,3517.0,Upto 5k,22490.0,7.0,Y,No,17.0,0.17,3.0,1.0,80,1,0.32137687956603195
RM936,32.0,26-35,No,Travel Rarely,604.0,Sales,8.0,3.0,Medical,1.0,1304,3.0,Male,56.0,4.0,2.0,Sales Executive,4.0,Married,6209.0,5k-10k,11693.0,1.0,Y,No,15.0,0.15,3.0,3.0,80,3,0.1719500306450387
RM1470,34.0,26-35,No,Travel Rarely,628.0,Research & Development,8.0,3.0,Medical,1.0,2068,2.0,Male,82.0,4.0,2.0,Laboratory Technician,3.0,Married,4404.0,Upto 5k,10228.0,2.0,Y,No,12.0,0.12,3.0,1.0,80,3,0.24480054548545643
RM542,36.0,36-45,No,Non Travel,427.0,Research & Development,8.0,3.0,Life Science,1.0,742,1.0,Female,63.0,4.0,3.0,Research Director,1.0,Married,11713.0,10k-15k,20335.0,9.0,Y,No,14.0,0.14,3.0,1.0,80,1,0.19192792377542048
RM1218,24.0,18-25,No,Travel Rarely,581.0,Research & Development,9.0,3.0,Medical,1.0,1707,3.0,Male,62.0,4.0,1.0,Research Scientist,3.0,Married,4401.0,Upto 5k,17616.0,1.0,Y,No,16.0,0.16,3.0,4.0,80,3,0.14979499855653178
RM1105,29.0,26-35,No,Travel Rarely,598.0,Research & Development,9.0,3.0,Life Science,1.0,1558,3.0,Male,91.0,4.0,1.0,Research Scientist,3.0,Married,2451.0,Upto 5k,22376.0,6.0,Y,No,18.0,0.18,3.0,1.0,80,1,0.28213604750521415
RM1128,23.0,18-25,No,Travel Rarely,977.0,Research & Development,10.0,3.0,Technical Degree,1.0,1592,4.0,Male,45.0,4.0,1.0,Research Scientist,3.0,Married,2073.0,Upto 5k,12826.0,2.0,Y,No,16.0,0.16,3.0,4.0,80,3,0.20865317729593702
RM1433,37.0,36-45,No,Travel Rarely,161.0,Research & Development,10.0,3.0,Life Science,1.0,2017,3.0,Female,42.0,4.0,3.0,Research Director,4.0,Married,13744.0,10k-15k,15471.0,1.0,Y,Yes,25.0,0.25,4.0,1.0,80,0,0.07084394418068946
RM971,27.0,26-35,No,Travel Rarely,1291.0,Sales,11.0,3.0,Medical,1.0,1364,3.0,Female,98.0,4.0,1.0,Sales Representative,4.0,Married,2534.0,Upto 5k,6527.0,8.0,Y,No,14.0,0.14,3.0,2.0,80,1,0.17109517072333857
RM371,21.0,18-25,Yes,Travel Rarely,156.0,Sales,12.0,3.0,Life Science,1.0,494,3.0,Female,90.0,4.0,1.0,Sales Representative,2.0,Single,2716.0,Upto 5k,25422.0,1.0,Y,No,15.0,0.15,3.0,4.0,80,3,0.7133219340147915
RM1288,42.0,36-45,No,Travel Rarely,1128.0,Research & Development,13.0,3.0,Medical,1.0,1803,2.0,Male,95.0,4.0,2.0,Healthcare Representative,1.0,Married,5538.0,5k-10k,5696.0,5.0,Y,No,18.0,0.18,3.0,3.0,80,1,0.17897966751856978
RM1260,30.0,26-35,No,Travel Rarely,305.0,Research & Development,16.0,3.0,Life Science,1.0,1763,3.0,Male,58.0,4.0,2.0,Healthcare Representative,3.0,Married,5294.0,5k-10k,9128.0,3.0,Y,No,16.0,0.16,3.0,3.0,80,3,0.2182343384354916
RM011,35.0,26-35,No,Travel Rarely,809.0,Research & Development,16.0,3.0,Medical,1.0,14,1.0,Male,84.0,4.0,1.0,Laboratory Technician,2.0,Married,2426.0,Upto 5k,16479.0,0.0,Y,No,13.0,0.13,3.0,3.0,80,3,0.28698308918619136
RM379,34.0,26-35,Yes,Non Travel,1362.0,Sales,19.0,3.0,Marketing,1.0,502,1.0,Male,67.0,4.0,2.0,Sales Executive,4.0,Single,5304.0,5k-10k,4652.0,8.0,Y,Yes,13.0,0.13,3.0,2.0,80,1,0.44889020238606253
RM548,42.0,36-45,Yes,Travel Frequently,933.0,Research & Development,19.0,3.0,Medical,1.0,752,3.0,Male,57.0,4.0,1.0,Research Scientist,3.0,Divorced,2759.0,Upto 5k,20366.0,6.0,Y,Yes,12.0,0.12,3.0,4.0,80,1,0.7057217719437716
RM819,31.0,26-35,No,Travel Frequently,793.0,Sales,20.0,3.0,Life Science,1.0,1135,3.0,Male,67.0,4.0,1.0,Sales Representative,4.0,Married,2791.0,Upto 5k,21981.0,0.0,Y,No,12.0,0.12,3.0,1.0,80,3,0.2267423539863393
RM907,34.0,26-35,No,Travel Rarely,1320.0,Research & Development,20.0,3.0,Technical Degree,1.0,1265,3.0,Female,89.0,4.0,1.0,Research Scientist,3.0,Married,2585.0,Upto 5k,21643.0,0.0,Y,No,17.0,0.17,3.0,4.0,80,0,0.20205714683979184
RM877,20.0,18-25,No,Travel Rarely,654.0,Sales,21.0,3.0,Marketing,1.0,1226,3.0,Male,43.0,4.0,1.0,Sales Representative,4.0,Single,2678.0,Upto 5k,5050.0,1.0,Y,No,17.0,0.17,3.0,4.0,80,0,0.3960831048588637
RM1211,33.0,26-35,No,Travel Rarely,267.0,Research & Development,21.0,3.0,Medical,1.0,1698,2.0,Male,79.0,4.0,1.0,Laboratory Technician,2.0,Married,2028.0,Upto 5k,13637.0,1.0,Y,No,18.0,0.18,3.0,4.0,80,0,0.25885331322677646
RM196,37.0,36-45,No,Travel Rarely,290.0,Research & Development,21.0,3.0,Life Science,1.0,267,2.0,Male,65.0,4.0,1.0,Research Scientist,1.0,Married,3564.0,Upto 5k,22977.0,1.0,Y,Yes,12.0,0.12,3.0,1.0,80,3,0.3359410926283363
RM277,35.0,26-35,No,Travel Rarely,1315.0,Research & Development,22.0,3.0,Life Science,1.0,381,2.0,Female,71.0,4.0,3.0,Manager,2.0,Divorced,11996.0,10k-15k,19100.0,7.0,Y,No,18.0,0.18,3.0,2.0,80,1,0.0968355167741888
RM475,24.0,18-25,No,Travel Rarely,691.0,Research & Development,23.0,3.0,Medical,1.0,639,2.0,Male,89.0,4.0,1.0,Research Scientist,4.0,Married,2725.0,Upto 5k,21630.0,1.0,Y,Yes,11.0,0.11,3.0,2.0,80,3,0.33843420159662246
RM1366,29.0,26-35,Yes,Travel Frequently,746.0,Sales,24.0,3.0,Technical Degree,1.0,1928,3.0,Male,45.0,4.0,1.0,Sales Representative,1.0,Single,1091.0,Upto 5k,10642.0,1.0,Y,No,17.0,0.17,3.0,4.0,80,3,0.745751960722292
RM707,40.0,36-45,Yes,Non Travel,1479.0,Sales,24.0,3.0,Life Science,1.0,986,2.0,Female,100.0,4.0,4.0,Sales Executive,2.0,Single,13194.0,10k-15k,17071.0,4.0,Y,Yes,16.0,0.16,3.0,4.0,80,2,0.6766810057446379
RM910,19.0,18-25,No,Travel Rarely,265.0,Research & Development,25.0,3.0,Life Science,1.0,1269,2.0,Female,57.0,4.0,1.0,Research Scientist,4.0,Single,2994.0,Upto 5k,21221.0,1.0,Y,Yes,12.0,0.12,3.0,4.0,80,3,0.3359795736876963
RM113,54.0,46-55,No,Non Travel,142.0,Human Resources,26.0,3.0,Human Resources,1.0,148,4.0,Female,30.0,4.0,4.0,Manager,4.0,Single,17328.0,15k+,13871.0,2.0,Y,Yes,12.0,0.12,3.0,3.0,80,2,0.031562558163804724
RM1134,43.0,36-45,No,Travel Rarely,990.0,Research & Development,27.0,3.0,Technical Degree,1.0,1599,4.0,Male,87.0,4.0,1.0,Laboratory Technician,2.0,Divorced,4876.0,Upto 5k,5855.0,5.0,Y,No,12.0,0.12,3.0,3.0,80,1,0.13567532329531343
RM1131,35.0,26-35,No,Travel Rarely,750.0,Research & Development,28.0,3.0,Life Science,1.0,1596,2.0,Male,46.0,4.0,2.0,Laboratory Technician,3.0,Married,3407.0,Upto 5k,25348.0,1.0,Y,No,17.0,0.17,3.0,4.0,80,0,0.14828798277780944
RM131,43.0,36-45,No,Travel Frequently,957.0,Research & Development,28.0,3.0,Medical,1.0,171,2.0,Female,72.0,4.0,1.0,Research Scientist,3.0,Single,4739.0,Upto 5k,16090.0,4.0,Y,No,12.0,0.12,3.0,4.0,80,1,0.19394664691474384
RM751,44.0,36-45,No,Travel Rarely,1448.0,Sales,28.0,3.0,Medical,1.0,1039,4.0,Female,53.0,4.0,4.0,Sales Executive,4.0,Married,13320.0,10k-15k,11737.0,3.0,Y,Yes,18.0,0.18,3.0,3.0,80,2,0.12018044019857534
RM716,33.0,26-35,No,Travel Frequently,827.0,Research & Development,1.0,4.0,Other,1.0,998,3.0,Female,84.0,4.0,2.0,Healthcare Representative,2.0,Married,5488.0,5k-10k,20161.0,1.0,Y,Yes,13.0,0.13,3.0,1.0,80,3,0.14754277340979005
RM575,34.0,26-35,No,Travel Rarely,182.0,Research & Development,1.0,4.0,Life Science,1.0,797,2.0,Female,72.0,4.0,1.0,Research Scientist,4.0,Single,3280.0,Upto 5k,13551.0,2.0,Y,No,16.0,0.16,3.0,3.0,80,3,0.14289431069106814
RM758,34.0,26-35,No,Travel Rarely,216.0,Sales,1.0,4.0,Marketing,1.0,1047,2.0,Male,75.0,4.0,2.0,Sales Executive,4.0,Divorced,9725.0,5k-10k,12278.0,0.0,Y,No,11.0,0.11,3.0,4.0,80,3,0.14697938425422286
RM597,35.0,26-35,No,Travel Rarely,1258.0,Research & Development,1.0,4.0,Life Science,1.0,826,4.0,Female,40.0,4.0,1.0,Research Scientist,3.0,Single,2506.0,Upto 5k,13301.0,3.0,Y,No,13.0,0.13,3.0,3.0,80,3,0.18433877909223323
RM530,38.0,36-45,No,Travel Rarely,827.0,Research & Development,1.0,4.0,Life Science,1.0,724,2.0,Female,33.0,4.0,2.0,Healthcare Representative,4.0,Single,7625.0,5k-10k,19383.0,0.0,Y,No,13.0,0.13,3.0,3.0,80,3,0.0486885163545631
RM1353,44.0,36-45,No,Travel Rarely,170.0,Research & Development,1.0,4.0,Life Science,1.0,1903,2.0,Male,78.0,4.0,2.0,Healthcare Representative,1.0,Married,5033.0,5k-10k,9364.0,2.0,Y,No,15.0,0.15,3.0,4.0,80,1,0.13732142343279116
RM1136,46.0,46-55,No,Travel Rarely,563.0,Sales,1.0,4.0,Life Science,1.0,1602,4.0,Male,56.0,4.0,4.0,Manager,1.0,Single,17567.0,15k+,3156.0,1.0,Y,No,15.0,0.15,3.0,2.0,80,2,0.11197580431495145
RM805,48.0,46-55,No,Non Travel,1262.0,Research & Development,1.0,4.0,Medical,1.0,1116,1.0,Male,35.0,4.0,4.0,Manager,4.0,Single,16885.0,15k+,16154.0,2.0,Y,No,22.0,0.22,4.0,3.0,80,2,0.0787282830429596
RM1011,55.0,46-55,No,Travel Rarely,1136.0,Research & Development,1.0,4.0,Medical,1.0,1424,2.0,Male,81.0,4.0,4.0,Research Director,4.0,Divorced,14732.0,10k-15k,12414.0,2.0,Y,No,13.0,0.13,3.0,4.0,80,2,0.060416843135558576
RM323,32.0,26-35,No,Travel Rarely,1018.0,Research & Development,2.0,4.0,Medical,1.0,439,1.0,Female,74.0,4.0,2.0,Research Scientist,4.0,Single,5055.0,5k-10k,10557.0,7.0,Y,No,16.0,0.16,3.0,3.0,80,1,0.23776766272225586
RM1253,34.0,26-35,No,Travel Rarely,181.0,Research & Development,2.0,4.0,Medical,1.0,1755,4.0,Male,97.0,4.0,1.0,Research Scientist,4.0,Married,2932.0,Upto 5k,5586.0,0.0,Y,Yes,14.0,0.14,3.0,1.0,80,3,0.17127167994301076
RM579,38.0,36-45,No,Travel Frequently,240.0,Research & Development,2.0,4.0,Life Science,1.0,803,1.0,Female,75.0,4.0,2.0,Manufacturing Director,1.0,Single,5980.0,5k-10k,26085.0,6.0,Y,Yes,12.0,0.12,3.0,4.0,80,1,0.2008963244584855
RM1195,47.0,46-55,No,Travel Rarely,1225.0,Sales,2.0,4.0,Life Science,1.0,1676,2.0,Female,47.0,4.0,4.0,Manager,2.0,Divorced,15972.0,15k+,21086.0,6.0,Y,No,14.0,0.14,3.0,3.0,80,2,0.04239958743047063
RM844,26.0,26-35,No,Travel Rarely,1384.0,Research & Development,3.0,4.0,Medical,1.0,1177,1.0,Male,82.0,4.0,1.0,Laboratory Technician,4.0,Married,4420.0,Upto 5k,13421.0,1.0,Y,No,22.0,0.22,4.0,2.0,80,0,0.13134881432088083
RM1140,32.0,26-35,No,Travel Rarely,634.0,Research & Development,5.0,4.0,Other,1.0,1607,2.0,Female,35.0,4.0,1.0,Research Scientist,4.0,Married,3312.0,Upto 5k,18783.0,3.0,Y,No,17.0,0.17,3.0,4.0,80,0,0.14469634783537536
RM485,31.0,26-35,No,Travel Rarely,525.0,Sales,6.0,4.0,Medical,1.0,653,1.0,Male,66.0,4.0,2.0,Sales Executive,4.0,Divorced,5460.0,5k-10k,6219.0,4.0,Y,No,22.0,0.22,4.0,4.0,80,0,0.15014155234625998
RM1129,36.0,36-45,No,Travel Frequently,1302.0,Research & Development,6.0,4.0,Life Science,1.0,1594,1.0,Male,80.0,4.0,2.0,Laboratory Technician,1.0,Married,5562.0,5k-10k,19711.0,3.0,Y,Yes,13.0,0.13,3.0,4.0,80,1,0.19384897127550238
RM926,42.0,36-45,No,Travel Rarely,603.0,Research & Development,7.0,4.0,Medical,1.0,1292,2.0,Female,78.0,4.0,2.0,Research Scientist,2.0,Married,2372.0,Upto 5k,5628.0,6.0,Y,Yes,16.0,0.16,3.0,4.0,80,1,0.3081712097061923
RM250,45.0,36-45,No,Travel Frequently,1199.0,Research & Development,7.0,4.0,Life Science,1.0,341,1.0,Male,77.0,4.0,2.0,Manufacturing Director,3.0,Married,6434.0,5k-10k,5118.0,4.0,Y,No,17.0,0.17,3.0,4.0,80,1,0.09828917520953709
RM880,60.0,55+,No,Travel Rarely,696.0,Sales,7.0,4.0,Marketing,1.0,1233,2.0,Male,52.0,4.0,2.0,Sales Executive,4.0,Divorced,5220.0,5k-10k,10893.0,0.0,Y,Yes,18.0,0.18,3.0,2.0,80,0,0.2661582650048571
RM1283,33.0,26-35,No,Travel Rarely,867.0,Research & Development,8.0,4.0,Life Science,1.0,1798,4.0,Male,90.0,4.0,1.0,Research Scientist,1.0,Married,3143.0,Upto 5k,6076.0,6.0,Y,No,19.0,0.19,3.0,2.0,80,1,0.2587861895591939
RM632,44.0,36-45,No,Travel Rarely,986.0,Research & Development,8.0,4.0,Life Science,1.0,874,1.0,Male,62.0,4.0,1.0,Laboratory Technician,4.0,Married,2818.0,Upto 5k,5044.0,2.0,Y,Yes,24.0,0.24,4.0,3.0,80,0,0.39929227667314426
RM1384,36.0,36-45,No,Non Travel,1351.0,Research & Development,9.0,4.0,Life Science,1.0,1949,1.0,Male,66.0,4.0,1.0,Laboratory Technician,2.0,Married,2810.0,Upto 5k,9238.0,1.0,Y,No,22.0,0.22,4.0,2.0,80,0,0.11896889376812456
RM1147,34.0,26-35,No,Travel Frequently,426.0,Research & Development,10.0,4.0,Life Science,1.0,1615,3.0,Male,42.0,4.0,2.0,Manufacturing Director,4.0,Divorced,4724.0,Upto 5k,17000.0,1.0,Y,No,13.0,0.13,3.0,1.0,80,3,0.13017169662458386
RM362,40.0,36-45,No,Travel Rarely,1171.0,Research & Development,10.0,4.0,Life Science,1.0,483,4.0,Female,46.0,4.0,1.0,Laboratory Technician,3.0,Married,2213.0,Upto 5k,22495.0,3.0,Y,Yes,13.0,0.13,3.0,3.0,80,3,0.38002040914151003
RM470,32.0,26-35,Yes,Non Travel,1474.0,Sales,11.0,4.0,Other,1.0,631,4.0,Male,60.0,4.0,2.0,Sales Executive,3.0,Married,4707.0,Upto 5k,23914.0,8.0,Y,No,12.0,0.12,3.0,4.0,80,1,0.5733690557364596
RM976,55.0,46-55,Yes,Travel Rarely,267.0,Sales,13.0,4.0,Marketing,1.0,1372,1.0,Male,85.0,4.0,4.0,Sales Executive,3.0,Single,13695.0,10k-15k,9277.0,6.0,Y,Yes,17.0,0.17,3.0,3.0,80,2,0.3852222998561193
RM188,55.0,46-55,No,Travel Rarely,692.0,Research & Development,14.0,4.0,Medical,1.0,254,3.0,Male,61.0,4.0,5.0,Research Director,2.0,Single,18722.0,15k+,13339.0,8.0,Y,No,11.0,0.11,3.0,4.0,80,2,0.07160157096016499
RM753,36.0,36-45,Yes,Travel Rarely,885.0,Research & Development,16.0,4.0,Life Science,1.0,1042,3.0,Female,43.0,4.0,1.0,Laboratory Technician,1.0,Single,2743.0,Upto 5k,8269.0,1.0,Y,No,16.0,0.16,3.0,3.0,80,3,0.3172926234168757
RM708,47.0,46-55,No,Travel Frequently,1379.0,Research & Development,16.0,4.0,Medical,1.0,987,3.0,Male,64.0,4.0,2.0,Manufacturing Director,3.0,Divorced,5067.0,5k-10k,6759.0,1.0,Y,Yes,19.0,0.19,3.0,3.0,80,0,0.12316297124169708
RM299,36.0,36-45,No,Travel Frequently,566.0,Research & Development,18.0,4.0,Life Science,1.0,407,3.0,Male,81.0,4.0,1.0,Laboratory Technician,4.0,Married,3688.0,Upto 5k,7122.0,4.0,Y,No,18.0,0.18,3.0,4.0,80,0,0.19701328124193804
RM016,29.0,26-35,No,Travel Rarely,1389.0,Research & Development,21.0,4.0,Life Science,1.0,20,2.0,Female,51.0,4.0,3.0,Manufacturing Director,1.0,Divorced,9980.0,5k-10k,10195.0,1.0,Y,No,11.0,0.11,3.0,3.0,80,3,0.17066004959093822
RM463,34.0,26-35,No,Travel Rarely,258.0,Sales,21.0,4.0,Life Science,1.0,621,4.0,Male,74.0,4.0,2.0,Sales Executive,4.0,Single,5337.0,5k-10k,19921.0,1.0,Y,No,12.0,0.12,3.0,4.0,80,3,0.19255643280615836
RM1204,53.0,46-55,No,Travel Rarely,1395.0,Research & Development,24.0,4.0,Medical,1.0,1689,2.0,Male,48.0,4.0,3.0,Healthcare Representative,4.0,Married,7005.0,5k-10k,3458.0,3.0,Y,No,15.0,0.15,3.0,3.0,80,2,0.11692615524693023
RM1402,55.0,46-55,No,Travel Rarely,189.0,Human Resources,26.0,4.0,Human Resources,1.0,1973,3.0,Male,71.0,4.0,5.0,Manager,2.0,Married,19636.0,15k+,25811.0,4.0,Y,Yes,18.0,0.18,3.0,1.0,80,2,0.06632309883191884
RM1034,31.0,26-35,Yes,Travel Frequently,1445.0,Research & Development,1.0,5.0,Life Science,1.0,1459,3.0,Female,100.0,4.0,3.0,Manufacturing Director,2.0,Single,7446.0,5k-10k,8931.0,1.0,Y,No,11.0,0.11,3.0,1.0,80,3,0.6077960982591427
RM456,33.0,26-35,No,Travel Rarely,922.0,Research & Development,1.0,5.0,Medical,1.0,612,1.0,Female,95.0,4.0,4.0,Research Director,3.0,Divorced,16184.0,15k+,22578.0,4.0,Y,No,19.0,0.19,3.0,3.0,80,2,0.06320343201875885
RM706,39.0,36-45,No,Travel Rarely,903.0,Sales,2.0,5.0,Life Science,1.0,985,1.0,Male,41.0,4.0,3.0,Sales Executive,3.0,Single,7880.0,5k-10k,2560.0,0.0,Y,No,18.0,0.18,3.0,4.0,80,0,0.13706455307466348
RM879,42.0,36-45,No,Non Travel,179.0,Human Resources,2.0,5.0,Medical,1.0,1231,4.0,Male,79.0,4.0,2.0,Human Resources,1.0,Married,6272.0,5k-10k,12858.0,7.0,Y,No,16.0,0.16,3.0,1.0,80,1,0.12374454891191473
RM1029,41.0,36-45,No,Travel Rarely,1283.0,Research & Development,5.0,5.0,Medical,1.0,1448,2.0,Male,90.0,4.0,1.0,Research Scientist,3.0,Married,2127.0,Upto 5k,5561.0,2.0,Y,Yes,12.0,0.12,3.0,1.0,80,3,0.44329197083405847
RM909,33.0,26-35,No,Travel Rarely,536.0,Sales,10.0,5.0,Marketing,1.0,1268,4.0,Male,82.0,4.0,3.0,Sales Executive,3.0,Divorced,8380.0,5k-10k,21708.0,0.0,Y,Yes,14.0,0.14,3.0,4.0,80,3,0.2009716394996942
RM1313,31.0,26-35,Yes,Travel Rarely,359.0,Human Resources,18.0,5.0,Human Resources,1.0,1842,4.0,Male,89.0,4.0,1.0,Human Resources,1.0,Married,2956.0,Upto 5k,21495.0,0.0,Y,No,17.0,0.17,3.0,3.0,80,3,0.5978323582702105
RM1151,35.0,26-35,No,Travel Rarely,819.0,Research & Development,18.0,5.0,Life Science,1.0,1621,2.0,Male,48.0,4.0,2.0,Research Scientist,1.0,Married,5208.0,5k-10k,26312.0,1.0,Y,No,11.0,0.11,3.0,4.0,80,3,0.18546992445047508
